presence,retailers,type,name,brand,min_price,max_price,sample_url
4,Jumbo; Día; ChangoMás; Winery,tinto,Vino Tinto álamos Selección Malbec 750 Cc,ALAMOS,0,12929,https://www.jumbo.com.ar/vino-tinto-alamos-seleccion-malbec-750-cc/p
3,Jumbo; Día; ChangoMás,blanco,Vino Blanco Chardonnay 750 Cc Estiba I,ESTIBA I,7200,7290,https://www.jumbo.com.ar/vino-blanco-estiba-chardonnay-750-cc/p
3,Jumbo; Día; ChangoMás,blanco,Vino Blanco Dulce Chenin Blanc 750 Cc Santa Julia,SANTA JULIA,6756,8749,https://www.jumbo.com.ar/vino-chenin-dulce-natural-santa-julia-3/p
3,Jumbo; Día; ChangoMás,blanco,Vino Blanco Torrontés 750 Cc Cafayate,CAFAYATE,5879,15400,https://www.jumbo.com.ar/vino-cafayate-terroir-de-altura-torrontes-750cc/p
3,Jumbo; Día; ChangoMás,blanco,Vino Blanco Torrontés 750 Cc Elementos,ELEMENTOS,5990,7200,https://www.jumbo.com.ar/vino-blanco-elementos-torrontes-750-cc-2/p
3,Jumbo; Día; ChangoMás,blanco,Vino Dulce Chenin y Chardonnay 750 Cc Estancia Mendoza,ESTANCIA MENDOZA,4100,4250,https://www.jumbo.com.ar/vino-chardonnay-dulce-chening-estancia-mendoza/p
3,Jumbo; Día; ChangoMás,blanco,Vino Marlo Blanco Dulce 750cc,MARLO,4600,4990,https://www.jumbo.com.ar/vino-marlo-blanco-dulce-750cc/p
3,Jumbo; Día; ChangoMás,espumoso,Espumante Emilia Extra Brut 750 Cc,EMILIA,12060,13100,https://www.jumbo.com.ar/espumante-emilia-extra-brut-750cc/p
3,Jumbo; Día; ChangoMás,espumoso,Espumante Nieto Senetiner Extra Brut 750cc,NIETO & SENETINER,15578,21000,https://www.jumbo.com.ar/espumante-nieto-senetiner-extra-brut-750cc/p
3,Jumbo; Día; ChangoMás,espumoso,Espumante Salentein Brut Nature 1500 Cc,SALENTEIN,13990,39700,https://www.jumbo.com.ar/espumante-salentein-brut-nature-magnum-1500cc/p
3,Jumbo; Día; ChangoMás,rosado,Vino Rose Auténtico 750 Ml Finca Natalina,FINCA NATALINA,4929,5200,https://www.jumbo.com.ar/vino-rose-autentico-750-ml-finca-natalina/p
3,Jumbo; Día; ChangoMás,tinto,Canciller Reserva Cabernet Sauvignon,CANCILLER,2323,4170,https://www.jumbo.com.ar/canciller-reserva-cabernet-sauvignon/p
3,Jumbo; Día; ChangoMás,tinto,Vino Artesano Malbec Orgánico,ARTESANO,5534,11200,https://www.jumbo.com.ar/vino-artesano-malbec-organico/p
3,Jumbo; ChangoMás; Winery,tinto,Vino Bonarda 750 Cc El Enemigo,EL ENEMIGO,0,33850,https://www.jumbo.com.ar/vino-bonarda-750-cc-el-enemigo/p
3,Jumbo; Día; ChangoMás,tinto,Vino Cafayate Cabernet Sauvignon 750 Ml,CAFAYATE,5879,6100,https://www.jumbo.com.ar/vino-cabernet-sauvignon-750-cc-cafayate/p
3,Jumbo; Día; ChangoMás,tinto,Vino Chacabuco Cabernet Sauvignon 750cc,CHACABUCO,3990,5309,https://www.jumbo.com.ar/vino-chacabuco-cabernet-sauvignon-750cc-2/p
3,Jumbo; Día; ChangoMás,tinto,Vino Cosecha Tardia Tinto Botella 750 Ml,NORTON,1450,5999,https://www.jumbo.com.ar/vino-cosecha-tardia-tinto-botella-750-ml/p
3,Jumbo; Día; ChangoMás,tinto,Vino Don Valentin Lacrado Tinto 1000cc,DON VALENTIN,1950,4920,https://www.jumbo.com.ar/vino-don-valentin-lacrado-tinto-1000cc/p
3,Jumbo; Día; ChangoMás,tinto,Vino Finca Magnolia Malbec 750cc,Finca Magnolia,3990,6050,https://www.jumbo.com.ar/vino-finca-magnolia-malbec-750cc/p
3,Jumbo; Día; ChangoMás,tinto,Vino La Celia Reserva Malbec 750cc,LA CELIA,10790,14749,https://www.jumbo.com.ar/vino-la-celia-reserva-malbec-750cc-2/p
3,Jumbo; Día; ChangoMás,tinto,Vino Malbec Auténtico 750 Ml Finca Natalina,FINCA NATALINA,4929,5350,https://www.jumbo.com.ar/vino-malbec-autentico-750-ml-finca-natalina/p
3,Día; ChangoMás; Winery,tinto,Vino Malbec Cabernet DV Catena 750 Ml.,DV CATENA,0,31469,https://diaonline.supermercadosdia.com.ar/vino-malbec-cabernet-dv-catena-750-ml-299892/p
3,Jumbo; Día; ChangoMás,tinto,Vino Malbec Juan de Juana,JUAN DE JUANA,4400,4495,https://www.jumbo.com.ar/vino-juan-de-juana-malbec-750-cc/p
3,Jumbo; Día; ChangoMás,tinto,Vino Norton Malbec 750 Ml Select,SELECT,8039,9885,https://www.jumbo.com.ar/vino-norton-malbec-750-ml-select/p
3,Jumbo; Día; ChangoMás,tinto,Vino Omnium Merlot 750cc,OMNIUM,30,6399,https://www.jumbo.com.ar/vino-omnium-merlot-750cc/p
3,Jumbo; Día; ChangoMás,tinto,Vino Reserva Pinot Noir 750 Ml Las Perdices,LAS PERDICES,9990,18100,https://www.jumbo.com.ar/vino-reserva-pinot-noir-750-ml-las-perdices/p
3,Jumbo; Día; ChangoMás,tinto,Vino Rosado Malbec 750 Cc Los Haroldos,LOS HAROLDOS,27,8079,https://www.jumbo.com.ar/vino-los-haroldos-malbec-rose-x-750cc/p
3,Jumbo; Día; ChangoMás,tinto,Vino Sexy Fish Malbec,SEXY FISH,6389,8440,https://www.jumbo.com.ar/vino-sexy-fish-malbec/p
3,Jumbo; Día; ChangoMás,tinto,Vino Tinto 700 Cc Resero,RESERO,2430,2546,https://www.jumbo.com.ar/vino-resero-tinto-700cc/p
3,Jumbo; Día; ChangoMás,tinto,Vino Tinto Blend 1125 Cc Canciller,CANCILLER,3412,4300,https://www.jumbo.com.ar/vino-canciller-blend-tinto-1125cc/p
3,Jumbo; Día; ChangoMás,tinto,Vino Tinto Blend de Enólogo 750 Cc Estancia Mendoza,ESTANCIA MENDOZA,3250,4110,https://www.jumbo.com.ar/vino-tinto-estancia-mendoza-blend-de-enologo/p
3,Jumbo; Día; ChangoMás,tinto,Vino Tinto Bonarda 750 Cc Nieto Senetiner,NIETO & SENETINER,9990,12750,https://www.jumbo.com.ar/vino-patrimonial-bonarda-750cc-nieto-senetiner/p
3,Jumbo; Día; ChangoMás,tinto,Vino Tinto Cabernet Sauvignon 2019 750 Cc Lopez,LOPEZ,4690,6850,https://www.jumbo.com.ar/vino-tinto-lopez-cabernet/p
3,Jumbo; Día; ChangoMás,tinto,Vino Tinto Cabernet Sauvignon 750 Cc El Cazador,EL CAZADOR,6416,6700,https://www.jumbo.com.ar/vino-cabernet-sauvignon-x-750-cc-el-cazador/p
3,Jumbo; Día; ChangoMás,tinto,Vino Tinto Cabernet Sauvignon 750 Cc Suter,SUTER,3990,5100,https://www.jumbo.com.ar/vino-tinto-cabernet-sauvignon-suter-750-cc/p
3,Jumbo; Día; ChangoMás,tinto,Vino Tinto Cabernet Sauvignon 750 Ml Novecento,NOVECENTO,5100,5100,https://www.jumbo.com.ar/vino-novecento-cabernet-sauvignon-botella-750mlx1-2/p
3,Jumbo; Día; ChangoMás,tinto,Vino Tinto Cabernet Sauvignon 750 Ml Ruca Malen,RUCA MALEN,9990,11650,https://www.jumbo.com.ar/vino-ruca-malen-capitulo-uno-cabernet-sauvignon-750/p
3,Jumbo; Día; ChangoMás,tinto,Vino Tinto Cabernet Sauvignon 750 Ml Salentein,SALENTEIN,12990,15250,https://www.jumbo.com.ar/vino-salentein-reserve-cabernet-sauvignon/p
3,Jumbo; Día; ChangoMás,tinto,Vino Tinto Cosecha Tardía Dulce 750 Cc Norton,NORTON,5490,6100,https://www.jumbo.com.ar/vino-tinto-750-ml-cosecha-tardia/p
3,Jumbo; Día; ChangoMás,tinto,Vino Tinto Criolla 750 Cc Callia,CALLIA,5990,6650,https://www.jumbo.com.ar/vino-x-750-cc-callia-criolla/p
3,Jumbo; Día; ChangoMás,tinto,Vino Tinto Dulce 750 Cc Colon,COLON,5290,7100,https://www.jumbo.com.ar/vino-colon-selecto-tinto-dulce-750cc/p
3,Jumbo; Día; ChangoMás,tinto,Vino Tinto Dulce 750 Ml Santa Julia,SANTA JULIA,8749,9000,https://www.jumbo.com.ar/vino-tinto-dulce-750-ml-santa-julia/p
3,Jumbo; Día; ChangoMás,tinto,Vino Tinto Malbec 1125 Cc Nampe,NAMPE,3490,5350,https://www.jumbo.com.ar/vino-nampe-malbec-1125cc-2/p
3,Jumbo; Día; ChangoMás,tinto,Vino Tinto Malbec 750 Cc Alma Mora,ALMA MORA,6190,7750,https://www.jumbo.com.ar/vino-alma-mora-malbec-750cc/p
3,Jumbo; ChangoMás; Winery,tinto,Vino Tinto Malbec 750 Cc Angelica Zapata,ANGELICA ZAPATA,0,46150,https://www.jumbo.com.ar/vino-tinto-angelica-zapata-malbec-750-cc/p
3,Jumbo; Día; ChangoMás,tinto,Vino Tinto Malbec 750 Cc Benjamin Nieto Senetiner,BENJAMIN,5490,6350,https://www.jumbo.com.ar/vino-malbec-750-ml-benjamin/p
3,Jumbo; Día; ChangoMás,tinto,Vino Tinto Malbec 750 Cc Dilema,WEINERT,5299,5600,https://www.jumbo.com.ar/vino-malbec-750-ml-dilema/p
3,Jumbo; Día; ChangoMás,tinto,Vino Tinto Malbec 750 Cc Don David,DON DAVID,9790,11500,https://www.jumbo.com.ar/vino-tinto-don-david-malbec-750-cc/p
3,Jumbo; Día; ChangoMás,tinto,Vino Tinto Malbec 750 Cc Don Nicanor,DON NICANOR,16990,25500,https://www.jumbo.com.ar/vino-don-nicanor-bs-malbec-x-750-cc/p
3,Jumbo; Día; ChangoMás,tinto,Vino Tinto Malbec 750 Cc El Bautismo,EL BAUTISMO,4990,6800,https://www.jumbo.com.ar/vino-el-bautismo-malbec-750-cc/p
3,Jumbo; Día; ChangoMás,tinto,Vino Tinto Malbec 750 Cc Elementos,ELEMENTOS,5990,7250,https://www.jumbo.com.ar/vino-tinto-elementos-malbec-750-cc/p
3,Jumbo; Día; ChangoMás,tinto,Vino Tinto Malbec 750 Cc Estancia Mendoza,ESTANCIA MENDOZA,4099,4400,https://www.jumbo.com.ar/vino-estancia-mendoza-malbec-750cc/p
3,Jumbo; Día; ChangoMás,tinto,Vino Tinto Malbec 750 Cc Eugenio Bustos,EUGENIO BUSTOS,7050,7309,https://www.jumbo.com.ar/vino-eugenio-bustos-malbec-750-cc/p
3,Jumbo; Día; ChangoMás,tinto,Vino Tinto Malbec 750 Cc Fond de Cave,FOND DE CAVE,11400,14249,https://www.jumbo.com.ar/vino-tinto-malbece-x-750-cc-fond-de-cave/p
3,Jumbo; Día; ChangoMás,tinto,Vino Tinto Malbec 750 Cc Killka,KILLKA,7990,10400,https://www.jumbo.com.ar/vino-malbec-750-cc-killka/p
3,Jumbo; Día; ChangoMás,tinto,Vino Tinto Malbec 750 Cc Los Árboles,LOS ARBOLES,5310,6800,https://www.jumbo.com.ar/vino-tinto-los-arboles-seleccion-malbec-750-cc/p
3,Jumbo; Día; ChangoMás,tinto,Vino Tinto Malbec 750 Cc Marques del Sur,MARQUES DEL SUR,3500,3760,https://www.jumbo.com.ar/vino-marques-del-sur-malbec-750cc/p
3,Jumbo; Día; ChangoMás,tinto,Vino Tinto Malbec 750 Cc Navarro Correas,NAVARRO CORREAS,8990,14600,https://www.jumbo.com.ar/vino-tinto-reserva-malbec-750-cc-navarro-correas/p
3,Jumbo; Día; ChangoMás,tinto,Vino Tinto Malbec 750 Cc Partridge,LAS PERDICES,6990,8049,https://www.jumbo.com.ar/vino-malbec-partridge-750cc/p
3,Jumbo; Día; ChangoMás,tinto,Vino Tinto Malbec 750 Cc Putruele,PUTRUELE,6749,7300,https://www.jumbo.com.ar/vino-putruele-malbec-estate-750cc/p
3,Jumbo; Día; ChangoMás,tinto,Vino Tinto Malbec 750 Cc Saint Felicien,SAINT FELICIEN,12290,17200,https://www.jumbo.com.ar/vino-tinto-saint-felicien-malbec-750-cc/p
3,Jumbo; Día; ChangoMás,tinto,Vino Tinto Malbec 750 Cc San Telmo,SAN TELMO,3990,5150,https://www.jumbo.com.ar/vino-tinto-san-telmo-malbec-750-cc/p
3,Jumbo; Día; ChangoMás,tinto,Vino Tinto Malbec 750 Cc Trapiche,TRAPICHE,9390,12650,https://www.jumbo.com.ar/vino-trapiche-reserva-malbec-750cc/p
3,Jumbo; Día; ChangoMás,tinto,Vino Tinto Malbec 750 Ml Cordero con Piel de Lobo,CORDERO CON PIEL DE LOBO,5390,6607,https://www.jumbo.com.ar/vino-malbec-750-ml-cordero-con-piel-de-lobo/p
3,Jumbo; Día; ChangoMás,tinto,Vino Tinto Malbec 750 Ml Finca Las Moras,LAS MORAS,4590,5550,https://www.jumbo.com.ar/vino-tinto-las-moras-malbec-750-cc/p
3,Jumbo; Día; ChangoMás,tinto,Vino Tinto Malbec 750 Ml Los Intocables,LOS INTOCABLES,10990,13750,https://www.jumbo.com.ar/vino-los-intocables-malbec-750ml-2/p
3,Jumbo; Día; ChangoMás,tinto,Vino Tinto Malbec 750 Ml Origen Trapiche,TRAPICHE,8139,8650,https://www.jumbo.com.ar/vino-malbec-750-ml-origen/p
3,Jumbo; Día; ChangoMás,tinto,Vino Tinto Malbec 750 Ml Perro Callejero,PERRO,7990,10000,https://www.jumbo.com.ar/vino-malbec-750-ml-perro-callejero/p
3,Jumbo; Día; ChangoMás,tinto,Vino Tinto Malbec 750 Ml Portillo,PORTILLO,5990,6799,https://www.jumbo.com.ar/vino-portillo-malbec-750-ml/p
3,Jumbo; Día; ChangoMás,tinto,Vino Tinto Malbec 750 Ml Signum,SIGNUM,5350,5490,https://www.jumbo.com.ar/vino-malbec-750-ml-signum/p
3,Jumbo; Día; ChangoMás,tinto,Vino Tinto Malbec Vasco Viejo,VASCO VIEJO,3650,6800,https://www.jumbo.com.ar/vino-vasco-viejo-tinto/p
3,Jumbo; Día; ChangoMás,tinto,Vino Tinto Merlot 750 Ml Norton,NORTON,8200,11779,https://www.jumbo.com.ar/vino-norton-select-merlot-750-ml/p
3,Jumbo; Día; ChangoMás,tinto,Vino Tinto Syrah 750 Cc Pascual Toso,PASCUAL TOSO,7990,34500,https://www.jumbo.com.ar/vino-gran-syrah-x-750-cc-pascual-toso/p
3,Jumbo; Día; ChangoMás,tinto,Vino Tinto Syrah y Malbec 750 Ml Callia,CALLIA,4990,7100,https://www.jumbo.com.ar/vino-callia-esperado-syrah-malbec-750-ml/p
3,Jumbo; Día; ChangoMás,tinto,Vino Toro Clasico Tinto 1125,ESTANCIA MENDOZA,990,2925,https://www.jumbo.com.ar/vino-toro-clasico-tinto-1125/p
3,Jumbo; Día; ChangoMás,tinto,Vino Wampa Malbec 750 - Botella 750 Cc,WAMPA,5465,5800,https://www.jumbo.com.ar/vino-wampa-malbec-750-botella-750-cc/p
2,Jumbo; ChangoMás,blanco,Estancia Mendoza Chardonnay Roble.,ESTANCIA MENDOZA,169,169,https://www.jumbo.com.ar/estancia-mendoza-chardonnay-roble/p
2,Jumbo; ChangoMás,blanco,Vino Argento Pinot Grigio,ARGENTO,82,82,https://www.jumbo.com.ar/vino-argento-pinot-grigio/p
2,Jumbo; ChangoMás,blanco,Vino Bianchi Chablis 700 Cc,BIANCHI,417,417,https://www.jumbo.com.ar/vino-bianchi-chablis-700-cc/p
2,Jumbo; ChangoMás,blanco,Vino Blanco Blanc de Blancs 750 Cc Durigutti,DURIGUTTI,17450,18600,https://www.jumbo.com.ar/vino-blanc-de-blancs-x-750-cc-durigutti/p
2,Jumbo; ChangoMás,blanco,Vino Blanco Blend Blanco 750 Cc Ventus,VENTUS,4449,8400,https://www.jumbo.com.ar/vino-ventus-blanco-750cc/p
2,Jumbo; ChangoMás,blanco,Vino Blanco Castel 700 Cc,CASTELL,230,230,https://www.jumbo.com.ar/vino-blanco-castel-700-cc/p
2,Jumbo; ChangoMás,blanco,Vino Blanco Chardonnay y Viognier 750 Cc Zuccardi,ZUCCARDI,17200,17200,https://www.jumbo.com.ar/vino-blanco-zuccardi-serie-a-chardonnay-viognier-750-cc/p
2,Jumbo; ChangoMás,blanco,Vino Blanco Chenin Dulce 750 Ml Cantus,CANTUS,4250,4250,https://www.jumbo.com.ar/vino-chenin-dulce-750-ml-cantus/p
2,Jumbo; ChangoMás,blanco,Vino Blanco Colón Torrontés 750 Cc,COLON,1302,1302,https://www.jumbo.com.ar/vino-blanco-colon-torrontes-750-cc/p
2,Jumbo; ChangoMás,blanco,Vino Blanco Don David Torrontés 750 Cc,DON DAVID,11229,11500,https://www.jumbo.com.ar/vino-blanco-don-david-torrontes-750-cc-2/p
2,Jumbo; ChangoMás,blanco,Vino Blanco Dulce Blend 750 Ml San Huberto,SAN HUBERTO,4200,4349,https://www.jumbo.com.ar/vino-san-huberto-blanco-dulce-natural/p
2,Jumbo; ChangoMás,blanco,Vino Blanco Dulce Natural 750 Cc López,LOPEZ,8400,8400,https://www.jumbo.com.ar/vino-blanco-dulce-natural-750-cc-lopez-2/p
2,Jumbo; ChangoMás,blanco,Vino Blanco Dulce Natural 750 Ml Finca Las Moras,LAS MORAS,5239,5500,https://www.jumbo.com.ar/vino-blanco-dulce-750-ml-finca-las-moras-2/p
2,Jumbo; ChangoMás,blanco,Vino Blanco Dulce Natural Sauvignon Blanc 750 Ml Portillo,PORTILLO,6950,6950,https://www.jumbo.com.ar/vino-portillo-dulce/p
2,Jumbo; ChangoMás,blanco,Vino Blanco Dulce Tardío Torrontés 750 Cc Cafayate,CAFAYATE,5879,6100,https://www.jumbo.com.ar/vno-dulce-tardio-750-cc-cafayate/p
2,Jumbo; ChangoMás,blanco,Vino Blanco Pinot Grigio 750 Cc Pacheco Pereda,PACHECO PEREDA,5150,5150,https://www.jumbo.com.ar/vino-pacheco-pereda-pinot-grigio-750cc/p
2,Jumbo; ChangoMás,blanco,Vino Blanco Putruele Tardío De Abril 500 Cc,PUTRUELE,1950,6679,https://www.jumbo.com.ar/vino-blanco-putruele-tardio-de-abril-500-cc-2/p
2,Jumbo; ChangoMás,blanco,Vino Blanco Suter Dulce Natural 750 Cc,SUTER,82,82,https://www.jumbo.com.ar/vino-blanco-suter-dulce-natural-750-cc/p
2,Jumbo; ChangoMás,blanco,Vino Blanco Torrontés 750 Cc Chacabuco,CHOCAPIC,3750,3750,https://www.jumbo.com.ar/vino-chacabuco-torrontes-750cc/p
2,Jumbo; ChangoMás,blanco,Vino Blanco Torrontés 750 Cc La Linda,LA LINDA,10350,10849,https://www.jumbo.com.ar/vino-torrontes-750-cc-la-linda-2/p
2,Jumbo; Día,blanco,Vino Blanco Torrontés y Viognier 750 Cc Colon,COLON,5100,5290,https://www.jumbo.com.ar/vino-colon-torrontes-viognier-750-cc/p
2,Jumbo; ChangoMás,blanco,Vino Blanco Ventus 750 Cc,DEL FIN DEL MUNDO,369,369,https://www.jumbo.com.ar/vino-blanco-ventus-750-cc/p
2,Jumbo; ChangoMás,blanco,Vino Blanco Viognier 750 Ml Famiglia Bianchi,FAMIGLIA BIANCHI,10350,10350,https://www.jumbo.com.ar/vino-famiglia-viognier-750-ml/p
2,Día; ChangoMás,blanco,Vino Clásico Blanco Viñas de Balbo 750 Ml.,VIÑAS DE BALBO,2979,2979,https://diaonline.supermercadosdia.com.ar/vino-clasico-blanco-vinas-de-balbo-750-ml-285749/p
2,Jumbo; Día,blanco,Vino Colon Dulce Fresco 750 Cc,COLON,150,6790,https://www.jumbo.com.ar/vino-colon-dulce-fresco-750-cc/p
2,Jumbo; ChangoMás,blanco,Vino Dilema Day Chardonnay 750cc,DILEMA DAY,1247,1247,https://www.jumbo.com.ar/vino-dilema-day-chardonnay-750cc/p
2,Jumbo; Día,blanco,Vino Dulce Auténtico Tardío 750 Ml Finca Natalina,FINCA NATALINA,4940,5350,https://www.jumbo.com.ar/vino-dulce-autentico-tardio-750-ml-finca-natalina/p
2,Jumbo; ChangoMás,blanco,Vino Dulce Goyenechea Tocai 750 Cc,GOYENECHEA,449,449,https://www.jumbo.com.ar/vino-dulce-goyenechea-tocai-750-cc/p
2,Jumbo; ChangoMás,blanco,Vino Dulce Natural 750 Cc Juan De Juana,JUAN DE JUANA,4200,4209,https://www.jumbo.com.ar/vino-dulce-natural-750-cc-juan-de-juana/p
2,Jumbo; ChangoMás,blanco,Vino Dulce Natural Emilia X750 Ml,EMILIA,1485,8699,https://www.jumbo.com.ar/vino-dulce-natural-emilia-x750-ml/p
2,Jumbo; ChangoMás,blanco,Vino Entretantos Blanc De Blancs 750 Cc,ENTRETANTOS,1869,1869,https://www.jumbo.com.ar/vino-entretantos-blanc-de-blancs-750-cc-2/p
2,Jumbo; ChangoMás,blanco,Vino Estancia Mendoza Dilema Rosado 750cc,ESTANCIA MENDOZA,1887,1887,https://www.jumbo.com.ar/vino-estancia-mendoza-dilema-rosado-750cc/p
2,Jumbo; ChangoMás,blanco,Vino Goyenechea Centenario Sauvignon Blanc,GOYENECHEA,1123,1123,https://www.jumbo.com.ar/vino-goyenechea-centenario-sauvignon-blanc/p
2,Jumbo; ChangoMás,blanco,Vino Isla Clericó De Torrontés 750 Ml,ISLA,208,208,https://www.jumbo.com.ar/vino-isla-clerico-de-torrontes-750-ml/p
2,Jumbo; ChangoMás,blanco,Vino La Poderosa Dulce Natural 750 Ml,LA PODEROSA,573,573,https://www.jumbo.com.ar/vino-la-poderosa-dulce-natural-750-ml/p
2,Jumbo; ChangoMás,blanco,Vino Marlo Dulce Lata 269cc,MARLO,466,466,https://www.jumbo.com.ar/vino-marlo-dulce-lata-269cc/p
2,Jumbo; ChangoMás,blanco,Vino Michel Torino Blanco Seleccion Botella 700 Cc,MICHEL TORINO,10,10,https://www.jumbo.com.ar/vino-michel-torino-blanco-seleccion-botella-700-cc/p
2,Jumbo; ChangoMás,blanco,Vino Misterio Chardonnay Botella  750 Cc,MISTERIO,57,57,https://www.jumbo.com.ar/vino-misterio-chardonnay-botella-750-cc-2/p
2,Jumbo; ChangoMás,blanco,Vino Nina Gold Torrontes,FAMIGLIA BIANCHI,,,https://www.jumbo.com.ar/vino-nina-gold-torrontes/p
2,Jumbo; ChangoMás,blanco,Vino Sade Blanco Dulce Natural,SADE,5150,5579,https://www.jumbo.com.ar/vino-sade-blanco-dulce-natural/p
2,Jumbo; ChangoMás,blanco,Vino Salentein Reserve Chardonnay 750 Ml,SALENTEIN,5347,5347,https://www.jumbo.com.ar/vino-salentein-reserve-chardonnay-750-ml/p
2,Jumbo; ChangoMás,blanco,Vino Santa Silvia Torrontes 750 Cc,SANTA SILVIA,78,78,https://www.jumbo.com.ar/vino-santa-silvia-torrontes-750-cc/p
2,Jumbo; ChangoMás,blanco,Vino Saurus Patagonia Select  Chardonnay.,SAURUS,100,100,https://www.jumbo.com.ar/vino-saurus-patagonia-select-chardonnay/p
2,Día; ChangoMás,blanco,Vino Suavignon Blanco Portillo 750 Ml.,PORTILLO,5990,5990,https://diaonline.supermercadosdia.com.ar/vino-suavignon-blanco-portillo-750-ml-295416/p
2,Día; ChangoMás,blanco,Vino Torrontes Privado Etchart 750 Ml.,ETCHART,5424,5424,https://diaonline.supermercadosdia.com.ar/vino-torrontes-privado-etchart-750-ml-78391/p
2,Jumbo; ChangoMás,blanco,Vino Trumpeter Reserve Chardonnay 750,EMILIA,2397,14199,https://www.jumbo.com.ar/vino-trumpeter-reserve-chardonnay-750/p
2,Jumbo; ChangoMás,blanco,Vino Vendimiario Salta 750 Cc,ESMERALDA,1346,1346,https://www.jumbo.com.ar/vino-vendimiario-salta-750-cc/p
2,Jumbo; ChangoMás,blanco,Vino Ventus Roble Chardonnay,VENTUS,622,622,https://www.jumbo.com.ar/vino-ventus-roble-chardonnay/p
2,Jumbo; ChangoMás,espumoso,Champagne Lopez Extra Brut 750 Cc,LOPEZ,3250,3250,https://www.jumbo.com.ar/champana-lopez-extra-brut-x-750-cc/p
2,Jumbo; ChangoMás,espumoso,Champagne Montchenot Brut Nature 750 Ml,MONTCHENOT,6050,6050,https://www.jumbo.com.ar/champagne-montchenot-brut-nature-750-ml/p
2,Jumbo; Día,espumoso,Champagne Mumm Extra Brut 750 Cc,MUMM,11850,11869,https://www.jumbo.com.ar/champana-mumm-cuvee-extra-brut-750-cc/p
2,Jumbo; Winery,espumoso,Champaña Alamos Brut Rosé 750 Ml,ATILIO AVENA,0,91,https://www.jumbo.com.ar/champana-alamos-brut-rose-750-ml/p
2,Jumbo; ChangoMás,espumoso,Champaña Federico De Alvear Demi Sec 750 Cc,FEDERICO DE ALVEAR,1500,1500,https://www.jumbo.com.ar/champana-federico-de-alvear-demi-sec-750-cc/p
2,Jumbo; Día,espumoso,Champaña Federico De Alvear Extra Brut,FEDERICO DE ALVEAR,43,6935,https://www.jumbo.com.ar/champana-federico-de-alvear-extra-brut-2-347567/p
2,Jumbo; ChangoMás,espumoso,Champaña Federico De Alvear Rose 750 Cc,FEDERICO DE ALVEAR,101,101,https://www.jumbo.com.ar/champana-federico-de-alvear-rosado-2/p
2,Jumbo; ChangoMás,espumoso,Champaña Montchenot Extra Brut Botella 750 Cc,MONTCHENOT,2289,2289,https://www.jumbo.com.ar/champana-montchenot-extra-brut-botella-750-cc/p
2,Jumbo; ChangoMás,espumoso,Champaña New Age Dulce 750 Cc,NEW AGE,130,4810,https://www.jumbo.com.ar/champana-new-age-dulce-750-cc/p
2,Jumbo; Día,espumoso,Champaña Novecento Extra Brut,NOVECENTO,9,5648,https://www.jumbo.com.ar/champana-novecento-extra-brut/p
2,Jumbo; ChangoMás,espumoso,Espumante Alyda Brut Nature 750 Cc,ALYDA,27850,27850,https://www.jumbo.com.ar/espumante-alyda-brut-nature-750cc/p
2,Jumbo; ChangoMás,espumoso,Espumante Baron B Brut Rosé 750 Ml,BARON B,47929,55500,https://www.jumbo.com.ar/espumante-baron-b-brut-rose-estuche-750-ml/p
2,Jumbo; ChangoMás,espumoso,Espumante Baron B Extra Brut 750 Cc,BARON B,35769,35770,https://www.jumbo.com.ar/espumante-baron-b-extra-brut-750-cc/p
2,Jumbo; ChangoMás,espumoso,Espumante Bianchi Extra Brut Rosado 750 Cc,BIANCHI,217,217,https://www.jumbo.com.ar/espumante-bianchi-extra-brut-rosado-750-cc/p
2,Jumbo; ChangoMás,espumoso,Espumante Brut Rose 750 Ml Gambei,NORTON,8200,8200,https://www.jumbo.com.ar/espumante-brut-rose-750-ml-gambei/p
2,Jumbo; ChangoMás,espumoso,Espumante Callia Dulce 750 Ml,CALLIA,8550,8799,https://www.jumbo.com.ar/espumante-callia-tardio-750-ml/p
2,Jumbo; ChangoMás,espumoso,Espumante Callia Extra Brut 750 Ml,CALLIA,8550,8799,https://www.jumbo.com.ar/espumante-callia-extra-brut/p
2,Jumbo; ChangoMás,espumoso,Espumante Chandon Aperitif 750 Ml,CHANDON,18149,18150,https://www.jumbo.com.ar/espumante-chandon-aperitif-750-ml-3/p
2,Jumbo; ChangoMás,espumoso,Espumante Chandon Brut Nature,CHANDON,20529,42610,https://www.jumbo.com.ar/espumante-chandon-brut-nature/p
2,Jumbo; ChangoMás,espumoso,Espumante Chandon Brut Nature Estuche 750 Ml,CHANDON,625,625,https://www.jumbo.com.ar/espumante-chandon-brut-nature-estuche-750-ml/p
2,Jumbo; ChangoMás,espumoso,Espumante Chandon Brut Nature Rosé 750 Ml,CHANDON,677,677,https://www.jumbo.com.ar/espumante-chandon-brut-nature-rose-750-ml/p
2,Jumbo; ChangoMás,espumoso,Espumante Chandon Brut Rosé Estuche 1500 Ml,CHANDON,1122,1122,https://www.jumbo.com.ar/espumante-chandon-brut-rose-estuche-1500-ml/p
2,Jumbo; ChangoMás,espumoso,Espumante Chandon Délice 750 Ml,CHANDON,18149,18150,https://www.jumbo.com.ar/espumante-chandon-delice-750-ml-3/p
2,Jumbo; ChangoMás,espumoso,Espumante Chandon Delice Rose 750cc,CHANDON,17790,18150,https://www.jumbo.com.ar/espumante-chandon-delice-rose-750cc/p
2,Jumbo; ChangoMás,espumoso,Espumante Chandon Demi Sec 750 Ml,CHANDON,18149,18150,https://www.jumbo.com.ar/espumante-chandon-demi-sec-750-ml-2/p
2,Jumbo; ChangoMás,espumoso,Espumante Chandon Extra Brut 750 Ml,CHANDON,18149,18150,https://www.jumbo.com.ar/espumante-chandon-extra-brut-750-ml/p
2,Jumbo; ChangoMás,espumoso,Espumante Chandon Rosé 187 Cc,CHANDON,5370,18149,https://www.jumbo.com.ar/espumante-rose-187cc-chandon/p
2,Jumbo; ChangoMás,espumoso,Espumante Cordero con Piel de Lobo Dulce 750 Cc,CORDERO CON PIEL DE LOBO,8600,8600,https://www.jumbo.com.ar/espumante-cordero-con-piel-de-lobo-dulce-750-cc/p
2,Jumbo; ChangoMás,espumoso,Espumante Cordero con Piel de Lobo Extra Brut 750 Cc,CORDERO CON PIEL DE LOBO,8600,8600,https://www.jumbo.com.ar/espumamte-cordero-con-piel-de-lobo-extra-brut/p
2,Jumbo; ChangoMás,espumoso,Espumante Dadá 7 Sweet Pink 750 Cc,DADA,10250,10250,https://www.jumbo.com.ar/espumante-dada-art-7-sweet-pink-750cc/p
2,Jumbo; ChangoMás,espumoso,Espumante Dada Extra Brut Pinot Gris 750 Cc,DADA,11050,11050,https://www.jumbo.com.ar/espumante-extra-brut-x-750-cc-dada/p
2,Jumbo; ChangoMás,espumoso,Espumante Deseado Extra Brut 750 Ml,DESEADO,18600,18600,https://www.jumbo.com.ar/espumante-deseado-extra-brut-750-ml/p
2,Jumbo; ChangoMás,espumoso,Espumante Dilema Rosado Dulce 750,DILEMA,2420,2420,https://www.jumbo.com.ar/espumante-dilema-rosado-dulce-750/p
2,Jumbo; ChangoMás,espumoso,Espumante Dolores Navarro Correas Extra Brut 750 Ml,DOLORES,10000,10000,https://www.jumbo.com.ar/espumante-dolores-extra-brut-750-ml/p
2,Jumbo; ChangoMás,espumoso,Espumante Don David Extra Brut 750 Cc,DON DAVID,990,990,https://www.jumbo.com.ar/espumante-don-david-extra-brut-750-cc/p
2,Jumbo; ChangoMás,espumoso,Espumante Don Valentín Lacrado Extra Brut 750 Ml,DON VALENTIN,132,132,https://www.jumbo.com.ar/espumante-don-valentin-lacrado-extra-brut-750-ml/p
2,Jumbo; ChangoMás,espumoso,Espumante Dulce 750 Ml Gambei,NORTON,8200,8200,https://www.jumbo.com.ar/espumante-dulce-750-ml-gambei/p
2,Jumbo; ChangoMás,espumoso,Espumante Emilia Brut Rosé 750 Ml,EMILIA,12600,12600,https://www.jumbo.com.ar/espumante-emilia-brut-rose-750-ml/p
2,Jumbo; ChangoMás,espumoso,Espumante Emilia Dulce 750 Cc,EMILIA,12600,12749,https://www.jumbo.com.ar/espumante-emilia-dulce-750cc/p
2,Jumbo; ChangoMás,espumoso,Espumante Extra Brut Grand Cuvée Nieto Senetiner X750 Ml,NIETO & SENETINER,1219,1219,https://www.jumbo.com.ar/espumante-extra-brut-grand-cuvee-nieto-senetiner-x750-ml/p
2,Jumbo; ChangoMás,espumoso,Espumante Famiglia Bianchi Extra Brut 750 Ml,BIANCHI,12650,12650,https://www.jumbo.com.ar/espumante-extra-brut-750-ml-famiglia-bianchi/p
2,Jumbo; ChangoMás,espumoso,Espumante Familia Gascón Extra Brut 750 Cc,FAMILIA GASCON,12950,12950,https://www.jumbo.com.ar/champana-familia-gascon-extra-brut-750-cc/p
2,Jumbo; ChangoMás,espumoso,Espumante Federico de Alvear Spritz 750 Cc,FEDERICO DE ALVEAR,7699,7750,https://www.jumbo.com.ar/espumante-federico-de-alvear-spritz-750cc-bot-0-75-lt-sin-atributo/p
2,Jumbo; ChangoMás,espumoso,Espumante Finca Natalina Extra Brut 750 Ml,FINCA NATALINA,7419,7700,https://www.jumbo.com.ar/espumante-finca-natalina-extra-brut-750/p
2,Jumbo; ChangoMás,espumoso,Espumante Latitud 33 Extra Brut 750 Cc,LATITUD 33,9819,9820,https://www.jumbo.com.ar/espumante-latitud-33-extra-brut/p
2,Jumbo; ChangoMás,espumoso,Espumante Latitud 33° Dulce 750 Ml,LATITUD 33,9819,9820,https://www.jumbo.com.ar/espumante-latitud-33-dulce-750-ml/p
2,Jumbo; ChangoMás,espumoso,Espumante Martini Asti 750 Ml,MARTINI,1506,1506,https://www.jumbo.com.ar/espumante-martini-asti-750-ml/p
2,Jumbo; ChangoMás,espumoso,Espumante Martini Extra Brut 750 Cc,MARTINI,756,756,https://www.jumbo.com.ar/espumante-martini-extra-brut/p
2,Jumbo; ChangoMás,espumoso,Espumante Martini Prosecco 750 Cc,MARTINI,1506,1506,https://www.jumbo.com.ar/espumante-martini-prosecco-750-cc/p
2,Jumbo; ChangoMás,espumoso,Espumante Mercier Dulce 750 Ml,MERCIER,9819,9820,https://www.jumbo.com.ar/espumante-mercier-dulce-750-ml/p
2,Jumbo; ChangoMás,espumoso,Espumante Mercier Extra Brut 750 Ml,MERCIER,9819,9820,https://www.jumbo.com.ar/espumante-mercier-extra-brut-750-ml/p
2,Jumbo; ChangoMás,espumoso,Espumante Mosquita Muerta Extra Brut 750 Cc,Mosquita Muerta,21450,21450,https://www.jumbo.com.ar/espumante-mosquita-muerta-extra-brut-750-cc/p
2,Jumbo; ChangoMás,espumoso,Espumante Mumm Brut Nature 750 Cc,MUMM,432,432,https://www.jumbo.com.ar/espumante-mumm-brut-nature-750-cc/p
2,Jumbo; ChangoMás,espumoso,Espumante Mumm Cuvee Brut 750 Ml,MUMM,5450,5450,https://www.jumbo.com.ar/espumante-mumm-cuvee-brut-750-ml/p
2,Jumbo; ChangoMás,espumoso,Espumante Mumm Cuvee Brut Rosé 750 Ml,MUMM,11809,12800,https://www.jumbo.com.ar/espumante-mumm-cuvee-brut-rose-750-ml/p
2,Jumbo; ChangoMás,espumoso,Espumante Mumm Cuvée Demi Sec 750 Ml,MUMM,11850,11850,https://www.jumbo.com.ar/espumante-mumm-cuvee-demi-sec-750-ml/p
2,Jumbo; Día,espumoso,Espumante Mumm Léger 750 Ml,MUMM,11869,12450,https://www.jumbo.com.ar/espumante-mumm-leger-750-ml/p
2,Jumbo; ChangoMás,espumoso,Espumante Navarro Correas Extra Brut 355 Cc,NAVARRO CORREAS,5600,5600,https://www.jumbo.com.ar/espumante-spark-extra-brut-x-355-cc-navarro-correas/p
2,Jumbo; ChangoMás,espumoso,Espumante Navarro Correas Extra Brut 750 Cc,NAVARRO CORREAS,14129,14200,https://www.jumbo.com.ar/champana-extra-brut-x-750-cc-navarro-correas/p
2,Jumbo; ChangoMás,espumoso,Espumante Navarro Correas Nature 750 Cc,NAVARRO CORREAS,14000,14000,https://www.jumbo.com.ar/espumante-navarro-correas-nature-750cc/p
2,Jumbo; ChangoMás,espumoso,Espumante Nieto Senetiner Nature 750 Cc,NIETO & SENETINER,16000,16999,https://www.jumbo.com.ar/espumante-nieto-senetiner-nature-x-750-cc/p
2,Jumbo; ChangoMás,espumoso,Espumante Norton Cosecha Especial Brut Nature 750 Ml,NORTON,14450,14450,https://www.jumbo.com.ar/espumante-norton-cosecha-especial-brut-nature/p
2,Jumbo; ChangoMás,espumoso,Espumante Norton Cosecha Especial Extra Brut,NORTON,13650,14139,https://www.jumbo.com.ar/espumante-norton-cosecha-especial-extra-brut/p
2,Jumbo; ChangoMás,espumoso,Espumante Norton Cosecha Especial Rosé 750 Ml,NORTON,13650,13650,https://www.jumbo.com.ar/espumante-norton-cosecha-especial-rosado/p
2,Jumbo; ChangoMás,espumoso,Espumante Norton Cosecha Tardia 750cc,NORTON,9050,9349,https://www.jumbo.com.ar/espumante-norton-cosecha-tardia-750cc/p
2,Jumbo; ChangoMás,espumoso,Espumante Norton Dulce 750 Cc,NORTON,1451,1451,https://www.jumbo.com.ar/espumante-norton-dulce-750-cc/p
2,Jumbo; ChangoMás,espumoso,Espumante Novecento Extra Brut 750 Cc,ROBINO,5650,5650,https://www.jumbo.com.ar/espumante-extra-brut-x-750-cc-novecento/p
2,Jumbo; ChangoMás,espumoso,Espumante Putruele Extra Brut 750 Cc,PUTRUELE,2182,2182,https://www.jumbo.com.ar/espumante-putruele-extra-brut-750-cc/p
2,Jumbo; ChangoMás,espumoso,Espumante Putruele Tardío de Abril Sweet Rose 750 Ml,PUTRUELE,10600,10600,https://www.jumbo.com.ar/espumante-putruele-sweet-rose-750/p
2,Jumbo; ChangoMás,espumoso,Espumante Salentein Blanc de Blancs 750 Ml,SALENTEIN,16500,17699,https://www.jumbo.com.ar/espumante-salentein-blanc-de-blancs-750-ml/p
2,Jumbo; ChangoMás,espumoso,Espumante Salentein Brut Rosé 750 Ml,SALENTEIN,15900,15900,https://www.jumbo.com.ar/espumante-salentein-brut-rose-750-ml/p
2,Jumbo; ChangoMás,espumoso,Espumante Salentein Doux 750 Ml,SALENTEIN,15600,15600,https://www.jumbo.com.ar/espumante-salentein-doux-750-ml/p
2,Jumbo; ChangoMás,espumoso,Espumante Salentein Extra Brut 750cc,SALENTEIN,3098,3098,https://www.jumbo.com.ar/espumante-salentein-extra-brut-750cc-2/p
2,Jumbo; ChangoMás,espumoso,Espumante San Telmo Dulce 750 Ml,SAN TELMO,7150,7150,https://www.jumbo.com.ar/espumante-san-telmo-dulce-750-ml/p
2,Jumbo; ChangoMás,espumoso,Espumante Sapo De Otro Pozo Extra Brut 750 Cc,SAPO,13150,13150,https://www.jumbo.com.ar/espumante-sapo-de-otro-pozo-extra-brut-750-cc-2/p
2,Jumbo; ChangoMás,espumoso,Vino Chardonnay Fair For Life 750 Cc Finca Las Moras,FINCA LAS MORAS,7339,7600,https://www.jumbo.com.ar/vino-chardonnay-fair-for-life-750-cc-finca-las-moras/p
2,Día; ChangoMás,espumoso,Vino Espumante Frizzé Blue Evolution 1 Lt.,FRIZZE,3490,3909,https://diaonline.supermercadosdia.com.ar/vino-espumante-frizze-blue-evolution-1-lt-271386/p
2,Jumbo; ChangoMás,rosado,Espumante Brut Rosé 750 Ml Nieto Senetiner,NIETO & SENETINER,15500,15500,https://www.jumbo.com.ar/vino-nieto-senetiner-brut-rose-750ml/p
2,Jumbo; ChangoMás,rosado,Espumante Deseado Dulce Rosado,DESEADO,17700,17700,https://www.jumbo.com.ar/vino-espumante-deseado-dulce-rosado/p
2,Día; ChangoMás,rosado,Espumante Rose Extra Dulce Federico Alvear 750 Ml.,FEDERICO DE ALVEAR,6935,6935,https://diaonline.supermercadosdia.com.ar/espumante-rose-extra-dulce-federico-alvear-750-ml-299313/p
2,Jumbo; ChangoMás,rosado,Vino Benjamin Nieto Rosado 750cc,BENJAMIN NIETO,1657,1657,https://www.jumbo.com.ar/vino-benjamin-nieto-rosado-750cc/p
2,Jumbo; Día,rosado,Vino Emilia Malbec Rose,EMILIA,52,7590,https://www.jumbo.com.ar/vino-emilia-malbec-rose-2/p
2,Jumbo; ChangoMás,rosado,Vino Isla Sangría De Rosado 750 Ml,ISLA,501,501,https://www.jumbo.com.ar/vino-isla-sangria-de-rosado-750-ml/p
2,Jumbo; ChangoMás,rosado,Vino La Quebrada Rosado,LA QUEBRADA,5,5,https://www.jumbo.com.ar/vino-la-quebrada-rosado-x-750-cc-290614/p
2,Jumbo; Día,rosado,Vino Mil Rosas Rosado 750cc,NORTON,4000,5990,https://www.jumbo.com.ar/vino-mil-rosas-rosado-750cc/p
2,Jumbo; ChangoMás,rosado,Vino Pink 750 Cc Dilema,DILEMA,4700,4700,https://www.jumbo.com.ar/vino-pink-750-cc-dilema-2/p
2,Jumbo; ChangoMás,rosado,Vino Rosado Blend 750 Cc Famiglia Bianchi,FAMIGLIA BIANCHI,10350,10350,https://www.jumbo.com.ar/vino-rose-x-750-cc-famiglia-bianchi/p
2,Jumbo; ChangoMás,rosado,Vino Rosado Dulce Blend 750 Cc Finca Las Moras,FINCA LAS MORAS,5239,5550,https://www.jumbo.com.ar/vino-finca-las-moras-rosado-dulce-750cc/p
2,Jumbo; ChangoMás,rosado,Vino Rosado Michel Torino Selección Dorada 750 Cc,MICHEL TORINO,31,31,https://www.jumbo.com.ar/vino-rosado-michel-torino-seleccion-dorada-750-cc/p
2,Jumbo; ChangoMás,rosado,Vino Rosado Rosé 750 Cc Mandala,MANDALA,5900,5900,https://www.jumbo.com.ar/vino-mandala-rose-750cc/p
2,Jumbo; ChangoMás,rosado,Vino Rosado Selecto 750 Cc Colon,COLON,5800,6349,https://www.jumbo.com.ar/vino-colon-selecto-rose-750cc/p
2,Jumbo; ChangoMás,rosado,Vino Rose Aimé X750 Ml,AIMÉ,1150,1150,https://www.jumbo.com.ar/vino-rose-aime-x750-ml/p
2,Jumbo; Día,tinto,Cuesta Del Madero Añada Singular Cabernet,CUESTA DEL MADERO,5535,5900,https://www.jumbo.com.ar/vino-cuesta-del-madero-anada-singular-cabernet/p
2,Jumbo; ChangoMás,tinto,Trivento Reserva Malbec X 750 Cc,TRIVENTO,9499,10000,https://www.jumbo.com.ar/trivento-reserva-malbec-x-750-cc/p
2,Jumbo; ChangoMás,tinto,Vino 1895 Malbec 750cc,NORTON,5400,5400,https://www.jumbo.com.ar/vino-1895-malbec-750cc/p
2,Jumbo; ChangoMás,tinto,Vino Aimé Malbec 750,AIMÉ,6199,6800,https://www.jumbo.com.ar/vino-aime-malbec-750/p
2,Jumbo; ChangoMás,tinto,Vino Alta Magnolia Syrah Malbec 750cc,MAGNOLIA,8550,8550,https://www.jumbo.com.ar/vino-alta-magnolia-syrah-malbec-750cc/p
2,Jumbo; ChangoMás,tinto,Vino Altos Las Hormigas Tinto 750 Cc,SIN MARCA,1049,1049,https://www.jumbo.com.ar/vino-altos-las-hormigas-tinto-750-cc/p
2,Jumbo; ChangoMás,tinto,Vino Aminga 750cc,AMINGA,31700,31700,https://www.jumbo.com.ar/vino-aminga-750cc/p
2,Jumbo; ChangoMás,tinto,Vino Ampakama Syrah Cabernet 750 Ml.,AMPAKAMA,27,27,https://www.jumbo.com.ar/vino-ampakama-syrah-cabernet-750-ml/p
2,Jumbo; ChangoMás,tinto,Vino Bianchi Borgoña 700 Ml,BIANCHI,561,561,https://www.jumbo.com.ar/vino-bianchi-borgona-700-ml/p
2,Jumbo; ChangoMás,tinto,Vino Blanco Dulce 750 Ml Tribu,TRIBU,5499,5800,https://www.jumbo.com.ar/trivento-tribu-blanco-dulce-750ml/p
2,Jumbo; ChangoMás,tinto,Vino Blanco Torrontés 750 Cc Piattelli,PIATELLI,16850,16850,https://www.jumbo.com.ar/vino-piatelli-torrontes-salta-750cc/p
2,Jumbo; ChangoMás,tinto,Vino Caballero Reserva Red Blend 750ml,CABALLERO RVA,863,863,https://www.jumbo.com.ar/vino-caballero-reserva-red-blend-750ml-2/p
2,Jumbo; ChangoMás,tinto,Vino Cabernet Franc 750 Cc Lorca Fantasía,LORCA FANTASIA,10750,12999,https://www.jumbo.com.ar/vino-cabernet-franc-750-cc-lorca-fantasia/p
2,Jumbo; ChangoMás,tinto,Vino Cabernet Franc 750 Ml Chac Chac,CHAC CHAC,12679,13000,https://www.jumbo.com.ar/vino-cabernet-franc-750-ml-chac-chac/p
2,Jumbo; Día,tinto,Vino Cabernet Sauvignon 750 Ml Fair For Life,FINCA LAS MORAS,7329,7500,https://www.jumbo.com.ar/vino-cabernet-sauvignon-750-ml-fair-for-life/p
2,Día; ChangoMás,tinto,Vino Cabernet Sauvignon Arizu 750 Ml.,ARIZU,5020,5020,https://diaonline.supermercadosdia.com.ar/vino-cabernet-sauvignon-arizu-750-ml-20007/p
2,Jumbo; ChangoMás,tinto,Vino Cabernet Sauvignon Emblema 750 Ml Septima,CODORNIU,10050,10050,https://www.jumbo.com.ar/vino-cabernet-sauvignon-emblema-750-ml-septima/p
2,Jumbo; ChangoMás,tinto,Vino Cabo De Hornos Syrah,CABO DE HORNOS,3296,7509,https://www.jumbo.com.ar/vino-cabo-de-hornos-syrah/p
2,Jumbo; ChangoMás,tinto,Vino Cadus Tupungato 750cc,CADUS,38200,38200,https://www.jumbo.com.ar/vino-cadus-tupungato-750cc/p
2,Jumbo; ChangoMás,tinto,Vino Callia Hoy Shiraz Malbec 750 Ml,CALLIA,170,170,https://www.jumbo.com.ar/vino-callia-hoy-shiraz-malbec-750-ml/p
2,Jumbo; ChangoMás,tinto,Vino Canciller Blend Ix Edición Especial 750l,LUIGI BOSCA,950,950,https://www.jumbo.com.ar/vino-canciller-blend-ix-edicion-especial-750l/p
2,Jumbo; ChangoMás,tinto,Vino Canciller Iii Blend Edicion Especial 1000cc,CANCILLER,1874,3409,https://www.jumbo.com.ar/vino-canciller-iii-blend-edicion-especial-1000cc/p
2,Jumbo; ChangoMás,tinto,Vino Casa Petrini Malbec,CASA PETRINI,4950,4950,https://www.jumbo.com.ar/vino-casa-petrini-malbec/p
2,Jumbo; ChangoMás,tinto,Vino Conejo Verde Malbec 750,SIN MARCA,1757,5959,https://www.jumbo.com.ar/vino-conejo-verde-malbec-750/p
2,Jumbo; ChangoMás,tinto,Vino Contracara Blend Botella-750cc,CALLIA,2150,2150,https://www.jumbo.com.ar/vino-contracara-blend-botella-750cc-2/p
2,Jumbo; ChangoMás,tinto,Vino Contracara Malbec Botella 750cc,CALLIA,2037,2037,https://www.jumbo.com.ar/vino-contracara-malbec-botella-750cc/p
2,Jumbo; ChangoMás,tinto,Vino Desigual Malbec 750cc,DESIGUAL,1150,1150,https://www.jumbo.com.ar/vino-desigual-malbec-750cc/p
2,Jumbo; ChangoMás,tinto,Vino Dolores Malbec  750 Cc,DOLORES CORREAS,8350,8350,https://www.jumbo.com.ar/vino-dolores-malbec-750-cc/p
2,Jumbo; ChangoMás,tinto,Vino Entretantos Tempranillo 750 Cc,ENTRETANTOS,1869,1869,https://www.jumbo.com.ar/vino-entretantos-tempranillo-750-cc-2/p
2,Jumbo; ChangoMás,tinto,Vino Estancia Mendoza Blend De Enologos Tinto,ESTANCIA MENDOZA,,,https://www.jumbo.com.ar/vino-estancia-mendoza-blend-de-enologos-tinto/p
2,Jumbo; ChangoMás,tinto,Vino Federico De Alvear Syrah 750 Ml,FINCA DE ALVEAR SYRAH,9,9,https://www.jumbo.com.ar/vino-federico-de-alvear-syrah-750-ml/p
2,Jumbo; ChangoMás,tinto,Vino Finca Flichman Malbec,FINCA FLICHMAN,89,89,https://www.jumbo.com.ar/vino-finca-flichman-malbec/p
2,Jumbo; ChangoMás,tinto,Vino Finca Los Primos Malbec 750cc,FINCA LOS PRIMOS,5450,5450,https://www.jumbo.com.ar/vino-finca-los-primos-malbec-750cc/p
2,Jumbo; ChangoMás,tinto,Vino Fino Tocornal Tinto Botella 750 Cc,TOCORNAL,468,468,https://www.jumbo.com.ar/vino-fino-tocornal-tinto-botella-750-cc/p
2,Jumbo; ChangoMás,tinto,Vino Frida Malbec 750cc,FRIDA,5850,5850,https://www.jumbo.com.ar/vino-frida-malbec-750cc/p
2,Jumbo; ChangoMás,tinto,Vino Garbo malbec botella 750 Cc,GARBO,2000,2000,https://www.jumbo.com.ar/vino-garbo-malbec-botella-750-cc/p
2,Jumbo; ChangoMás,tinto,Vino Gestos Syrah,CORTIMUNDO,48,48,https://www.jumbo.com.ar/vino-gestos-syrah/p
2,Jumbo; ChangoMás,tinto,Vino Goyenechea Cabernet Sauvignon,GOYENECHEA,28,28,https://www.jumbo.com.ar/vino-goyenechea-cabernet-sauvignon-3/p
2,Jumbo; ChangoMás,tinto,Vino Graffigna Santiago 750cc,GRAFFIGNA,12367,12367,https://www.jumbo.com.ar/vino-graffigna-santiago-750cc/p
2,Jumbo; ChangoMás,tinto,Vino Gran Petit Verdot 750 Cc Nina,NINA,19250,19250,https://www.jumbo.com.ar/vino-gran-petit-verdot-750-cc-nina/p
2,Jumbo; ChangoMás,tinto,Vino La Celia Elite Pinot Noir 750cc,LA CELIA,20651,20651,https://www.jumbo.com.ar/vino-la-celia-elite-pinot-noir-750cc/p
2,Jumbo; ChangoMás,tinto,Vino La Celia Pioneer Cabernet Franc,LA CELIA,350,350,https://www.jumbo.com.ar/vino-la-celia-pioneer-cabernet-franc-2/p
2,Jumbo; ChangoMás,tinto,Vino La Gran Nacha Tinto,LA LIGA DE ENÓLOGOS,8750,8750,https://www.jumbo.com.ar/vino-la-gran-nacha-tinto/p
2,Jumbo; ChangoMás,tinto,Vino La Poderosa Pinot Noir 750 Cc,LA PODEROSA,10450,10450,https://www.jumbo.com.ar/vino-la-poderosa-pinot-noir-750-cc/p
2,Jumbo; ChangoMás,tinto,Vino Los Haroldos Gran Corte 750 Ml,LOS HAROLDOS,7612,7612,https://www.jumbo.com.ar/vino-los-haroldos-gran-corte-750-ml/p
2,Jumbo; ChangoMás,tinto,Vino Los Helechos Reserva Cabernet,LOS HELECHOS,5382,5382,https://www.jumbo.com.ar/vino-los-helechos-reserva-cabernet/p
2,Jumbo; ChangoMás,tinto,Vino Malbec 750 Ml Nave Robino,ROBINO,6629,6850,https://www.jumbo.com.ar/vino-malbec-750-ml-nave-robino/p
2,Día; ChangoMás,tinto,Vino Malbec Cantus 750 Ml.,CANTUS,3990,4999,https://diaonline.supermercadosdia.com.ar/vino-malbec-cantus-750-ml-305388/p
2,Día; ChangoMás,tinto,Vino Malbec Esperado 750 Ml.,ESPERADO,5690,5690,https://diaonline.supermercadosdia.com.ar/vino-malbec-esperado-750-ml-306989/p
2,Día; ChangoMás,tinto,Vino Malbec Medalla 750 Ml.,TRAPICHE,22669,22670,https://diaonline.supermercadosdia.com.ar/vino-malbec-medalla-750-ml-307712/p
2,Día; ChangoMás,tinto,Vino Malbec Organico Argento Estate Bottled 750 Ml.,ARGENTO STATE BOTTLED,7990,7990,https://diaonline.supermercadosdia.com.ar/vino-malbec-organico-argento-estate-bottled-750-ml-296626/p
2,Día; ChangoMás,tinto,Vino Malbec Pato Criollo 750 Ml.,PATO CRIOLLO,3679,3684,https://diaonline.supermercadosdia.com.ar/vino-malbec-pato-criollo-750-ml-12630/p
2,Jumbo; ChangoMás,tinto,Vino Malbec Raices 750 Ml Novecento,NOVECENTO,5400,5400,https://www.jumbo.com.ar/vino-malbec-raices-750-ml-novecento/p
2,Jumbo; ChangoMás,tinto,Vino Mandala Malbec Botella 750 Cc,MANDALA,5900,5900,https://www.jumbo.com.ar/vino-mandala-malbec-botella-750-cc/p
2,Jumbo; ChangoMás,tinto,Vino Martin Fierro Syrah-cabernet,MARTIN FIERRO,19,19,https://www.jumbo.com.ar/vino-martin-fierro-syrah-cabernet-3/p
2,Jumbo; ChangoMás,tinto,Vino Misterio Authentic Malbec 750ml,MISTERIO,575,575,https://www.jumbo.com.ar/vino-misterio-authentic-malbec-750ml/p
2,Día; ChangoMás,tinto,Vino Nave Robino Blend de Tintas Botella 750 Ml.,DANTE ROBINO,6630,6630,https://diaonline.supermercadosdia.com.ar/vino-nave-robino-blend-de-tintas-botella-750-ml-300173/p
2,Jumbo; ChangoMás,tinto,Vino Newen Syrah  Botella 750 Cc,NEWEN,50,5199,https://www.jumbo.com.ar/vino-newen-syrah-botella-750-cc/p
2,Jumbo; ChangoMás,tinto,Vino Nina Gold Malbec 375cc,NINA,3492,3492,https://www.jumbo.com.ar/vino-nina-gold-malbec-375cc/p
2,Jumbo; ChangoMás,tinto,Vino Nina Gran Cabernet Franc 750 Ml,NINA,18700,18700,https://www.jumbo.com.ar/vino-nina-gran-cabernet-franc-750-ml/p
2,Jumbo; ChangoMás,tinto,Vino Nina Gran Malbec,NINA,9499,17800,https://www.jumbo.com.ar/vino-nina-gran-malbec-2/p
2,Jumbo; ChangoMás,tinto,Vino Nina Natural Tinto,NINA,12800,12800,https://www.jumbo.com.ar/vino-nina-natural-tinto/p
2,Jumbo; ChangoMás,tinto,Vino Norton Doc Malbec 750ml,NORTON,2800,2800,https://www.jumbo.com.ar/vino-norton-doc-malbec-750ml/p
2,Jumbo; ChangoMás,tinto,Vino Pacheco Pereda Familia De Vino Cabernet,PACHECO PEREDA,1200,1200,https://www.jumbo.com.ar/vino-pacheco-pereda-familia-de-vino-cabernet/p
2,Jumbo; ChangoMás,tinto,Vino Phebus Malbec 1125 Cc,FABRE MONTMAYOU,975,11799,https://www.jumbo.com.ar/vino-phebus-malbec-1125-cc/p
2,Jumbo; ChangoMás,tinto,Vino Punto Devil Malbec,SIN MARCA,4489,8599,https://www.jumbo.com.ar/vino-punto-devil-malbec/p
2,Jumbo; ChangoMás,tinto,Vino Punto Devil Petit Verdot,SIN MARCA,4489,4489,https://www.jumbo.com.ar/vino-punto-devil-petit-verdot/p
2,Jumbo; ChangoMás,tinto,Vino Putruele Malbec  Cabernet-syrah Estuche,PUTRUELE,23250,23250,https://www.jumbo.com.ar/vino-putruele-malbec-cabernet-syrah-estuche/p
2,Jumbo; ChangoMás,tinto,Vino Resero Patero Tinto Dulce 1125cc,RESERO,4100,4100,https://www.jumbo.com.ar/vino-resero-patero-tinto-dulce-1125cc/p
2,Jumbo; ChangoMás,tinto,Vino Rosado Malbec 750 Ml Chac Chac,CHAC CHAC,12679,13000,https://www.jumbo.com.ar/vino-chac-chac-malbec-rose-750-ml/p
2,Jumbo; ChangoMás,tinto,Vino Rosado Norton Mil Rosas 750 Cc,NORTON,599,599,https://www.jumbo.com.ar/vino-rosado-norton-mil-rosas-750-cc/p
2,Jumbo; ChangoMás,tinto,Vino San Huberto Clasico Cabernet Syrah,SAN HUBERTO,1527,1527,https://www.jumbo.com.ar/vino-san-huberto-clasico-cabernet-syrah/p
2,Jumbo; ChangoMás,tinto,Vino San Huberto Merlot Reserva,SAN HUBERTO,4800,5989,https://www.jumbo.com.ar/vino-san-huberto-merlot-reserva/p
2,Jumbo; ChangoMás,tinto,Vino San Telmo Sangria 750ml,SAN TELMO,7250,7250,https://www.jumbo.com.ar/vino-san-telmo-sangria-750ml/p
2,Jumbo; ChangoMás,tinto,Vino Santa Ana Tinto Seleccion Botella 700 Cc,SANTA ANA,10,10,https://www.jumbo.com.ar/vino-santa-ana-tinto-seleccion-botella-700-cc/p
2,Jumbo; ChangoMás,tinto,Vino Santa Florentina Cabernet Sauvignon,SANTA FLORENTINA,17,17,https://www.jumbo.com.ar/vino-santa-florentina-cabernet-sauvignon/p
2,Jumbo; ChangoMás,tinto,Vino Seismiles Syrah 750 Cc,SEISMILES,1000,1000,https://www.jumbo.com.ar/vino-seismiles-syrah-750-cc-2/p
2,Jumbo; Día,tinto,Vino Talisman Malbec 750 Ml,TALISMAN,4750,4910,https://www.jumbo.com.ar/vino-talisman-malbec-750-ml/p
2,Jumbo; ChangoMás,tinto,Vino Terrazas Reserva Malbec 375,TERRAZAS,9925,9925,https://www.jumbo.com.ar/vino-terrazas-reserva-malbec-375/p
2,Jumbo; ChangoMás,tinto,Vino Tilia Cabernet Sauvignon Organico,SANTA JULIA,13650,13809,https://www.jumbo.com.ar/vino-tilia-cabernet-sauvignon-organico/p
2,Jumbo; ChangoMás,tinto,Vino Tinto 1125 Ml Viñas de Alvear,VIÑAS DE ALVEAR,3900,3900,https://www.jumbo.com.ar/vino-vinas-de-alvear-clasico-tinto-1-125ml/p
2,Jumbo; ChangoMás,tinto,Vino Tinto 1125ml No Tan Santos,NO TAN SANTOS,4016,4016,https://www.jumbo.com.ar/vino-tinto-1125ml-no-tan-santos/p
2,Jumbo; ChangoMás,tinto,Vino Tinto 750 Cc Escorihuela Gascon,ESCORIHUELA,13000,13150,https://www.jumbo.com.ar/vino-tinto-750-cc-escorihuela-gascon/p
2,Jumbo; ChangoMás,tinto,Vino Tinto 750 Cc Toro,TORO,3100,3100,https://www.jumbo.com.ar/vino-tinto-clasico-750-cc-toro/p
2,Jumbo; ChangoMás,tinto,Vino Tinto Alaris Malbec 750 Cc,ALARIS,5769,6100,https://www.jumbo.com.ar/vino-tinto-alaris-malbec-750-cc/p
2,Jumbo; ChangoMás,tinto,Vino Tinto Altos Las Hormigas Terroir 750 Cc,SIN MARCA,1586,1586,https://www.jumbo.com.ar/vino-tinto-altos-las-hormigas-terroir-750-cc/p
2,Jumbo; ChangoMás,tinto,Vino Tinto Blend 1000 Cc Toro,TORO,3800,3800,https://www.jumbo.com.ar/vino-tinto-x-1000-cc-toro/p
2,Jumbo; ChangoMás,tinto,Vino Tinto Blend 750 Cc Nina,NINA,9500,9500,https://www.jumbo.com.ar/vino-nina-gold-blend/p
2,Jumbo; ChangoMás,tinto,Vino Tinto Blend 750 Cc San Felipe,SAN FELIPE,6199,6200,https://www.jumbo.com.ar/vino-tinto-fino-san-felipe-750-cc/p
2,Jumbo; ChangoMás,tinto,Vino Tinto Blend 750 Cc Trapiche Medalla,TRAPICHE,22669,23400,https://www.jumbo.com.ar/vino-tinto-fino-trapiche-medalla-blend-750-cc/p
2,Jumbo; ChangoMás,tinto,Vino Tinto Blend 750 Ml Don Nicanor,DON NICANOR,19400,19400,https://www.jumbo.com.ar/vino-don-nicanor-blend-750ml/p
2,Jumbo; ChangoMás,tinto,Vino Tinto Blend 750 Ml Fran,FRAN,7050,7050,https://www.jumbo.com.ar/vino-fran-blend-750ml/p
2,Jumbo; ChangoMás,tinto,Vino Tinto Blend Cabernet Sauvignon Malbec Syrah 750 Cc Santa Julia Magna,SANTA JULIA,12579,13150,https://www.jumbo.com.ar/vino-tinto-santa-julia-magna-750-cc/p
2,Jumbo; ChangoMás,tinto,"Vino Tinto Blend Cabernet Sauvignon, Malbec y Petit Verdot 750 Cc Alma Mora",ALMA MORA,7729,7750,https://www.jumbo.com.ar/vino-tinto-alma-mora-blend-750-cc/p
2,Jumbo; ChangoMás,tinto,Vino Tinto Blend de Extremos Cabernet 750 Ml El Esteco,EL ESTECO,18539,19550,https://www.jumbo.com.ar/vino-blend-de-extremos-cabernet-750-ml/p
2,Jumbo; ChangoMás,tinto,Vino Tinto Blend Malbec y Cabernet Sauvignon 750 Ml Benjamin,BENJAMIN,6400,6400,https://www.jumbo.com.ar/vino-benjamin-blend-malbec-cab-sauv-750ml/p
2,Día; ChangoMás,tinto,Vino Tinto Cabernet Buenos Aires 750 Ml.,BUENOS AIRES,5390,5409,https://diaonline.supermercadosdia.com.ar/vino-tinto-cabernet-buenos-aires-750-ml-300731/p
2,Jumbo; ChangoMás,tinto,Vino Tinto Cabernet Franc 750 Cc Estancia Mendoza,ESTANCIA MENDOZA,12500,12500,https://www.jumbo.com.ar/vino-estancia-mendoza-cabernet-franc-reserva-7/p
2,Jumbo; ChangoMás,tinto,Vino Tinto Cabernet Franc 750 Cc Fabre Montmayou,FABRE MONTMAYOU,17499,17500,https://www.jumbo.com.ar/vino-fabre-terruno-cabernet-franc-x-750-cc/p
2,Jumbo; Día,tinto,Vino Tinto Cabernet Franc 750 Cc Saint Felicien,SAINT FELICIEN,16945,17500,https://www.jumbo.com.ar/vino-tinto-saint-felicien-cabernet-franc-750-cc/p
2,Jumbo; ChangoMás,tinto,Vino Tinto Cabernet Franc 750 Ml Salentein,SALENTEIN,15799,16000,https://www.jumbo.com.ar/vino-salentein-reserve-cabernet-franc/p
2,Jumbo; ChangoMás,tinto,Vino Tinto Cabernet Franc 750 Ml Sexy Fish,SEXY FISH,6389,6650,https://www.jumbo.com.ar/vino-sexy-fish-cabernet-franc-750-ml/p
2,Jumbo; ChangoMás,tinto,Vino Tinto Cabernet Sauvignon 750 Cc Benjamin,BENJAMIN,6099,6300,https://www.jumbo.com.ar/vino-cabernet-sauvignon-750-ml-benjamin/p
2,Jumbo; ChangoMás,tinto,Vino Tinto Cabernet Sauvignon 750 Cc Graffigna,CENTENARIO,10789,11000,https://www.jumbo.com.ar/vino-graffigna-genuine-collection-cabernet-sauvignon-750cc/p
2,Jumbo; ChangoMás,tinto,Vino Tinto Cabernet Sauvignon 750 Cc Pascual Toso Signature,TOSO,14300,14300,https://www.jumbo.com.ar/vino-signature-cabernet-sauvignon-750-cc-pascual-toso/p
2,Jumbo; ChangoMás,tinto,Vino Tinto Cabernet Sauvignon 750 Cc Piattelli,PIATELLI,16900,16900,https://www.jumbo.com.ar/vino-piatelli-cabernet-sauv-x750cc-bot-cc-750-2/p
2,Jumbo; ChangoMás,tinto,Vino Tinto Cabernet Sauvignon 750 Ml Don Valentin,DON VALENTIN,4950,4950,https://www.jumbo.com.ar/vino-don-valentin-lacrado-cabernet-sauvignon-7-750-ml/p
2,Jumbo; ChangoMás,tinto,Vino Tinto Cabernet Sauvignon 750 Ml Esmeralda,ESMERALDA,10050,10050,https://www.jumbo.com.ar/vino-esmeralda-cabernet-sauvignon-750-ml/p
2,Jumbo; ChangoMás,tinto,Vino Tinto Cabernet Sauvignon 750 Ml Fran,FRAN,7050,7050,https://www.jumbo.com.ar/vino-fran-cabernet-sauvignon-750ml/p
2,Jumbo; ChangoMás,tinto,Vino Tinto Cabernet Sauvignon 750 Ml Los Haroldos Estate,ESTATE,5999,6400,https://www.jumbo.com.ar/vino-tinto-cabernet-sauvignon-750-cc-los-haroldos-estate/p
2,Jumbo; ChangoMás,tinto,Vino Tinto Cabernet Sauvignon 750 Ml Sade,SADE,5579,5750,https://www.jumbo.com.ar/vino-cabernet-750-ml-sade/p
2,Jumbo; ChangoMás,tinto,Vino Tinto Cabernet Sauvignon Roble 750 Cc San Felipe,SAN FELIPE,6699,6700,https://www.jumbo.com.ar/vino-tinto-san-felipe-cabernet-sauvignon-roble-750-cc/p
2,Jumbo; ChangoMás,tinto,Vino Tinto Cabernet y Malbec 750 Cc Rutini,RUTINI,19700,30799,https://www.jumbo.com.ar/vino-tinto-rutini-cabernet-malbec-750-cc/p
2,Jumbo; ChangoMás,tinto,Vino Tinto Cabernet y Malbec 750 Cc Uxmal,UXMAL,8500,8500,https://www.jumbo.com.ar/vino-tinto-uxmal-cabernet-malbec-750-cc-2/p
2,Jumbo; ChangoMás,tinto,Vino Tinto Cafayate Reserve Cabernet Sauvignon 750 Cc,CAFAYATE,9829,10350,https://www.jumbo.com.ar/vino-tinto-cafayate-reserve-cabernet-sauvignon-750-cc/p
2,Jumbo; ChangoMás,tinto,Vino Tinto Capítulo Dos Cabernet Sauvignon 750 Cc Ruca Malen,RUCA MALEN,19800,19800,https://www.jumbo.com.ar/vino-ruca-malen-cap-dos-cbs-750cc/p
2,Jumbo; ChangoMás,tinto,Vino Tinto Clos Du Moulin Blend 750 Cc,CLOS DU MOULIN,1116,1116,https://www.jumbo.com.ar/vino-tinto-clos-du-moulin-blend-750-cc/p
2,Jumbo; ChangoMás,tinto,Vino Tinto Coliman Clasico Tinto 750 Cc,COLIMAN,115,115,https://www.jumbo.com.ar/vino-tinto-coliman-clasico-tinto-750-cc/p
2,Jumbo; ChangoMás,tinto,Vino Tinto Corte de Tintas 750 Ml Killka,KILLKA,9789,10300,https://www.jumbo.com.ar/vino-corte-de-tintas-750-cc-killka/p
2,Jumbo; ChangoMás,tinto,Vino Tinto Corte de Tintas 750 Ml Salentein,SALENTEIN,16700,16700,https://www.jumbo.com.ar/vino-salentein-reserve-corte-de-tintas/p
2,Jumbo; Día,tinto,Vino Tinto Dulce Natural 269 Ml Santa Julia,SANTA JULIA,3191,3200,https://www.jumbo.com.ar/vino-dulce-tinto-lata-269-ml-santa-julia/p
2,Jumbo; ChangoMás,tinto,Vino Tinto Dulce Tardío 750 Cc Callia,CALLIA,5500,5699,https://www.jumbo.com.ar/vino-callia-tardio-tinto-750cc/p
2,Jumbo; ChangoMás,tinto,Vino Tinto Elegido Malbec 750 Cc,ELEGIDO,5450,5450,https://www.jumbo.com.ar/vino-tinto-elegido-malbec-750-cc/p
2,Jumbo; ChangoMás,tinto,Vino Tinto Esmeralda Fernandez Malbec 750 Cc,ESMERALDA,172,9369,https://www.jumbo.com.ar/vino-tinto-esmeralda-fernandez-malbec-750-cc/p
2,Día; ChangoMás,tinto,Vino Tinto Estate Malbec 750 ml.,ESTATE,5999,6370,https://diaonline.supermercadosdia.com.ar/vino-tinto-estate-malbec-750-ml-236352/p
2,Jumbo; ChangoMás,tinto,Vino Tinto Finca La Linda Syrah 750 Cc,FINCA LA LINDA,38,38,https://www.jumbo.com.ar/vino-tinto-finca-la-linda-syrah-750-cc/p
2,Jumbo; ChangoMás,tinto,Vino Tinto Fuego Negro Cabernet Sauvignon 750 Cc,FUEGO NEGRO,544,544,https://www.jumbo.com.ar/vino-tinto-fuego-negro-cabernet-sauvignon-750-cc/p
2,Jumbo; ChangoMás,tinto,Vino Tinto Gran Reserva Cabernet Sauvignon 750 Cc Durigutti,DURIGUTTI,18600,34250,https://www.jumbo.com.ar/vino-gran-reserva-cabernet-sauvignon-x-750-cc-durigutti/p
2,Jumbo; ChangoMás,tinto,Vino Tinto Hereford 750 Cc,HEREFORD,2932,2932,https://www.jumbo.com.ar/vino-tinto-hereford-750-cc/p
2,Jumbo; ChangoMás,tinto,Vino Tinto Malbec 187 Cc Malamado,MALAMADO,8400,8400,https://www.jumbo.com.ar/vino-malamado-malbec-x-187-cc/p
2,Jumbo; ChangoMás,tinto,Vino Tinto Malbec 750 Cc Alambrado,ALAMBRADO,11100,11100,https://www.jumbo.com.ar/vino-alambrado-malbec-x-750-cc/p
2,Jumbo; ChangoMás,tinto,Vino Tinto Malbec 750 Cc Altos del Plata,ALTOS DEL PLATA,10189,10190,https://www.jumbo.com.ar/vino-tinto-altos-del-plata-malbec-750-cc/p
2,Jumbo; ChangoMás,tinto,Vino Tinto Malbec 750 Cc Artesano,ARTESANO,11950,11950,https://www.jumbo.com.ar/vino-artesano-organico-malbec-750cc/p
2,Jumbo; ChangoMás,tinto,Vino Tinto Malbec 750 Cc Bianchi,BIANCHI,7050,7050,https://www.jumbo.com.ar/vino-bianchi-varietal-malbec-750cc/p
2,Jumbo; ChangoMás,tinto,Vino Tinto Malbec 750 Cc Casillero del Diablo,CASILLERO DEL DIABLO,9499,9800,https://www.jumbo.com.ar/casillero-del-diablo-malbec-x-750-cc/p
2,Jumbo; ChangoMás,tinto,Vino Tinto Malbec 750 Cc Chateau Vieux,CHATEAU VIEUX,15850,15850,https://www.jumbo.com.ar/vino-tinto-malbec-750-cc-chateau-vieux/p
2,Jumbo; ChangoMás,tinto,Vino Tinto Malbec 750 Cc Circus,CIRCUS,5550,5600,https://www.jumbo.com.ar/vino-tinto-circus-malbec-750-cc/p
2,Jumbo; ChangoMás,tinto,Vino Tinto Malbec 750 Cc Cuesta del Madero,CUESTA DEL MADERO,5599,5650,https://www.jumbo.com.ar/vino-cuesta-del-madero-roble-malbec-750cc/p
2,Jumbo; ChangoMás,tinto,Vino Tinto Malbec 750 Cc Dante Robino,DANTE,8849,8849,https://www.jumbo.com.ar/vino-malbec-x-750-cc-dante-robino/p
2,Jumbo; ChangoMás,tinto,Vino Tinto Malbec 750 Cc Emilia,EMILIA,8199,8450,https://www.jumbo.com.ar/vino-emilia-malbec-750cc/p
2,Jumbo; ChangoMás,tinto,Vino Tinto Malbec 750 Cc Encuentro,ENCUENTRO,16500,16500,https://www.jumbo.com.ar/vino-tinto-encuentro-malbec-750-cc/p
2,Jumbo; ChangoMás,tinto,Vino Tinto Malbec 750 Cc Eugenio Bustos Leyenda,EUGENIO BUSTOS,7650,7650,https://www.jumbo.com.ar/vino-eugenio-bustos-leyenda-malbec-750cc-2/p
2,Jumbo; ChangoMás,tinto,Vino Tinto Malbec 750 Cc Fabre Montmayou,FABRE MONTMAYOU,17499,17850,https://www.jumbo.com.ar/vino-fabre-terruno-malbec-x-750-cc/p
2,Jumbo; ChangoMás,tinto,Vino Tinto Malbec 750 Cc Famiglia Bianchi,FAMIGLIA BIANCHI,10350,10350,https://www.jumbo.com.ar/vino-famiglia-malbec-750cc/p
2,Jumbo; ChangoMás,tinto,Vino Tinto Malbec 750 Cc La Celia Pioneer,LA CELIA,14900,14900,https://www.jumbo.com.ar/vino-la-celia-pioneer-malbec-750cc-2/p
2,Jumbo; ChangoMás,tinto,Vino Tinto Malbec 750 Cc La Mascota,LA MASCOTA,24850,24850,https://www.jumbo.com.ar/vino-malbec-x-750-cc-la-mascota/p
2,Jumbo; ChangoMás,tinto,Vino Tinto Malbec 750 Cc Latitud 33,LATITUD 33,7019,7020,https://www.jumbo.com.ar/vino-latitud-33-malbec-750-cc/p
2,Jumbo; ChangoMás,tinto,Vino Tinto Malbec 750 Cc Libre Norton,NORTON,10950,10950,https://www.jumbo.com.ar/vino-norton-libre-malbec-750-cc-2/p
2,Jumbo; ChangoMás,tinto,Vino Tinto Malbec 750 Cc Los Pasos,LOS PASOS,4800,4800,https://www.jumbo.com.ar/vino-los-pasos-malbec/p
2,Jumbo; ChangoMás,tinto,Vino Tinto Malbec 750 Cc Luigi Bosca,LUIGI BOSCA,17999,19400,https://www.jumbo.com.ar/vino-tinto-malbec-750-ml-luigi-bosca/p
2,Jumbo; ChangoMás,tinto,Vino Tinto Malbec 750 Cc Nieto Senetiner Patrimonial,NIETO & SENETINER,13400,13400,https://www.jumbo.com.ar/vino-nieto-senetiner-patrimonial-malbec-doc-75/p
2,Jumbo; ChangoMás,tinto,Vino Tinto Malbec 750 Cc Ö-61,0-61,11700,11700,https://www.jumbo.com.ar/vino-o-61-malbec-750-cc/p
2,Jumbo; ChangoMás,tinto,Vino Tinto Malbec 750 Cc Pacheco Pereda,PACHECO PEREDA,6099,6250,https://www.jumbo.com.ar/vino-pacheco-pereda-familia-malbec-750cc/p
2,Jumbo; ChangoMás,tinto,Vino Tinto Malbec 750 Cc Paz,FINCA LAS MORAS,15350,15350,https://www.jumbo.com.ar/vino-tinto-malbec-750-ml-paz/p
2,Jumbo; ChangoMás,tinto,Vino Tinto Malbec 750 Cc Pyros,PYROS,28950,28950,https://www.jumbo.com.ar/vino-pyros-single-vineyard-malbec-750cc/p
2,Jumbo; ChangoMás,tinto,Vino Tinto Malbec 750 Cc San Felipe,SAN FELIPE,5500,5500,https://www.jumbo.com.ar/vino-tinto-san-felipe-malbec-750-cc/p
2,Jumbo; ChangoMás,tinto,Vino Tinto Malbec 750 Cc Santa Julia Magna,SANTA JULIA,13300,21499,https://www.jumbo.com.ar/vino-magna-malbec-x-750-cc-santa-julia/p
2,Jumbo; ChangoMás,tinto,Vino Tinto Malbec 750 Cc Saurus,SAURUS,16850,16850,https://www.jumbo.com.ar/vino-tinto-saurus-malbec-750-cc/p
2,Jumbo; ChangoMás,tinto,Vino Tinto Malbec 750 Cc Trumpeter,TRUMPETER,10949,10950,https://www.jumbo.com.ar/vino-tinto-trumpeter-malbec-750-cc/p
2,Jumbo; ChangoMás,tinto,Vino Tinto Malbec 750 Cc Viejo Rincón,VIEJO RINCON,3800,3800,https://www.jumbo.com.ar/vino-viejo-rincon-malbec-750cc/p
2,Jumbo; ChangoMás,tinto,Vino Tinto Malbec 750 Ml Familia Gascón,FAMILIA GASCON,8200,8250,https://www.jumbo.com.ar/vino-familia-gascon-malbec-750-ml-escorihuela-gascon/p
2,Jumbo; ChangoMás,tinto,Vino Tinto Malbec 750 Ml Gran Dante,DANTE,45114,45114,https://www.jumbo.com.ar/vino-malbec-750-ml-gran-dante/p
2,Jumbo; ChangoMás,tinto,Vino Tinto Malbec 750 Ml La Linda,LA LINDA,11700,11700,https://www.jumbo.com.ar/vino-tinto-malbec-750-ml-la-linda/p
2,Jumbo; ChangoMás,tinto,Vino Tinto Malbec 750 Ml Primus,PRIMUS,77600,77600,https://www.jumbo.com.ar/vino-salentein-primus-malbec-750-ml/p
2,Jumbo; ChangoMás,tinto,Vino Tinto Malbec 750 Ml Puramun,PURAMUN,15900,15900,https://www.jumbo.com.ar/vino-puramun-malbec-750-ml/p
2,Jumbo; ChangoMás,tinto,Vino Tinto Malbec 750 Ml Ruca Malen Capitulo Uno,RUCA MALEN,11299,11650,https://www.jumbo.com.ar/vino-ruca-malen-capitulo-uno-malbec-750/p
2,Jumbo; ChangoMás,tinto,Vino Tinto Malbec Altura 750 Cc Norton,NORTON,19500,19500,https://www.jumbo.com.ar/vino-norton-altura-malbec-750-cc/p
2,Jumbo; ChangoMás,tinto,Vino Tinto Malbec Gran Reserva 750 Cc Humberto Canale,HUMBERTO CANALE,44550,44550,https://www.jumbo.com.ar/vino-humberto-canale-gran-reserva-malbec/p
2,Día; ChangoMás,tinto,Vino Tinto Malbec Muñeco Rebelde 750 Ml.,MUÑECO REBELDE,3990,4700,https://diaonline.supermercadosdia.com.ar/vino-tinto-malbec-muneco-rebelde-750-ml-5609/p
2,Jumbo; ChangoMás,tinto,Vino Tinto Malbec Numina 750 Cc Salentein,SALENTEIN,20799,21250,https://www.jumbo.com.ar/vino-tinto-malbec-numina-750-cc-salentein/p
2,Jumbo; ChangoMás,tinto,Vino Tinto Malbec Reserva 750 Ml Terrazas de los Andes,TERRAZAS,18149,18150,https://www.jumbo.com.ar/vino-terrazas-de-los-andes-reserva-malbec-750ml/p
2,Jumbo; ChangoMás,tinto,Vino Tinto Malbec Serie A 375 Cc Zuccardi,ZUCCARDI,10150,17279,https://www.jumbo.com.ar/vino-zuccardi-serie-a-malbec-x-375-cc/p
2,Jumbo; Día,tinto,Vino Tinto Malbec y Cabernet Franc 750 Cc La Celia,LA CELIA,10550,10790,https://www.jumbo.com.ar/vino-la-celia-reserva-malbec-cabernet-franc-750cc-2/p
2,Jumbo; ChangoMás,tinto,Vino Tinto Malbec y Cabernet Franc y Petit Verdot 750 Ml Nieto Senetiner,NIETO & SENETINER,11900,11900,https://www.jumbo.com.ar/vino-nieto-senetiner-malbec-cab-fr-750ml/p
2,Jumbo; ChangoMás,tinto,Vino Tinto Malbec y Cabernet Sauvignon 750 Cc Finca Natalina,FINCA NATALINA,16650,16650,https://www.jumbo.com.ar/vino-finca-natalina-autentico-mal-cab-sauv/p
2,Jumbo; ChangoMás,tinto,Vino Tinto Marcus Malbec 750 Cc,MARCUS,7600,7600,https://www.jumbo.com.ar/vino-tinto-marcus-malbec-750-cc/p
2,Jumbo; ChangoMás,tinto,Vino Tinto Michel Torino Abocado 700 Cc,MICHEL TORINO,48,48,https://www.jumbo.com.ar/vino-tinto-michel-torino-abocado-700-cc-2/p
2,Jumbo; ChangoMás,tinto,Vino Tinto Pinot Noir 750 Cc Colección Privada Navarro Correas,NAVARRO CORREAS,10950,10950,https://www.jumbo.com.ar/vino-pinot-750-ml-coleccion-privada/p
2,Jumbo; ChangoMás,tinto,Vino Tinto Pinot Noir 750 Ml Fin del Mundo,FIN DEL MUNDO,16600,16600,https://www.jumbo.com.ar/vino-fin-del-mundo-organic-vineyards-pinot-noi/p
2,Jumbo; ChangoMás,tinto,Vino Tinto Red Blend 750 Cc Ö-61,0-61,11700,11700,https://www.jumbo.com.ar/vino-o-61-red-blend-750-cc/p
2,Jumbo; ChangoMás,tinto,Vino Tinto Red Blend 750 Ml Aimé,AIMÉ,6800,6800,https://www.jumbo.com.ar/vino-aime-red-blend-750/p
2,Jumbo; ChangoMás,tinto,Vino Tinto Red Blend 750 Ml Los Arboles,LOS ARBOLES,6309,6800,https://www.jumbo.com.ar/vino-red-blend-750-ml-los-arboles/p
2,Jumbo; ChangoMás,tinto,Vino Tinto Red Blend 750 Ml Los Pasos,LOS PASOS,5150,5150,https://www.jumbo.com.ar/vino-los-pasos-red-blend-750-ml/p
2,Jumbo; ChangoMás,tinto,Vino Tinto Rum Barrel Blend 750 Cc Los Intocables,LOS INTOCABLES,13300,13300,https://www.jumbo.com.ar/los-intocables-rum-barrel-blend-botella-750cc/p
2,Jumbo; ChangoMás,tinto,Vino Tinto Syrah 750 Cc Toia Putruele,PUTRUELE,32050,32050,https://www.jumbo.com.ar/gran-syrah-putruele-toia-2/p
2,Jumbo; ChangoMás,tinto,Vino Tinto Tocornal Dulce 750 Cc,TOCORNAL,38,38,https://www.jumbo.com.ar/vino-tinto-tocornal-dulce-750-cc/p
2,Día; ChangoMás,tinto,Vino Tinto Toro Tetra Brick 1 Lt.,TORO (VINO),2700,2700,https://diaonline.supermercadosdia.com.ar/vino-tinto-toro-tetra-brick-1-lt-275190/p
2,Día; ChangoMás,tinto,Vino Tinto Trapiche Alaris Cabernet Sauvignon 750 ml.,ALARIS,5769,5769,https://diaonline.supermercadosdia.com.ar/vino-tinto-trapiche-alaris-cabernet-sauvignon-750-ml-80481/p
2,Jumbo; ChangoMás,tinto,Vino Tinto Valmont 750 Cc,VALMONT,707,707,https://www.jumbo.com.ar/vino-tinto-valmont-750-cc/p
2,Jumbo; ChangoMás,tinto,Vino Traful Malbec Tinto,TRAFUL,1250,1250,https://www.jumbo.com.ar/vino-traful-malbec-tinto/p
2,Jumbo; ChangoMás,tinto,Vino Trivento Golden Reserve Syrah 750 Cc,TRIVENTO,405,405,https://www.jumbo.com.ar/vino-trivento-golden-reserve-syrah-750-cc/p
2,Jumbo; ChangoMás,tinto,Vino Trivento Syrah,TRIVENTO,22,9499,https://www.jumbo.com.ar/vino-trivento-syrah/p
2,Jumbo; ChangoMás,tinto,Vino Ugarteche Cabernet,SIN MARCA,2969,5749,https://www.jumbo.com.ar/vino-ugarteche-cabernet/p
2,Jumbo; ChangoMás,tinto,Vino Ugarteche Selección Del Enologo,SIN MARCA,2969,2969,https://www.jumbo.com.ar/vino-ugarteche-seleccion-del-enologo/p
2,Jumbo; ChangoMás,tinto,Vino Valderrobles Tinto 750 Cc,VALDERROBLES,139,139,https://www.jumbo.com.ar/vino-valderrobles-tinto-750-cc/p
2,Jumbo; ChangoMás,tinto,Vino Viñalba Reserva Cabernet Franc,VIÑALBA,9900,9900,https://www.jumbo.com.ar/vino-vinalba-reserva-cabernet-franc/p
2,Jumbo; ChangoMás,tinto,Vino Viñas & Parrales Malbec 750cc,VIÑAS & PARRALES,3400,3400,https://www.jumbo.com.ar/vino-vinas-parrales-malbec-750cc/p
2,Jumbo; ChangoMás,tinto,Vino Zumuva Tinto Dulce 1 L,ZUMUVA,2500,2500,https://www.jumbo.com.ar/vino-zumuva-tinto-dulce-1-l/p
1,Winery,blanco,ABRASADO TERROIR SELECTION CHARDONNAY &#8211; 6 X 750 ML,,0,0,https://tiendadevinos.ar/abrasado-terroir-selection-chardonnay-6-x-750-ml/
1,ChangoMás,blanco,Anana Fizz Sin Alcohol Fiesta 1lt,Fizz,,,https://www.masonline.com.ar/anana-fizz-sin-alcohol-fiesta-1lt-2/p
1,Winery,blanco,ARGENTO RESERVA CHARDONNAY Caja x 6 por 750ML,,0,0,https://tiendadevinos.ar/argento-reserva-chardonnay-caja-x-6-por-750ml/
1,Día,blanco,Bebida Alcohólica Vin Up Blanco brik 1 Lt.,VIN UP,1700,1700,https://diaonline.supermercadosdia.com.ar/bebida-alcoholica-vin-up-blanco-brik-1-lt-236575/p
1,Día,blanco,Chenin Dulce Lata Santa Julia 269 Ml.,SANTA JULIA,3342,3342,https://diaonline.supermercadosdia.com.ar/chenin-dulce-lata-santa-julia-269-ml-308584/p
1,Jumbo,blanco,Circus Juno Viognier Chardonay,CIRCUS,169,169,https://www.jumbo.com.ar/circus-juno-viognier-chardonay/p
1,Winery,blanco,COLOME &#8211; TORRONTES 6X750ML,,13159,13159,https://tiendadevinos.ar/colome-torrontes-6x750ml/
1,Winery,blanco,CUVEE RESERVE CHARDONNAY &#8211; Caja x 6 X 750 ML,,4249,4249,https://tiendadevinos.ar/cuvee-reserve-chardonnay-caja-x-6-x-750-ml/
1,Winery,blanco,ESCORIHUELA GASCÓN SAUVIGNON BLANC &#8211; CAJA X 6 X 750 ML,,16300,16300,https://tiendadevinos.ar/escorihuela-gascon-sauvignon-blanc-caja-x-6-x-750-ml/
1,Winery,blanco,ESCORIHUELA GRAN RESERVA CHARDONNAY &#8211; Caja x 6 X 750 ML,,16200,16200,https://tiendadevinos.ar/escorihuela-gran-reserva-chardonnay-caja-x-6-x-750-ml/
1,Winery,blanco,FAMILIA GASCON CHARDONNAY &#8211; Caja x 6 X 750 ML,,10340,10340,https://tiendadevinos.ar/familia-gascon-chardonnay-caja-x-6-x-750-ml/
1,Winery,blanco,FAMILIA GASCON ROBLE CHARDONNAY &#8211; Caja x 6 X 750 ML,,11640,11640,https://tiendadevinos.ar/familia-gascon-roble-chardonnay-caja-x-6-x-750-ml/
1,Jumbo,blanco,Frizante New Age Blanco Lata 269 Ml,NEW AGE,700,700,https://www.jumbo.com.ar/frizante-new-age-blanco-lata-269-ml/p
1,Jumbo,blanco,Frizze Classic Blanco,FRIZZE,11,11,https://www.jumbo.com.ar/frizze-classic-blanco/p
1,Winery,blanco,FUEGO BLANCO FLINTSTONE CABERNET FRANC &#8211; Caja x 6 X 750 ML,,0,0,https://tiendadevinos.ar/fuego-blanco-flintstone-cabernet-franc-caja-x-6-x-750-ml/
1,Winery,blanco,FUEGO BLANCO FLINTSTONE MALBEC &#8211; Caja x 6 X 750 ML,,0,0,https://tiendadevinos.ar/fuego-blanco-flintstone-malbec-caja-x-6-x-750-ml/
1,Winery,blanco,FUEGO BLANCO SV PEDERNAL VALLEY RED BLEND CAB FRANC MALBEC &#8211; Caja 6 X 750 Ml,,0,0,https://tiendadevinos.ar/fuego-blanco-sv-pedernal-valley-red-blend-cab-franc-malbec-caja-6-x-750-ml/
1,Jumbo,blanco,Gancia Pera Y Sauco X 750 Ml,GANCIA,260,260,https://www.jumbo.com.ar/gancia-pera-y-sauco-x-750-ml/p
1,Winery,blanco,LA POSTA BLANCO WHITE BLEND &#8211; Caja x 6 X 750 ML,,11599,11599,https://tiendadevinos.ar/la-posta-blanco-white-blend-caja-x-12-x-750-ml/
1,Winery,blanco,LUCA CHARDONNAY G LOT &#8211; Caja x 6 X 750 ML,,22500,22500,https://tiendadevinos.ar/luca-chardonnay-g-lot-caja-x-6-x-750-ml/
1,Winery,blanco,PASARISA TORRONTÉS (SALTA) -Caja x 6 X 750 ML,,9990,9990,https://tiendadevinos.ar/pasarisa-torrontes-salta-caja-x-6-x-750-ml/
1,Winery,blanco,PETIT FLEUR CHARDONNAY 2018 &#8211; Caja x 6 X 750 ML,,11599,11599,https://tiendadevinos.ar/petit-fleur-chardonnay-2018-caja-x-6-x-750-ml/
1,ChangoMás,blanco,Santa Claus Clericó 1lt,Generico,,,https://www.masonline.com.ar/santa-claus-clerico-1lt-2/p
1,ChangoMás,blanco,Spritzer De Maracuyá 355 Ml,Generico,,,https://www.masonline.com.ar/spritzer-de-maracuya-355-ml-2/p
1,Winery,blanco,TOMERO SAUVIGNON BLANC &#8211; Caja x 6 X 750 ML,,12375,12375,https://tiendadevinos.ar/tomero-sauvignon-blanc-caja-x-6-x-750-ml/
1,ChangoMás,blanco,Torrontés Blanco Finca La Linda 750cc,Luigi Bosca,,,https://www.masonline.com.ar/torrontes-blanco-finca-la-linda-750cc-2/p
1,Jumbo,blanco,Trivento Brisa De Abril Cosecha Tardía X 500cc,TRIVENTO,44,44,https://www.jumbo.com.ar/trivento-brisa-de-abril-cosecha-tardia-x-500cc/p
1,Winery,blanco,TRIVENTO RESERVE CHARDONNAY &#8211; Caja x 6 X 750 ML,,0,0,https://tiendadevinos.ar/trivento-reserve-chardonnay-caja-x-6-x-750-ml/
1,Jumbo,blanco,V Benjamin Nieto Coleccion Tardia Dulce Natural-bot-cc.-375,BENJAMIN,30,30,https://www.jumbo.com.ar/v-benjamin-nieto-coleccion-tardia-dulce-natural-bot-cc-375/p
1,Jumbo,blanco,V Humb Canal Estat Sauvi Bla,HUMBERTO CANALE,97,97,https://www.jumbo.com.ar/v-humb-canal-estat-sauvi-bla/p
1,Jumbo,blanco,Vino  Granaderos Chardonnay/viognier-bot-cc.-750,GRANADEROS,30,30,https://www.jumbo.com.ar/vino-granaderos-chardonnay-viognier-bot-cc-750/p
1,Jumbo,blanco,Vino  Simonassi Chenin Tocai X 750 Cc Sin Atributo Sin Atributo Sin Atributo Sin Atributo,SIMONASSI,,,https://www.jumbo.com.ar/vino-simonassi-chenin-tocai-169772/p
1,Jumbo,blanco,Vino 'del Valle' Blanco Selecci¢n X 700 Cc.,DEL VALLE,,,https://www.jumbo.com.ar/vino-del-valle-blanco-seleccion-145154/p
1,Jumbo,blanco,Vino Aberdeen Angus Chablis-bot-cc.-700,ABERDEEN ANGUS,17,17,https://www.jumbo.com.ar/vino-aberdeen-angus-chablis/p
1,Jumbo,blanco,Vino Aberdeen Angus Chablisters Botella 750 Cc,ABERDEEN ANGUS,7,7,https://www.jumbo.com.ar/vino-aberdeen-angus-chablisters-botella-750-cc/p
1,Jumbo,blanco,Vino Aberdeen Angus Chardonnay Bot 750 Cc.,ABERDEEN ANGUS,44,44,https://www.jumbo.com.ar/vino-aberdeen-angus-chardonnay-bot-750-cc/p
1,Jumbo,blanco,Vino Alamos Dulce Natural 750cc,AUTENTICO,6736,6736,https://www.jumbo.com.ar/vino-alamos-dulce-natural-750cc/p
1,Jumbo,blanco,Vino Alamos Seleccion De V Torrontes-bot-cc.-750,ALAMOS,50,50,https://www.jumbo.com.ar/vino-alamos-seleccion-de-v-torrontes-bot-cc-750/p
1,Jumbo,blanco,Vino Alem Erben Trocken Bco,SIN MARCA,17,17,https://www.jumbo.com.ar/vino-alem-erben-trocken-bco-289866/p
1,Jumbo,blanco,Vino Alem Riesl Classic,SIN MARCA,21,21,https://www.jumbo.com.ar/vino-alem-riesl-classic/p
1,Jumbo,blanco,Vino Alem Rivaner Riesl Semisec Bl,RIVANER RIESLING,38,38,https://www.jumbo.com.ar/vino-alem-rivaner-riesl-semisec-bl/p
1,Jumbo,blanco,Vino Alfredo Roca Chenin,ALFREDO ROCA,18,18,https://www.jumbo.com.ar/vino-alfredo-roca-chenin-x-750-cc/p
1,Jumbo,blanco,Vino Alfredo Roca Reserva Chardonn,ALFREDO ROCA,48,48,https://www.jumbo.com.ar/vino-alfredo-roca-reserva-chardonn-290622/p
1,Jumbo,blanco,Vino Alfredo Roca Reserva Tocai,ALFREDO ROCA,46,46,https://www.jumbo.com.ar/vino-alfredo-roca-reserva-tocai-290621/p
1,Jumbo,blanco,Vino Alfredo Roca Tocai Fruilano,ALFREDO ROCA,249,249,https://www.jumbo.com.ar/vino-alfredo-roca-tocai/p
1,Jumbo,blanco,Vino Alma Negra Blanc De Blancs-bot-cc.-750,ALMA NEGRA,377,377,https://www.jumbo.com.ar/vino-alma-negra-blanc-de-blancs-bot-cc-750/p
1,Jumbo,blanco,Vino Alta Vista Classic Reserva Chardonnay. Botella X 750cc,ALTA VISTA,74,74,https://www.jumbo.com.ar/vino-alta-vista-classic-reserve-chardonnay/p
1,Jumbo,blanco,Vino Alta Vista Classic Reserva Torrontés. Botella X 750cc,ALTA VISTA,74,74,https://www.jumbo.com.ar/vino-alta-vista-classic-reserva-torrontes-botella-x-750cc/p
1,Jumbo,blanco,Vino Alto Molino Ttes 750cc,PIATELLI,8550,8550,https://www.jumbo.com.ar/vino-alto-molino-ttes-750cc/p
1,Jumbo,blanco,Vino Alto Uxmal Pinot Grigio-bot-cc.-750,UXMAL,214,214,https://www.jumbo.com.ar/vino-alto-uxmal-pinot-grigio/p
1,Jumbo,blanco,Vino Alto Uxmal Sauvignon Blanc,UXMAL,208,208,https://www.jumbo.com.ar/vino-alto-uxmal-sauvignon-blanc/p
1,Jumbo,blanco,Vino Altosur Sauvignon Blanc X 750 Cc,ALTOSUR,219,219,https://www.jumbo.com.ar/vino-altosur-sauvignon-blanc-x-750-cc/p
1,Jumbo,blanco,Vino Altus Chardonnay-reserva-bot-cc.-750,ALTUS,,,https://www.jumbo.com.ar/vino-altus-chardonnay-reserva-bot-cc-750/p
1,Jumbo,blanco,Vino Amenní Blanco X 750 Ml,AMENNÍ,133,133,https://www.jumbo.com.ar/vino-amenni-blanco-x-750-ml/p
1,Jumbo,blanco,Vino Ampakama Chardonnay X 750cc,AMPAKAMA,21,21,https://www.jumbo.com.ar/vino-ampakama-chardonnay-x-750cc/p
1,Jumbo,blanco,Vino Ampakama Intenso Chardonay-bot-cc.-750,AMPAKAMA,23,23,https://www.jumbo.com.ar/vino-ampakama-intenso-chardonay-bot-cc-750/p
1,Jumbo,blanco,Vino Ampakama Viognier X 750 Ml,AMPAKAMA,122,122,https://www.jumbo.com.ar/vino-ampakama-viognier-x-750-ml/p
1,Jumbo,blanco,Vino Araucal Chard/torr  X 750 Cc,ARAUCAL,57,57,https://www.jumbo.com.ar/vino-araucal-chard-torr-x-750-cc/p
1,Jumbo,blanco,Vino Arizu Blanco Brk,ARIZU,468,468,https://www.jumbo.com.ar/vino-arizu-blanco-brk/p
1,Jumbo,blanco,Vino Asterisco Blanco X750cc,BALBO,62,62,https://www.jumbo.com.ar/vino-asterisco-blanco-x750cc/p
1,Jumbo,blanco,Vino Atilio Avena Blanco Clasico Botella 750 Cc,ATILIO AVENA,25,25,https://www.jumbo.com.ar/vino-atilio-avena-blanco-clasico-x-750-cc/p
1,Jumbo,blanco,Vino Atilio Avena Chardonnay   Bot 750 Cc.,ATILIO AVENA,,,https://www.jumbo.com.ar/vino-atilio-avena-chardonnay-bot-750-cc/p
1,Jumbo,blanco,Vino Ayres De Cafayate Torrontes X 750cc,ETCHART,30,30,https://www.jumbo.com.ar/vino-ayres-de-cafayate-torrontes-x-750cc/p
1,Jumbo,blanco,Vino Balbo Chardonnay Nueva Presentacion Botella 750 Cc,BALBO,81,81,https://www.jumbo.com.ar/vino-balbo-chardonnay-nueva-presentacion-botella-750-cc/p
1,Jumbo,blanco,Vino Benjamin Nieto Senetiner Chardonnay Cjax6-cja-cc.-790,NIETO,1225,1225,https://www.jumbo.com.ar/vino-benjamin-nieto-senetiner-chardonnay-cjax6-cja-cc-790-395092/p
1,Jumbo,blanco,Vino Bianchi Chardonnay Semillon Doc Botella 750 Cc,BIANCHI,16,16,https://www.jumbo.com.ar/vino-bianchi-chardonnay-semillon-doc-botella-750-cc/p
1,Jumbo,blanco,Vino Bianchi Genesis Sauvignon Blanc Botella 750 Cc,GENESIS,26,26,https://www.jumbo.com.ar/vino-bianchi-genesis-sauvignon-blanc-botella-750-cc/p
1,Jumbo,blanco,Vino Bianchi Marlo Dulce 750 Cc,BIANCHI,1141,1141,https://www.jumbo.com.ar/vino-bianchi-marlo-dulce-750-cc/p
1,Jumbo,blanco,Vino Blanc De Blancs 750cc Ferus,FERUS,16200,16200,https://www.jumbo.com.ar/vino-blanc-de-blancs-750cc-ferus/p
1,Jumbo,blanco,Vino Blanco  Martin Fierro X 750 Cc-chardonnay-bot-cc.-750,MARTIN FIERRO,159,159,https://www.jumbo.com.ar/vino-blanco-martin-fierro-x-750-cc-chardonnay-bot-cc-750-2/p
1,Jumbo,blanco,Vino Blanco  Martin Fierro X 750 Cc-torrontes-bot-cc.-750,MARTIN FIERRO,136,136,https://www.jumbo.com.ar/vino-blanco-martin-fierro-x-750-cc-torrontes-bot-cc-750-2/p
1,Jumbo,blanco,Vino Blanco 1.125 Lts Viñas de Alvear,VIÑAS DE ALVEAR,3300,3300,https://www.jumbo.com.ar/vino-vinas-de-alvear-clasico-blanco-1-125ml/p
1,Jumbo,blanco,Vino Blanco 1250 Cc Viñas de Alvear,VIÑAS DE ALVEAR,2900,2900,https://www.jumbo.com.ar/vino-blanco-fino-vias-de-alvear-1250-cc/p
1,Día,blanco,Vino Blanco 5 Flores Tardío 750 Ml.,5 FLORES,3990,3990,https://diaonline.supermercadosdia.com.ar/vino-blanco-5-flores-tardio-750-ml-264667/p
1,Jumbo,blanco,Vino Blanco Alamos Moscatel 750 Cc,ALAMOS,6736,6736,https://www.jumbo.com.ar/vino-blanco-alamos-moscatel-750-cc/p
1,ChangoMás,blanco,Vino Blanco Alaris Dulce Natural 750 Ml,Alaris,5319,5319,https://www.masonline.com.ar/vino-blanco-dulce-cosecha-trapiche-alaris-750-cc-2/p
1,Jumbo,blanco,Vino Blanco Alaris Varietales Sauvignon 375 Cc,TRAPICHE,90,90,https://www.jumbo.com.ar/vino-blanco-alaris-varietales-sauvignon-375-cc/p
1,Jumbo,blanco,Vino Blanco Albarín 750 Cc Lorca Calma Indómita,LORCA,17350,17350,https://www.jumbo.com.ar/vino-lorca-calma-indomita-albarin-750cc/p
1,Jumbo,blanco,Vino Blanco Alsacia Arthur Metz,SIN MARCA,24,24,https://www.jumbo.com.ar/vino-blanco-alsacia-arthur-metz-290852/p
1,Jumbo,blanco,Vino Blanco Altas Cumbres Viognier 750 Cc,LAGARDE,60,60,https://www.jumbo.com.ar/vino-blanco-altas-cumbres-viognier-750-cc/p
1,ChangoMás,blanco,Vino Blanco Amalaya Torrontes Riesgling 750 Ml,Amalaya,,,https://www.masonline.com.ar/vino-blanco-amalaya-torrontes-riesgling-750-ml/p
1,ChangoMás,blanco,Vino Blanco Argento Pinot Grigio Orgánico 750 Ml,Argento,,,https://www.masonline.com.ar/vino-blanco-argento-pinot-grigio-organico-750-ml/p
1,Jumbo,blanco,Vino Blanco Aristides Sauvignon Gold-bot-cc.-750,ARISTIDES,93,93,https://www.jumbo.com.ar/vino-blanco-aristides-sauvignon-gold/p
1,Jumbo,blanco,Vino Blanco Benegas Estate Sangiovese-bot-cc.-750,BENEGAS,211,211,https://www.jumbo.com.ar/vino-blanco-benegas-estate-sangiovese/p
1,ChangoMás,blanco,Vino Blanco Benjamin Nieto Torrontes 750 Ml,Benjamin,6499,6499,https://www.masonline.com.ar/vino-blanco-benjamin-nieto-torrontes-750-ml-2/p
1,Jumbo,blanco,Vino Blanco Blanc de Blancs 750 Cc Nicasia,NICASIA,13500,13500,https://www.jumbo.com.ar/vino-vineyard-blanc-de-blanc-750-cc-nicasia-2/p
1,Jumbo,blanco,Vino Blanco Blend 750 Cc Amalaya,AMALAYA,12250,12250,https://www.jumbo.com.ar/vino-blanco-de-corte-750-cc-amalaya/p
1,Jumbo,blanco,Vino Blanco Blend 750 Cc New Age,NEW AGE,5000,5000,https://www.jumbo.com.ar/vino-new-age-blanco-750cc/p
1,Jumbo,blanco,Vino Blanco Blend 750 Ml Valmont,VALMONT,650,650,https://www.jumbo.com.ar/vino-blanco-valmont-750-cc/p
1,Jumbo,blanco,Vino Blanco Blend de Blancas 750 Ml Dante Robino,ROBINO,6000,6000,https://www.jumbo.com.ar/vino-nave-robino-blend-de-blancas-botella-750mlx1/p
1,Jumbo,blanco,Vino Blanco Blend de Uvas Blancas 750 Cc Vasco Viejo,VASCO VIEJO,4050,4050,https://www.jumbo.com.ar/vino-vasco-viejo-blanco-seleccion/p
1,ChangoMás,blanco,Vino Blanco Cabernet Suavignon Santa Julia 750 Cc,Santa Julia,,,https://www.masonline.com.ar/vino-blanco-cabernet-suavignon-santa-julia-750-cc-2/p
1,ChangoMás,blanco,Vino Blanco Cafayate Chardo 750 Ml,Cafayate,,,https://www.masonline.com.ar/vino-blanco-cafayate-chardo-750-ml/p
1,Jumbo,blanco,Vino Blanco Cafayate Eserve Chardonnay 750 Cc,CAFAYATE,636,636,https://www.jumbo.com.ar/vino-blanco-cafayate-eserve-chardonnay-750-cc/p
1,ChangoMás,blanco,Vino Blanco Callia Blend Dulce Tardío Torrontés 750ml,Callia,,,https://www.masonline.com.ar/vino-tinto-callia-tardio-750-cc-2/p
1,ChangoMás,blanco,Vino Blanco Callia Esperado De Vioginer Torrontes 750 Cc,Callia,,,https://www.masonline.com.ar/vino-blanco-callia-esperado-de-vioginer-torrontes-750-cc-2/p
1,ChangoMás,blanco,Vino Blanco Canciller Blend Chenin Blanc Torrontés Chardonnay 1125ml,Canciller,,,https://www.masonline.com.ar/vino-blanco-canciller-blend-dulce-750-ml/p
1,ChangoMás,blanco,Vino Blanco Canciller Blend V Dulce 750 Ml,Canciller,3409,3409,https://www.masonline.com.ar/vino-blanco-canciller-blend-v-dulce-750-ml-2/p
1,ChangoMás,blanco,Vino Blanco Canciller Blend Xv Dulce 750cc,Canciller,,,https://www.masonline.com.ar/vino-blanco-canciller-blend-xv-dulce-750cc-2/p
1,ChangoMás,blanco,Vino Blanco Capriccio Dolcezza Dulce 750 Ml,Capriccio,,,https://www.masonline.com.ar/vino-blanco-chardonnay-capriccio-dolcezza-750-cc-2/p
1,ChangoMás,blanco,Vino Blanco Chacabuco Viog 750 Ml,Chacabuco,,,https://www.masonline.com.ar/vino-blanco-chacabuco-viog-750-ml/p
1,ChangoMás,blanco,Vino Blanco Chardonay Dante Robino 750cc,Dante Robino,,,https://www.masonline.com.ar/vino-blanco-chardonay-dante-robino-750cc-2/p
1,Jumbo,blanco,Vino Blanco Chardonnay 750 Cc Zuccardi Q,FAMILIA ZUCCARDI,29900,29900,https://www.jumbo.com.ar/vino-fino-q-familia-zuccardi-chardonnay-botella-750-cc/p
1,Jumbo,blanco,Vino Blanco Chardonnay 750 Ml Lindaflor,LINDA FLOR,40550,40550,https://www.jumbo.com.ar/vino-blanco-chardonnay-750-ml-lindaflor/p
1,ChangoMás,blanco,Vino Blanco Chardonnay Dolores Navarro Correas X750ml.,Navarro Correas,,,https://www.masonline.com.ar/vino-blanco-chardonnay-dolores-navarro-correas-x750ml-2/p
1,Jumbo,blanco,Vino Blanco Chardonnay y Semillon 750 Ml Australian Bush,AUSTRALIAN BUSH,12584,12584,https://www.jumbo.com.ar/vino-blanco-australian-bush-chardonnay-750ml/p
1,Jumbo,blanco,"Vino Blanco Chardonnay, Chenin y Semillón 750 Cc San Felipe",SAN FELIPE,6200,6200,https://www.jumbo.com.ar/vino-blanco-san-felipe-750-cc/p
1,Jumbo,blanco,Vino Blanco Chenin 750 Ml Cape Spring,CAPE SPRING,12584,12584,https://www.jumbo.com.ar/vino-blanco-cape-spring-chenin-750ml/p
1,Jumbo,blanco,Vino Blanco Chenin Dulce 355 Ml Santa Julia,SANTA JULIA,3300,3300,https://www.jumbo.com.ar/vino-santa-julia-chenin-dulce-lata-355-ml/p
1,Jumbo,blanco,Vino Blanco Chenin Dulce Natural 750 Cc Santa Julia,SANTA JULIA,2202,2202,https://www.jumbo.com.ar/vino-blanco-santa-julia-chenin-dulce-natural-750-cc/p
1,Jumbo,blanco,Vino Blanco Chenin y Sauvignon Blanc 750 Ml Colon,COLON,5800,5800,https://www.jumbo.com.ar/vino-colon-selecto-chennin-sauvig-blanco/p
1,Jumbo,blanco,Vino Blanco Ciclos Torrontés 750 Ml,CICLOS,42,42,https://www.jumbo.com.ar/vino-blanco-ciclos-torrontes-750-ml/p
1,ChangoMás,blanco,Vino Blanco Circus Roble Chardonay 750ml,Circus,,,https://www.masonline.com.ar/vino-blanco-circus-roble-chardonay-750ml-2/p
1,Jumbo,blanco,Vino Blanco Clara Benegas - 750ml,BENEGAS,1046,1046,https://www.jumbo.com.ar/vino-blanco-clara-benegas-750ml/p
1,ChangoMás,blanco,Vino Blanco Clásico 1895 750ml,1895,,,https://www.masonline.com.ar/vino-blanco-clasico-1895-750ml-2/p
1,ChangoMás,blanco,Vino Blanco Clasico Colon 700 Cc,Colon,,,https://www.masonline.com.ar/vino-blanco-clasico-colon-700-cc-2/p
1,Jumbo,blanco,Vino Blanco Colombard Chardonnay 750 Ml J.P. Chenet,J.P. CHENET,14520,14520,https://www.jumbo.com.ar/vino-blanco-j-p-chenet-colombard-chardonnay-7/p
1,Jumbo,blanco,Vino Blanco Colon Suvignon 750 Cc,COLON,37,37,https://www.jumbo.com.ar/vino-blanco-colon-suvignon-750-cc/p
1,ChangoMás,blanco,Vino Blanco Colon Torrontes Viogner 750 Ml,Colon,5699,5699,https://www.masonline.com.ar/vino-blanco-colon-torrontes-viogner-750-ml-2/p
1,Jumbo,blanco,Vino Blanco Cornejo Costas Chablis-bot-cc.-251,CORNEJO COSTAS,20,20,https://www.jumbo.com.ar/vino-blanco-cornejo-costas-chablis/p
1,Jumbo,blanco,Vino Blanco Corte de Blancas 750 Cc Salentein,SALENTEIN,16700,16700,https://www.jumbo.com.ar/vino-reserva-corte-de-blancas-x-750-cc-salentein/p
1,ChangoMás,blanco,Vino Blanco Cosecha Tardia Ed 2020 Norton 500 Ml,Norton,,,https://www.masonline.com.ar/vino-blanco-cosecha-tardia-ed-2020-norton-500-ml-2/p
1,Jumbo,blanco,Vino Blanco Cuba Mayor X 4.65 Lt,CUBA MAYOR,13,13,https://www.jumbo.com.ar/vino-blanco-cuba-mayor-x-4-65-lt/p
1,ChangoMás,blanco,Vino Blanco Dada 6 Honey 750 Ml,Dada,7739,7739,https://www.masonline.com.ar/vino-blanco-dada-n-6-honey-x750cc-2/p
1,ChangoMás,blanco,Vino Blanco Dalton 750cc,Dalton,,,https://www.masonline.com.ar/vino-blanco-dalton-750cc-2/p
1,ChangoMás,blanco,Vino Blanco Dante Robino Blend Chardonnay Sauvignon Blanc 750ml,Dante Robino,,,https://www.masonline.com.ar/vino-blanco-dante-robino-chardonnay-sauvignon-blanc-750-ml/p
1,ChangoMás,blanco,Vino Blanco De Sangre White Blend 750cc,Luigi Bosca,,,https://www.masonline.com.ar/vino-blanco-de-sangre-white-blend-750cc-2/p
1,Jumbo,blanco,Vino Blanco Deseado Torrontés Dulce Natural 750 Cc,SAURUS,19150,19150,https://www.jumbo.com.ar/vino-espumante-deseado-torrontes-x-750cc/p
1,Jumbo,blanco,Vino Blanco Diamandes De Uco Viognier 750 Cc,DIAMANDES,6300,6300,https://www.jumbo.com.ar/vino-blanco-diamandes-de-uco-viognier-750-cc/p
1,Jumbo,blanco,Vino Blanco Don Valent­in Lacrado Tottontes 750 Cc,DON VALENTIN,1400,1400,https://www.jumbo.com.ar/vino-blanco-don-valent-in-lacrado-tottontes-750-cc/p
1,ChangoMás,blanco,Vino Blanco Don Valentín Torrontés 750 Ml,Don Valentin,,,https://www.masonline.com.ar/vino-blanco-don-valentin-torrontes-750-ml-2/p
1,Jumbo,blanco,Vino Blanco Doña Paula Estate Sauvignon 750 Cc,DOÑA PAULA,638,638,https://www.jumbo.com.ar/vino-blanco-dona-paula-estate-sauvignon-750-cc/p
1,Jumbo,blanco,Vino Blanco Dulce  1125 Ml Viñas De Balbo,VIÑAS DE BALBO,,,https://www.jumbo.com.ar/vino-blanco-dulce-1125-ml-vinas-de-balbo/p
1,Día,blanco,Vino Blanco Dulce Callia Amable 750 Ml.,CALLIA,4990,4990,https://diaonline.supermercadosdia.com.ar/vino-blanco-dulce-callia-amable-750-ml-135721/p
1,Jumbo,blanco,Vino Blanco Dulce Chenin 750 Ml El Cazador,EL CAZADOR,6250,6250,https://www.jumbo.com.ar/vino-blanco-dulce-x-750-ml-el-cazador/p
1,Jumbo,blanco,Vino Blanco Dulce Chenin y Torrontés 750 Ml Chances,CHANCES,6350,6350,https://www.jumbo.com.ar/vino-chenin-torrontes-dulce-750ml-chances/p
1,ChangoMás,blanco,Vino Blanco Dulce Fuego Negro Natural 750 Cc,Fuego Negro,,,https://www.masonline.com.ar/vino-blanco-dulce-fuego-negro-natural-750-cc-2/p
1,ChangoMás,blanco,Vino Blanco Dulce Magnolia Dulce Natural 750 Ml,Magnolia,,,https://www.masonline.com.ar/vino-blanco-dulce-magnolia-dulce-natural-750-ml-2/p
1,Jumbo,blanco,Vino Blanco Dulce Moscatel 750 Cc Emilia,EMILIA,9050,9050,https://www.jumbo.com.ar/vino-emilia-dulce-natural-moscatel-750cc/p
1,Jumbo,blanco,Vino Blanco Dulce Natural 750 Cc Bravio,BRAVIO,6950,6950,https://www.jumbo.com.ar/vino-dulce-natural-750-cc-bravio-2/p
1,Día,blanco,Vino Blanco Dulce Natural Benjamin Nieto 750 Ml.,BENJAMIN NIETO,5790,5790,https://diaonline.supermercadosdia.com.ar/vino-blanco-dulce-natural-benjamin-nieto-750-ml-296967/p
1,Jumbo,blanco,Vino Blanco Dulce Natural Chardonnay 500 Ml Putruele,PUTRUELE,6900,6900,https://www.jumbo.com.ar/vino-putruele-tardio-de-abril-500/p
1,Jumbo,blanco,Vino Blanco Dulce Natural Chenin 750 Ml Chacabuco,CHACABUCO,6850,6850,https://www.jumbo.com.ar/vino-blanco-chenin-dulce-natural-750-ml-chacabuco/p
1,Jumbo,blanco,Vino Blanco Dulce Natural Sweet 750 Cc Piattelli,PIATELLI,10950,10950,https://www.jumbo.com.ar/vino-natural-sweet-750-cc-piattelli-2/p
1,ChangoMás,blanco,Vino Blanco Dulce Pico De Oro 1 L,Pico de Oro,,,https://www.masonline.com.ar/vino-blanco-dulce-pico-de-oro-1-l-2/p
1,Jumbo,blanco,Vino Blanco Dulce Sabor Miel 750 Cc Dada,DADA,8250,8250,https://www.jumbo.com.ar/vino-dada-art-6-honey-750cc/p
1,Jumbo,blanco,Vino Blanco Dulce Tardío 750 Cc San Felipe,SAN FELIPE,6700,6700,https://www.jumbo.com.ar/vino-blanco-san-felipe-roble-tardio-750-cc/p
1,Jumbo,blanco,Vino Blanco Dulce Tardío 750 Ml Benjamin,BENJAMIN NIETO,6750,6750,https://www.jumbo.com.ar/vino-benjamin-tardia-blanco-750/p
1,Día,blanco,Vino Blanco Dulce Tardio De Abril 500 Ml.,TARDIO DE ABRIL,6625,6625,https://diaonline.supermercadosdia.com.ar/vino-blanco-dulce-tardio-de-abril-500-ml-300108/p
1,ChangoMás,blanco,Vino Blanco Dulce Tardio Finca Natalina 750cc,Finca Natalina,,,https://www.masonline.com.ar/vino-blanco-dulce-tardio-finca-natalina-750cc-2/p
1,ChangoMás,blanco,Vino Blanco Dulce Tardio Viejo Rincon 750 Cc,Viejo Rincón,,,https://www.masonline.com.ar/vino-blanco-dulce-tardio-viejo-rincon-750-cc-2/p
1,Jumbo,blanco,Vino Blanco Dulce Termidor 1000 Cc,TERMIDOR,2400,2400,https://www.jumbo.com.ar/vino-blanco-dulce-termidor-1000-cc/p
1,ChangoMás,blanco,Vino Blanco Dulce Tetra Viñas Y Parrales 1 L,Viñas y Parrales,,,https://www.masonline.com.ar/vino-blanco-dulce-tetra-vinas-y-parrales-1-l-2/p
1,Jumbo,blanco,Vino Blanco Dulce Torrontés 750 Cc Amalaya,AMALAYA,12250,12250,https://www.jumbo.com.ar/vino-blanco-dulce-750-cc-amalaya-2/p
1,Jumbo,blanco,Vino Blanco Dulce Uvita 1 L,UVITA,27,27,https://www.jumbo.com.ar/vino-blanco-dulce-uvita-1-l/p
1,Día,blanco,Vino Blanco Dulce Viñas&Parrales 1 Lt.,VIÑAS Y PARRALES,2397,2397,https://diaonline.supermercadosdia.com.ar/vino-blanco-dulce-vinas-parrales-1-lt-136273/p
1,Jumbo,blanco,Vino Blanco Dulce Viognier 750 Cc Alma Mora,ALMA MORA,8250,8250,https://www.jumbo.com.ar/vino-blanco-alma-mora-viogner-750-cc-2/p
1,Jumbo,blanco,Vino Blanco Dulce Viognier 750 Cc La Linda,LA LINDA,11150,11150,https://www.jumbo.com.ar/vino-sweet-viognier-750-cc-la-linda-2/p
1,Jumbo,blanco,Vino Blanco Dulce X 750 Ml Cordero Con Piel De Lobo,CORDERO CON PIEL DE LOBO,11454,11454,https://www.jumbo.com.ar/vino-blanco-dulce-x-750-ml-cordero-con-piel-de-lobo/p
1,Jumbo,blanco,Vino Blanco El Acequión Gewurtraminer 750 Cc,EL ACEQUION,72,72,https://www.jumbo.com.ar/vino-blanco-el-acequion-gewurtraminer-750-cc/p
1,ChangoMás,blanco,Vino Blanco Elementos Torrontés Dulce Natural 750 Ml,Elementos,6949,6949,https://www.masonline.com.ar/vino-torrontes-dulce-natural-elementos-750-cc-2/p
1,Día,blanco,Vino Blanco Emilia Nieto Senetiner Dulce Natural 750 Ml.,EMILIA,7590,7590,https://diaonline.supermercadosdia.com.ar/vino-blanco-emilia-nieto-senetiner-dulce-natural-750-ml-172875/p
1,ChangoMás,blanco,Vino Blanco Esperado Dulce Tardío 750ml,Esperado,6699,6699,https://www.masonline.com.ar/vino-blanco-esperado-dulce-tardio-750ml-2/p
1,ChangoMás,blanco,Vino Blanco Estancia Mendoza Blend Dulce Chenin Chardonnay 750ml,Estancia Mendoza,4099,4099,https://www.masonline.com.ar/vino-blanco-estancia-mendoza-dulce-chenin-chardonnay-750-ml-2-2/p
1,ChangoMás,blanco,Vino Blanco Estancia Mendoza Blend Torrontés Chardonnay 750ml,Estancia Mendoza,,,https://www.masonline.com.ar/vino-blanco-estancia-mendoza-blend-750-ml-2/p
1,Jumbo,blanco,Vino Blanco Estiba Sobremadurado 750 Cc,ESTIBA I,7200,7200,https://www.jumbo.com.ar/vino-blanco-estiba-sobremadurado-750-cc/p
1,Jumbo,blanco,Vino Blanco Facundo 1 L,FACUNDO,55,55,https://www.jumbo.com.ar/vino-blanco-facundo-1-l/p
1,ChangoMás,blanco,Vino Blanco Familia Gascon Chardonay 750ml,Familia Gascon,8199,8199,https://www.masonline.com.ar/vino-blanco-familia-gascon-chardonay-750ml-2/p
1,Jumbo,blanco,Vino Blanco Familia Gascon Dulce Natural-bot-cc.-750,FAMILIA GASCON,75,75,https://www.jumbo.com.ar/vino-blanco-familia-gascon-dulce-natural-bot-cc-750/p
1,ChangoMás,blanco,Vino Blanco Fin Del Mundo Blend Sauvignon Blanc Viognier Semillón 750ml,Del Fin Del Mundo,,,https://www.masonline.com.ar/vino-blanco-fin-del-mundo-low-alcohol-white-blend-750-ml/p
1,ChangoMás,blanco,Vino Blanco Fin Del Mundo Low Alcohol Torrentes Dulce Natural 750 Ml,Del Fin Del Mundo,,,https://www.masonline.com.ar/vino-blanco-fin-del-mundo-low-alcohol-torrentes-dulce-natural-750-ml/p
1,Jumbo,blanco,Vino Blanco Finca La Colina Chardonnay 750 Cc,FINCA LA COLONIA,169,169,https://www.jumbo.com.ar/vino-blanco-finca-la-colina-chardonnay-750-cc/p
1,ChangoMás,blanco,Vino Blanco Finca Natalina Auténtico Tardío Dulce Natural 750 Ml,Finca Natalina,4929,4929,https://www.masonline.com.ar/vino-blanco-finca-natalina-autentico-tardio-dulce-natural-750ml/p
1,ChangoMás,blanco,Vino Blanco Finca Natalina Auténtico Torrontes 750 Ml,Finca Natalina,4929,4929,https://www.masonline.com.ar/vino-blanco-finca-natalina-autentico-torrontes-750ml/p
1,Jumbo,blanco,Vino Blanco Finca Natalina Chablis 750 Cc,FINCA NATALINA,133,133,https://www.jumbo.com.ar/vino-blanco-finca-natalina-chablis-750-cc/p
1,Jumbo,blanco,Vino Blanco Fino Alamos Selección De Viñedos 750 Cc,ALAMOS,6736,6736,https://www.jumbo.com.ar/vino-blanco-fino-alamos-seleccion-de-vinedos-750-cc/p
1,Jumbo,blanco,Vino Blanco Fino Hereford 750 Cc,HEREFORD,2932,2932,https://www.jumbo.com.ar/vino-blanco-fino-hereford-750-cc/p
1,Jumbo,blanco,Vino Blanco Fino Lurton Pinot Gris 750 Cc,LURTON,26,26,https://www.jumbo.com.ar/vino-blanco-fino-lurton-pinot-gris-750-cc/p
1,Jumbo,blanco,Vino Blanco Fino Lurton Tierra Del Fuego 750 Cc,LURTON,17,17,https://www.jumbo.com.ar/vino-blanco-fino-lurton-tierra-del-fuego-750-cc/p
1,Jumbo,blanco,Vino Blanco Fino Norton Clásico 750 Cc,NORTON,173,173,https://www.jumbo.com.ar/vino-blanco-fino-norton-clasico-750-cc/p
1,Jumbo,blanco,Vino Blanco Fino Septiembre 750 Cc,SEPTIEMBRE,36,36,https://www.jumbo.com.ar/vino-fino-septiembre-blanco/p
1,Jumbo,blanco,Vino Blanco Fino Viñas De Alvear 700 Cc,VIÑAS DE ALVEAR,93,93,https://www.jumbo.com.ar/vino-blanco-fino-vinas-de-alvear-700-cc/p
1,ChangoMás,blanco,Vino Blanco Fran Nieto Senetiner Chardonnay X 750 Ml,Nieto Senetiner,,,https://www.masonline.com.ar/vino-blanco-fran-nieto-senetiner-chardonnay-x-750-ml-2/p
1,ChangoMás,blanco,Vino Blanco Fuego Negro Suavignon Blanc Viognier 750 Ml,Fuego Negro,,,https://www.masonline.com.ar/vino-blanco-fuego-negro-suavignon-blanc-viognier-2/p
1,Jumbo,blanco,Vino Blanco Gewürztraminer 750 Cc Rutini,RUTINI,48000,48000,https://www.jumbo.com.ar/vino-fino-rutini-traminer-blanco/p
1,Jumbo,blanco,Vino Blanco Godello 750 Cc Lorca,LORCA,19150,19150,https://www.jumbo.com.ar/vino-lorca-espiritu-indomito-godello-750cc/p
1,ChangoMás,blanco,Vino Blanco Gran Jerez Blend Palomino Pedro Ximénez 750ml,Gran Jerez,,,https://www.masonline.com.ar/vino-blanco-gran-jerez-blend-750-ml/p
1,Jumbo,blanco,Vino Blanco Imago White Blend 750 Cc,IMAGO,178,178,https://www.jumbo.com.ar/vino-blanco-imago-white-blend-750-cc/p
1,Jumbo,blanco,Vino Blanco La Vuelta Sauvignon 750 Cc,LA VUELTA,211,211,https://www.jumbo.com.ar/vino-blanco-la-vuelta-sauvignon-750-cc/p
1,Jumbo,blanco,Vino Blanco Lagarde Viognier 750 Cc,LAGARDE,611,611,https://www.jumbo.com.ar/vino-blanco-lagarde-viognier-750-cc/p
1,ChangoMás,blanco,Vino Blanco Las Estancas Tardío 750 Ml,Las Estancas,5199,5199,https://www.masonline.com.ar/vino-blanco-las-estancas-tardio-750-ml/p
1,Jumbo,blanco,Vino Blanco Lcp Chardonnay 760 Cc,NAVARRO CORREAS,10500,10500,https://www.jumbo.com.ar/vino-blanco-lcp-chardonnay-760-cc/p
1,Jumbo,blanco,Vino Blanco Liebfraumilch Peter Mertes,PETER MERTES,12,12,https://www.jumbo.com.ar/vino-blanco-liebfraumilch-peter-mertes/p
1,ChangoMás,blanco,Vino Blanco Lola Montes Dulce Terroir 750ml,Lola Montes,,,https://www.masonline.com.ar/vino-blanco-lola-montes-dulce-terroir-750ml-2/p
1,ChangoMás,blanco,Vino Blanco Lopez Semillón 750 Ml,Lopez,6095,6095,https://www.masonline.com.ar/vino-blanco-lopez-750-cc-2/p
1,Jumbo,blanco,Vino Blanco Los Pasos Chardonnay-semillon,LOS PASOS,1373,1373,https://www.jumbo.com.ar/vino-blanco-los-pasos-chardonnay-semillon/p
1,ChangoMás,blanco,Vino Blanco Marcus Dulce Natural 750 Ml,Marcus,,,https://www.masonline.com.ar/vino-blanco-marcus-dulce-natural-750-ml-2/p
1,ChangoMás,blanco,Vino Blanco Martin Fierro Blend Chardonnay Chenin 750ml,Martin Fierro,,,https://www.masonline.com.ar/vino-martin-fierro-chardonnay-chenin-750-ml/p
1,ChangoMás,blanco,Vino Blanco Martin Fierro Chardonnay Chennin 750 Ml,Martin Fierro,,,https://www.masonline.com.ar/vino-blanco-martin-fierro-chardonnay-chennin-750-ml/p
1,Jumbo,blanco,Vino Blanco Michel Torino Selección Dorada Torrontés 750 Cc,MICHEL TORINO,84,84,https://www.jumbo.com.ar/vino-blanco-michel-torino-seleccion-dorada-torrontes-750-cc/p
1,Jumbo,blanco,Vino Blanco Michel Torino Torrontés Colección 750 Cc,MICHEL TORINO,119,119,https://www.jumbo.com.ar/vino-blanco-michel-torino-torrontes-coleccion-750-cc/p
1,Jumbo,blanco,Vino Blanco Moscatel Dulce 750 Ml Aimé,AIMÉ,7000,7000,https://www.jumbo.com.ar/vino-aime-moscatel-dulce-750/p
1,Jumbo,blanco,Vino Blanco Moscato d'Asti 750 Ml Emilio Vada,EMILIO VADA CAMP BIANC,17908,17908,https://www.jumbo.com.ar/vino-blanco-emilio-vada-camp-bianc-moscato-das/p
1,ChangoMás,blanco,Vino Blanco Moscato El Abuelo 750 Cc,El Abuelo,,,https://www.masonline.com.ar/vino-blanco-moscato-el-abuelo-750-cc-2/p
1,ChangoMás,blanco,Vino Blanco Mosquita Muerta Blend Semillón Sauvignon Blanc 750ml,Mosquita Muerta,23199,23199,https://www.masonline.com.ar/vino-blanco-mosquita-muerta-blend-750-ml/p
1,Jumbo,blanco,Vino Blanco Natural Sweet 269 Cc Piattelli,PIATELLI,3350,3350,https://www.jumbo.com.ar/vino-piatelli-natural-sweet-lata-269cc-2/p
1,ChangoMás,blanco,Vino Blanco Nieto Senetiner Benjamin Dulce Coleccion Tardia 750ml,Nieto Senetiner,6499,6499,https://www.masonline.com.ar/vino-blanco-nieto-senetiner-benjamin-dulce-coleccion-tardia-750ml-2/p
1,ChangoMás,blanco,Vino Blanco Nina Moscato Giallo 750 Ml,Nina,,,https://www.masonline.com.ar/vino-blanco-nina-moscato-giallo-750-ml-2/p
1,ChangoMás,blanco,Vino Blanco Nina Torrontes 750 Ml,Nina,,,https://www.masonline.com.ar/vino-blanco-nina-torrontes-750-ml-2/p
1,Jumbo,blanco,Vino Blanco Nolita Chardonnay & Pera 750 Cc,NOLITA,124,124,https://www.jumbo.com.ar/vino-blanco-nolita-chardonnay-pera-750-cc/p
1,Jumbo,blanco,Vino Blanco Nolita Sauvignon Blanc & Maracuyá 750 Cc,NOLITA,124,124,https://www.jumbo.com.ar/vino-blanco-nolita-sauvignon-blanc-maracuya-750-cc/p
1,ChangoMás,blanco,Vino Blanco Norton Sexy Fish Blanc De Blancs 750 Ml,Norton,,,https://www.masonline.com.ar/vino-blanco-norton-sexy-fish-blanc-de-blancs-750ml-2/p
1,ChangoMás,blanco,Vino Blanco Norton Talisman Chardonnay 750 Ml,Norton,,,https://www.masonline.com.ar/vino-blanco-talisman-chardonnay-750-ml-2/p
1,Jumbo,blanco,Vino Blanco Norton Torrontés 750 Cc,NORTON,111,111,https://www.jumbo.com.ar/vino-blanco-norton-torrontes-750-cc/p
1,ChangoMás,blanco,Vino Blanco Novecento Blend Ugni Chenin Chardonnay 750ml,Novecento,4759,4759,https://www.masonline.com.ar/vino-novecento-blend-de-blancas-750cc-2/p
1,ChangoMás,blanco,Vino Blanco Novecento Chardonay 750ml,Novecento,,,https://www.masonline.com.ar/vino-blanco-novecento-chardonay-750ml-2/p
1,ChangoMás,blanco,Vino Blanco Novecento Raices Chardonay 750ml,Novecento,,,https://www.masonline.com.ar/vino-blanco-novecento-raices-chardonay-750ml-2/p
1,Jumbo,blanco,Vino Blanco Omnium Dolcissimo,OMNIUM,39,39,https://www.jumbo.com.ar/vino-blanco-omnium-dolcissimo/p
1,ChangoMás,blanco,Vino Blanco Oveja Black Chenin Dulce 750 Ml,Oveja Black,5199,5199,https://www.masonline.com.ar/vino-blanco-oveja-black-chenin-dulce-750-ml/p
1,ChangoMás,blanco,Vino Blanco Partridge Blend Chardonnay Viognier 750ml,Partridge,8049,8049,https://www.masonline.com.ar/vino-blanco-partridge-dulce-natural-chardonnay-viognier-750-ml/p
1,ChangoMás,blanco,Vino Blanco Phebus Torrontés 750 Ml,Phebus,,,https://www.masonline.com.ar/vino-blanco-phebus-torrontes-750-ml/p
1,Jumbo,blanco,Vino Blanco Pinot de la Loire 750 Cc Suter,SUTER,5150,5150,https://www.jumbo.com.ar/vino-blanco-suter-pinot-750-cc/p
1,Jumbo,blanco,Vino Blanco Pinot Grigio 750 Cc La Celia,LA CELIA,10750,10750,https://www.jumbo.com.ar/vino-la-celia-reserva-pinot-grigio-750cc/p
1,Jumbo,blanco,Vino Blanco Pinot Grigio 750 Cc Ogio,OGIO,17850,17850,https://www.jumbo.com.ar/vino-ogio-pinot-grigio-750ml/p
1,Jumbo,blanco,Vino Blanco Pinot Gris 750 Cc Pulenta Estate,PULENTA ESTATE,25000,25000,https://www.jumbo.com.ar/vino-pinot-gris-750-cc-pulenta-estate-2/p
1,Jumbo,blanco,Vino Blanco Postales Sauvignon Semillon 750 Ml,POSTALES,630,630,https://www.jumbo.com.ar/vino-blanco-postales-sauvignon-semillon-750-ml/p
1,ChangoMás,blanco,Vino Blanco Prófugo Chenin Dulce 750 Ml,Prófugo,,,https://www.masonline.com.ar/vino-blanco-profugo-chenin-dulce-750-ml/p
1,Jumbo,blanco,Vino Blanco Prosecco Glera 750 Ml Casabianca,CASABIANCA,21538,21538,https://www.jumbo.com.ar/vino-blanco-casabianca-asolo-prosecco-superior/p
1,ChangoMás,blanco,Vino Blanco Putruele Dulce Natural Tardío 500 Ml,Putruele,6679,6679,https://www.masonline.com.ar/vino-blanco-dulce-natural-tardio-putruele-750-ml-2/p
1,ChangoMás,blanco,Vino Blanco Rastro 750ml,Generico,,,https://www.masonline.com.ar/vino-blanco-rastro-750ml-2/p
1,Día,blanco,Vino Blanco Resero Brick 1 Lt.,RESERO,2150,2150,https://diaonline.supermercadosdia.com.ar/vino-blanco-resero-brick-1-lt-219362/p
1,ChangoMás,blanco,Vino Blanco Resero Dulce 1 L,Resero,,,https://www.masonline.com.ar/vino-blanco-resero-dulce-1-l/p
1,ChangoMás,blanco,Vino Blanco Resero Dulce Tetra 1000cc,Resero,,,https://www.masonline.com.ar/vino-blanco-resero-dulce-tetra-1000cc-2/p
1,Jumbo,blanco,Vino Blanco Riesling 750 Ml Abtei Himmerod,ABTEI HIMMEROD,18876,18876,https://www.jumbo.com.ar/vino-blanco-abtei-himmerod-riesling-trocken-75/p
1,Jumbo,blanco,Vino Blanco Riesling 750 Ml Las Perdices,LAS PERDICES,22800,22800,https://www.jumbo.com.ar/vino-riesling-de-vina-las-perdices-750-ml/p
1,Jumbo,blanco,Vino Blanco Riesling C.sittmann,SIN MARCA,14,14,https://www.jumbo.com.ar/vino-blanco-riesling-c-sittmann/p
1,Jumbo,blanco,Vino Blanco Rumbos 750 Cc,SANTA ANA,44,44,https://www.jumbo.com.ar/vino-blanco-rumbos-750-cc/p
1,ChangoMás,blanco,Vino Blanco San Huberto Natural 750 Ml,San Huberto,4789,4789,https://www.masonline.com.ar/vino-blanco-san-huberto-natural-750-ml-2/p
1,ChangoMás,blanco,Vino Blanco San Huberto Torrontes Clásico 750 Ml,San Huberto,,,https://www.masonline.com.ar/vino-blanco-san-huberto-torrontes-clasico-750-ml-2/p
1,Jumbo,blanco,Vino Blanco Santa Ana Torrontés 750 Cc,SANTA ANA,31,31,https://www.jumbo.com.ar/vino-blanco-santa-ana-torrontes-750-cc/p
1,ChangoMás,blanco,Vino Blanco Santa Julia Tardio Torrentes 500ml,Santa Julia,8319,8319,https://www.masonline.com.ar/vino-blanco-santa-julia-tardio-torrentes-500ml-2/p
1,ChangoMás,blanco,Vino Blanco Santa Julia Varietal Suavignon Blanc 750 Cc,Santa Julia,,,https://www.masonline.com.ar/vino-blanco-santa-julia-varietal-suavignon-blanc-750-cc-2/p
1,Jumbo,blanco,Vino Blanco Sauvginon & Torrontes 750ml La Posta,LA POSTA,,,https://www.jumbo.com.ar/vino-blanco-sauvginon-torrontes-750ml-la-posta/p
1,Jumbo,blanco,Vino Blanco Sauvignon Blanc 269 Cc Chac Chac,CHAC CHAC,3400,3400,https://www.jumbo.com.ar/vino-chac-chac-sauvingnon-blanc-lata-269cc/p
1,Jumbo,blanco,Vino Blanco Sauvignon Blanc 750 Cc La Flor,LA FLOR,11900,11900,https://www.jumbo.com.ar/vino-blanco-la-flor-sauvignon-750-cc-2/p
1,Jumbo,blanco,Vino Blanco Sauvignon Blanc 750 Cc Martin's Rake,MARTINS RAKE,28350,28350,https://www.jumbo.com.ar/vino-martins-rake-sauv-blanc-750ml/p
1,Jumbo,blanco,Vino Blanco Sauvignon Blanc 750 Cc Saint Clair,SAINT CLAIR,49050,49050,https://www.jumbo.com.ar/vino-sauvignon-blanc-x-750-cc-saint-claire/p
1,Jumbo,blanco,Vino Blanco Schwarze Katz P.mertes,SIN MARCA,12,12,https://www.jumbo.com.ar/vino-blanco-schwarze-katz-p-mertes/p
1,ChangoMás,blanco,Vino Blanco Signature Chardonnay 750 Ml,Signature,,,https://www.masonline.com.ar/vino-blanco-signature-chardonnay-750-ml/p
1,Jumbo,blanco,Vino Blanco Silvaner C.sittmann,SIN MARCA,14,14,https://www.jumbo.com.ar/vino-blanco-silvaner-c-sittmann/p
1,Jumbo,blanco,Vino Blanco Suc. Abel Michel Torino Torrontés 700 Cc,MICHEL TORINO,4,4,https://www.jumbo.com.ar/vino-blanco-suc-abel-michel-torino-torrontes-700-cc/p
1,ChangoMás,blanco,Vino Blanco Suter Dulce Tardío Natural 750 Ml,Suter,4729,4729,https://www.masonline.com.ar/vino-blanco-cosecha-tardia-suter-750cc-2/p
1,Jumbo,blanco,Vino Blanco Suter Pinot De La Loire 3 Lt,SUTER,146,146,https://www.jumbo.com.ar/vino-blanco-suter-pinot-de-la-loire-3-lt/p
1,Jumbo,blanco,Vino Blanco Sweet 750 Cc Fuzion Alta,FUZION ALTA,3250,3250,https://www.jumbo.com.ar/vino-fuzion-sweet-x-750-cc/p
1,ChangoMás,blanco,Vino Blanco Sweet White Desigual 750 Ml,Desigual,,,https://www.masonline.com.ar/vino-blanco-sweet-white-desigual-750-ml-2/p
1,ChangoMás,blanco,Vino Blanco Tango Dulce Tardío 750 Ml,Tango,,,https://www.masonline.com.ar/vino-blanco-tango-dulce-tardio-750-ml/p
1,Jumbo,blanco,Vino Blanco Tardío 500 Cc Santa Julia,SANTA JULIA,8800,8800,https://www.jumbo.com.ar/vino-blanco-santa-julia-tardio-500-cc/p
1,ChangoMás,blanco,Vino Blanco Termidor Pasión Argentina 1 L,Termidor,,,https://www.masonline.com.ar/vino-blanco-termidor-pasion-argentina-1-l/p
1,Jumbo,blanco,Vino Blanco Termidor Selección Premium 1.000 Cc,TERMIDOR,32,32,https://www.jumbo.com.ar/vino-blanco-termidor-seleccion-premium-1-000-cc/p
1,ChangoMás,blanco,Vino Blanco Tetra Pico De Oro 1 Lt,Pico de Oro,,,https://www.masonline.com.ar/vino-blanco-tetra-pico-de-oro-1-lt-2/p
1,ChangoMás,blanco,Vino Blanco Toro Tetra Con Tapa 1 L,Toro,,,https://www.masonline.com.ar/vino-blanco-toro-tetra-con-tapa-1-l-2/p
1,Jumbo,blanco,Vino Blanco Toro Viejo 700 Cc,TORO,83,83,https://www.jumbo.com.ar/vino-blanco-toro-viejo-700-cc/p
1,Jumbo,blanco,Vino Blanco Torrontés 700 Cc Abel Michel Torino,SUC. ABEL MICHEL TORINO,2650,2650,https://www.jumbo.com.ar/vino-fino-abel-m-torino-blanco-x-700-cc/p
1,Jumbo,blanco,Vino Blanco Torrontés 750 Cc Alaris Trapiche,TRAPICHE,6000,6000,https://www.jumbo.com.ar/vino-blanco-alaris-varietales-torrontes-750-cc/p
1,Jumbo,blanco,Vino Blanco Torrontés 750 Cc Andeluna,QUARA,7700,7700,https://www.jumbo.com.ar/vino-andeluna-torrontes-750cc/p
1,Jumbo,blanco,Vino Blanco Torrontés 750 Cc Colomé,COLOME,24700,24700,https://www.jumbo.com.ar/vino-estate-torrontes-750-cc-colome-2/p
1,Jumbo,blanco,Vino Blanco Torrontés 750 Cc Coquena,COQUENA,11150,11150,https://www.jumbo.com.ar/vino-torrontes-750-cc-coquena-2/p
1,Jumbo,blanco,Vino Blanco Torrontés 750 Cc El Esteco,EL ESTECO,19550,19550,https://www.jumbo.com.ar/vino-blend-de-extremos-torrontes-750-cc-el-esteco-2/p
1,Jumbo,blanco,Vino Blanco Torrontés 750 Cc Etchart,ETCHART,5450,5450,https://www.jumbo.com.ar/vino-blanco-etchart-torrontes-750-cc-2/p
1,Jumbo,blanco,Vino Blanco Torrontés 750 Cc Finca Natalina,FINCA NATALINA,5350,5350,https://www.jumbo.com.ar/vino-finca-natalina-autentico-torrontes/p
1,Jumbo,blanco,Vino Blanco Torrontés 750 Cc San Pedro de Yacochuya,SAN PEDRO,18800,18800,https://www.jumbo.com.ar/vino-torrontes-750-cc-san-pedro-de-yacochuya/p
1,Jumbo,blanco,Vino Blanco Torrontés 750 Ml Benjamin,BENJAMIN NIETO,6750,6750,https://www.jumbo.com.ar/vino-benjamin-torrontes-750ml/p
1,Jumbo,blanco,Vino Blanco Torrontés 750 Ml Festivo,FESTIVO,15300,15300,https://www.jumbo.com.ar/vino-festivo-torrontes-750-ml/p
1,Jumbo,blanco,Vino Blanco Torrontés 750 Ml San Huberto,SAN HUBERTO,4900,4900,https://www.jumbo.com.ar/vino-san-huberto-torrontes/p
1,Jumbo,blanco,Vino Blanco Torrontés Dulce 1000 Cc Resero,RESERO,3600,3600,https://www.jumbo.com.ar/vino-resero-blanco-dulce-1000-cc/p
1,Jumbo,blanco,Vino Blanco Torrontés y Chenin 750 Cc Cafayate,CAFAYATE,5900,5900,https://www.jumbo.com.ar/vino-cafayate-bi-varietal-torrontes-chenin-750cc/p
1,Jumbo,blanco,Vino Blanco Torrontés y Riesling 750 Cc Amalaya,AMALAYA,14700,14700,https://www.jumbo.com.ar/vino-liviano-torrontes-x-750-cc-amalaya/p
1,Jumbo,blanco,Vino Blanco Tracia Chardonnay 750 Cc,TRACIA,43,43,https://www.jumbo.com.ar/vino-blanco-tracia-chardonnay/p
1,Jumbo,blanco,Vino Blanco Tracia Torrontes 750 Cc,TRACIA,54,54,https://www.jumbo.com.ar/vino-blanco-tracia-torrontes-750-cc/p
1,ChangoMás,blanco,Vino Blanco Traful Blend Torrontés Semillón Chardonnay  1125ml,Traful,,,https://www.masonline.com.ar/vino-blanco-traful-blend-1125-ml-2/p
1,Jumbo,blanco,Vino Blanco Trivento Chardonnay Roble 750 Cc,TRIVENTO,20,20,https://www.jumbo.com.ar/vino-blanco-trivento-chardonnay-roble-750-cc/p
1,Jumbo,blanco,Vino Blanco Trivento Dulce Natural 750 Cc,TRIVENTO,97,97,https://www.jumbo.com.ar/vino-blanco-trivento-dulce-natural-750-cc/p
1,Jumbo,blanco,Vino Blanco Trivento Tribu Chardonnay 750 Cc,TRIVENTO,306,306,https://www.jumbo.com.ar/vino-blanco-trivento-tribu-chardonnay-750-cc/p
1,ChangoMás,blanco,Vino Blanco Trumpeter Chardonay 750 Ml,Trumpeter,10949,10949,https://www.masonline.com.ar/vino-chardonay-trumpeter-750-cc-2/p
1,Jumbo,blanco,Vino Blanco Trumpeter Pinot Grigio Reserva 750 Cc,TRUMPETER,654,654,https://www.jumbo.com.ar/vino-blanco-trumpeter-pinot-grigio-reserva-750-cc/p
1,Jumbo,blanco,Vino Blanco Trumpeter Viognier Reserva 750 Cc,TRUMPETER,654,654,https://www.jumbo.com.ar/vino-blanco-trumpeter-viognier-reserva-750-cc/p
1,ChangoMás,blanco,Vino Blanco Ugarteche Dulce Natural 850 Ml,Ugarteche,,,https://www.masonline.com.ar/vino-blanco-ugarteche-dulce-natural-850-ml-2/p
1,Jumbo,blanco,Vino Blanco Uxmal Moscatel De Alejandría 750 Cc,UXMAL,8100,8100,https://www.jumbo.com.ar/vino-blanco-uxmal-moscatel-de-alejandria-750-cc/p
1,Jumbo,blanco,Vino Blanco Uxmal Suvignon Semillon 750 Cc,UXMAL,8100,8100,https://www.jumbo.com.ar/vino-blanco-uxmal-suvignon-semillon-750-cc-2/p
1,Jumbo,blanco,Vino Blanco Valderrobles Torrontes Clásico 700 Cc,VALDERROBLES,12,12,https://www.jumbo.com.ar/vino-blanco-valderrobles-torrontes-clasico-700-cc/p
1,ChangoMás,blanco,Vino Blanco Valmont Blend Chardonnay Semillón 750ml,Valmont,,,https://www.masonline.com.ar/vino-chardonnay-semillon-valmont-750-cc-2/p
1,Jumbo,blanco,Vino Blanco Ventus Torrontes Dulce 750 Cc,VENTUS,113,113,https://www.jumbo.com.ar/vino-blanco-ventus-torrontes-dulce-750-cc/p
1,ChangoMás,blanco,Vino Blanco Viñas De Alvear Clásico 1.25 L,Viñas De Alvear,,,https://www.masonline.com.ar/vino-blanco-vinas-de-alvear-clasico-1-25-l-2/p
1,Día,blanco,"Vino Blanco Viñas de Balbo Chablis 1,25 Lt.",VIÑAS DE BALBO,2790,2790,https://diaonline.supermercadosdia.com.ar/vino-blanco-vinas-de-balbo-chablis-125-lt-223459/p
1,ChangoMás,blanco,Vino Blanco Viñas Riojanas Torrontes Tetra 1 Lt,Viñas Riojanas,,,https://www.masonline.com.ar/vino-blanco-vinas-riojanas-torrontes-tetra-1-lt-2/p
1,Jumbo,blanco,Vino Blanco Viognier 500 Cc Malamado,MALAMADO,23200,23200,https://www.jumbo.com.ar/vino-viognier-x-500-cc-malamado-2/p
1,Jumbo,blanco,Vino Blanco Viognier 750 Cc Chacabuco,CHACABUCO,1152,1152,https://www.jumbo.com.ar/vino-chacabuco-viognier-750cc/p
1,Jumbo,blanco,Vino Blanco Viognier y Torrontés 750 Ml Callia,CALLIA,6500,6500,https://www.jumbo.com.ar/vino-callia-esperado-viognier-torrontes-750-ml/p
1,ChangoMás,blanco,Vino Blanco Wampa Tardío 750 Ml,Wampa,5509,5509,https://www.masonline.com.ar/vino-blanco-wampa-tardio-750-ml-2/p
1,Jumbo,blanco,Vino Blanco White Blend 750 Cc Luigi Bosca,LUIGI BOSCA,23850,23850,https://www.jumbo.com.ar/vino-de-sangre-white-blend-750-cc-luigi-bosca/p
1,Jumbo,blanco,Vino Blanco White Malbec 750 Cc Trivento,TRIVENTO,10000,10000,https://www.jumbo.com.ar/trivento-reserva-white-malbec-x-750-cc/p
1,Jumbo,blanco,Vino Blanco X 750 Cc Giol,GIOL,6550,6550,https://www.jumbo.com.ar/vino-blanco-x-750-cc-giol/p
1,Jumbo,blanco,Vino Blend Blanco Dulce X 1125 Cc Canciller,CANCILLER,4935,4935,https://www.jumbo.com.ar/vino-blend-blanco-dulce-x-1125-cc-canciller/p
1,Jumbo,blanco,Vino Bod Privada Dulce Natural 750cc-bot-cc.-750,BODEGA PRIVADA,128,128,https://www.jumbo.com.ar/vino-bod-privada-dulce-natural-750cc/p
1,Jumbo,blanco,Vino Bodega Privada Chardonnay X 700 Cc.,BODEGA PRIVADA,23,23,https://www.jumbo.com.ar/vino-bodega-privada-chardonnay-x-700-cc/p
1,ChangoMás,blanco,Vino Bodega Privada Colecc Tardio Blanco 750 Cc,Bodega Privada,,,https://www.masonline.com.ar/vino-bodega-privada-colecc-tardio-blanco-750-cc-2/p
1,Jumbo,blanco,Vino Bravio Blanco Maracuya 750ml,BRAVIO,186,186,https://www.jumbo.com.ar/vino-bravio-blanco-maracuya-750ml/p
1,Jumbo,blanco,Vino Breadbutter Chardo 750ml,BREAD&BUTTER,18800,18800,https://www.jumbo.com.ar/vino-breadbutter-chardo-750ml/p
1,Jumbo,blanco,Vino Broquel Chardonnay Viogner Bot 750 Cc.,TRAPICHE,15,15,https://www.jumbo.com.ar/vino-broquel-chardonnay-viogner-bot-750-cc/p
1,Jumbo,blanco,Vino Cabeza De Toro Blanco,CABEZA DE TORO,4,4,https://www.jumbo.com.ar/vino-cabeza-de-toro-blanco-290486/p
1,Jumbo,blanco,Vino Cactus Blanco Dulce Natural,CACTUS,29,29,https://www.jumbo.com.ar/vino-cactus-blanco-dulce-natural/p
1,Jumbo,blanco,Vino Cactus Clásico Blanco X 750cc,CACTUS,22,22,https://www.jumbo.com.ar/vino-cactus-clasico-blanco-x-750cc/p
1,Jumbo,blanco,Vino Cadus Apellation Chardonnay,CADUS,744,744,https://www.jumbo.com.ar/vino-cadus-apellation-chardonnay/p
1,Jumbo,blanco,Vino Cafayate Cosecha Tardia X750cc,CAFAYATE,175,175,https://www.jumbo.com.ar/vino-cafayate-cosecha-tardia-x750cc/p
1,Jumbo,blanco,Vino Cafayate Laborum Torrontes 750cc,LABORUM,25000,25000,https://www.jumbo.com.ar/vino-cafayate-laborum-torrontes-750cc/p
1,Jumbo,blanco,Vino Cafayate Torrontes X 750 Cc,CAFAYATE,17,17,https://www.jumbo.com.ar/vino-cafayate-torrontes-x-750-cc-2/p
1,Jumbo,blanco,Vino Callia Alta Amable Dulce Natural X 500cc,CALLIA,17,17,https://www.jumbo.com.ar/vino-callia-alta-amable-dulce-natural-x-500cc/p
1,Jumbo,blanco,Vino Callia Alta Reserva Ch-viog-pinot G.,CALLIA,24,24,https://www.jumbo.com.ar/vino-callia-alta-reserva-ch-viog-pinot-g/p
1,Jumbo,blanco,Vino Callia Amable Dulce Natural Tardio 750ml,CALLIA,1300,1300,https://www.jumbo.com.ar/vino-callia-amable-dulce-natural-tardio-750ml/p
1,Jumbo,blanco,Vino Callia Blend Torrontes 750 Ml,CALLIA,47,47,https://www.jumbo.com.ar/vino-callia-blend-torrontes-750-ml/p
1,Jumbo,blanco,Vino Callia Esperado Tardio,CALLIA,1340,1340,https://www.jumbo.com.ar/vino-callia-esperado-tardio-2/p
1,Jumbo,blanco,Vino Callia Magna Viognier X 750cc,CALLIA,33,33,https://www.jumbo.com.ar/vino-callia-magna-viognier-x-750cc/p
1,ChangoMás,blanco,Vino Callia Suavignon Blanc 750ml,Callia,,,https://www.masonline.com.ar/vino-callia-suavignon-blanc-750ml-2/p
1,Jumbo,blanco,Vino Callia Terroir Selection Chardonnay-bot-cc.-750,CALLIA,52,52,https://www.jumbo.com.ar/vino-callia-terroir-selection-chardonnay-bot-cc-750/p
1,Jumbo,blanco,Vino Calvet Dulce Natural X 750 Cc,CALVET,15,15,https://www.jumbo.com.ar/vino-calvet-dulce-natural-x-750-cc/p
1,Jumbo,blanco,Vino Canciller Blend Iii Edición Especial 1.125 L,CANCILLER,3100,3100,https://www.jumbo.com.ar/vino-canciller-blend-iii-edicion-especial-1-125-l/p
1,Jumbo,blanco,Vino Caoba Chardonnay,CAOBA,79,79,https://www.jumbo.com.ar/vino-caoba-chardonnay/p
1,Jumbo,blanco,Vino Caoba Torrontes,CAOBA,56,56,https://www.jumbo.com.ar/vino-caoba-torrontes/p
1,Jumbo,blanco,Vino Capriccio Dolcezza Botella 750mlx1,DANTE ROBINO,3150,3150,https://www.jumbo.com.ar/vino-capriccio-dolcezza-botella-750mlx1/p
1,Jumbo,blanco,Vino Caracter Chardonnay X 750cc,CARACTER,25,25,https://www.jumbo.com.ar/vino-caracter-chardonnay-x-750cc/p
1,Jumbo,blanco,Vino Carcassonne Chardonnay Bot 750 Cc.,CARCASSONNE,85,85,https://www.jumbo.com.ar/vino-carcassonne-chardonnay-bot-750-cc/p
1,Jumbo,blanco,Vino Casa Boher Viognier X 750 Cc Gran Reserva,CASA BOHER,60400,60400,https://www.jumbo.com.ar/vino-casa-boher-viognier-x-750-cc-gran-reserva/p
1,Jumbo,blanco,Vino Casa De Campo Torrontes X 700 Cc   Bot 700 Cc.,CASA DE CAMPO,12,12,https://www.jumbo.com.ar/vino-casa-de-campo-torrontes-x-700-cc-bot-700-cc/p
1,Jumbo,blanco,Vino Castello Marcone Chenin Sin Atributo Sin Atributo Sin Atributo Sin Atributo,CASTELLO MARCONE,,,https://www.jumbo.com.ar/vino-castello-marcone-chenin-170191/p
1,Jumbo,blanco,Vino Cavas Del Rey Blanco Seleccion 750 Cc,CAVAS DEL REY,5,5,https://www.jumbo.com.ar/vino-cavas-del-rey-blanco-bot-750-cc/p
1,Jumbo,blanco,Vino Cavic Blanco   Brk 1 Lt.,CAVIC,3,3,https://www.jumbo.com.ar/vino-cavic-blanco-brk-1-lt-2/p
1,Jumbo,blanco,Vino Cepa Tradicional Semillon,CEPA TRADICIONAL,9900,9900,https://www.jumbo.com.ar/vino-cepa-tradicional-semillon/p
1,Jumbo,blanco,Vino Cepas Viñas De Balbo Blanco Sin Atributo Sin Atributo Sin Atributo Sin Atributo,VIÑAS DE BALBO,,,https://www.jumbo.com.ar/vino-cepas-vinas-de-balbo-blanco-sin-atributo-sin-atributo-sin-atributo-sin-atributo/p
1,Jumbo,blanco,Vino Chablis 1000 Cc Viñas De Balbo,VIÑAS DE BALBO,3900,3900,https://www.jumbo.com.ar/vino-vinas-de-balbo-chablis-x-1l/p
1,Jumbo,blanco,Vino Chablis Privado  Bot X 750 Cc Sin Atributo Sin Atributo Sin Atributo Sin Atributo,PRIVADO,,,https://www.jumbo.com.ar/vino-privado-chablis-168577/p
1,Jumbo,blanco,Vino Champs Elysees Chablisters Botella 700 Cc,CHAMPS ELYSEES,4,4,https://www.jumbo.com.ar/vino-champs-elysees-chablisters-botella-700-cc/p
1,ChangoMás,blanco,Vino Chardonay Alma Mora 750ml,Alma Mora,,,https://www.masonline.com.ar/vino-chardonay-alma-mora-750-cc-2/p
1,Día,blanco,Vino Chardonay Finca Norte 750 Ml.,FINCA NORTE,3590,3590,https://diaonline.supermercadosdia.com.ar/vino-chardonay-finca-norte-750-ml-166355/p
1,Jumbo,blanco,Vino Chardonnau Ruca Malen X 750,RUCA MALEN,947,947,https://www.jumbo.com.ar/vino-chardonnau-ruca-malen-x-750/p
1,Jumbo,blanco,Vino Chardonnay Ruca Malen Terroir Series X750 Ml,RUCA MALEN,1050,1050,https://www.jumbo.com.ar/vino-chardonnay-ruca-malen-terroir-series-x750-ml/p
1,Día,blanco,Vino Chenin Dulce Chacabuco 750 Ml.,CHACABUCO,6371,6371,https://diaonline.supermercadosdia.com.ar/vino-chenin-dulce-chacabuco-750-ml-300599/p
1,Jumbo,blanco,Vino Chenin J.a. Cicchitti X 750 Cc Sin Atributo Sin Atributo Sin Atributo Sin Atributo,J.A.  CICCHITTI,,,https://www.jumbo.com.ar/vino-j-a-cicchitti-chenin-168580/p
1,Jumbo,blanco,Vino Ciclos Sauvignon Blanc Fume Botella 750 Cc,CICLOS,60,60,https://www.jumbo.com.ar/vino-ciclos-sauvignon-blanc-x-750-cc/p
1,ChangoMás,blanco,Vino Coleccion Chardonnay Ed 1895 X 750 Ml,1895,,,https://www.masonline.com.ar/vino-coleccion-chardonnay-ed-1895-x-750-ml-2/p
1,Jumbo,blanco,Vino Colon Chablis 700 Cc,COLON,52,52,https://www.jumbo.com.ar/vino-colon-chablis-700-cc/p
1,Jumbo,blanco,Vino Colon Chablisters Botella 750 Cc,COLON,28,28,https://www.jumbo.com.ar/vino-colon-chablisters-botella-750-cc/p
1,Jumbo,blanco,Vino Concha Y Toro Reservado Chardonnay Nacional Botella 750 Cc,CONCHA Y TORO,20,20,https://www.jumbo.com.ar/vino-concha-y-toro-reservado-chardonnay-nacional-botella-750-cc/p
1,Jumbo,blanco,Vino Concha Y Toro Torrontes 750 Cc,CONCHA Y TORO,18,18,https://www.jumbo.com.ar/vino-concha-y-toro-torrontes-750-cc/p
1,Jumbo,blanco,Vino Conejo Verde Blanc De Blancs 750 Ml,SIN MARCA,1757,1757,https://www.jumbo.com.ar/vino-conejo-verde-blanc-de-blancs-750-ml/p
1,Jumbo,blanco,Vino Conquista Torrontes-bot-cc.-750,CONQUISTA,27,27,https://www.jumbo.com.ar/vino-conquista-torrontes-bot-cc-750/p
1,Jumbo,blanco,Vino Cordero Con Piel De Lobo Dulce Natural 75,CORDERO CON PIEL DE LOBO,3509,3509,https://www.jumbo.com.ar/vino-cordero-con-piel-de-lobo-dulce-natural-75/p
1,Jumbo,blanco,Vino Cornejo Costas Torrontés   Bot 750 Cc.,CORNEJO COSTAS,5,5,https://www.jumbo.com.ar/vino-cornejo-costas-torrontes-bot-750-cc/p
1,Jumbo,blanco,Vino Cosecha Tardia Blanco Benjamin X750 Ml,BENJAMIN NIETO,3400,3400,https://www.jumbo.com.ar/vino-cosecha-tardia-blanco-benjamin-x750-ml/p
1,Jumbo,blanco,Vino Cosecha Tardia Blanco Bot-750ml,NORTON,492,492,https://www.jumbo.com.ar/vino-cosecha-tardia-blanco-bot-750ml-2/p
1,Jumbo,blanco,Vino Crespi Reservado Blanco X 700cc,CRESPI,,,https://www.jumbo.com.ar/vino-crespi-reservado-blanco-x-700cc/p
1,Jumbo,blanco,Vino Crios Chardonnay-bot-cc.-750,CRIOS,65,65,https://www.jumbo.com.ar/vino-crios-chardonnay-bot-cc-750/p
1,Jumbo,blanco,Vino Crios Torrontes 750 Cc,CRIOS,95,95,https://www.jumbo.com.ar/vino-crios-torrontes-750-cc/p
1,Jumbo,blanco,Vino Crotta Bco,CROTTA,7,7,https://www.jumbo.com.ar/vino-crotta-bco/p
1,Jumbo,blanco,Vino Cruz Del Sur Blanco Botella 700 Cc,CRUZ DEL SUR,2,2,https://www.jumbo.com.ar/vino-cruz-del-sur-blanco/p
1,Jumbo,blanco,Vino Cuarto De Milla   Bot 750 Cc.,CUARTO DE MILLA,40,40,https://www.jumbo.com.ar/vino-cuarto-de-milla/p
1,Jumbo,blanco,Vino Cuesta Del Madero Dulce Cosecha Singular,CUESTA DEL MADERO,5535,5535,https://www.jumbo.com.ar/vino-cuesta-del-madero-dulce-cosecha-singular/p
1,Jumbo,blanco,Vino Cxv Ciento Quince Aniversario Blanco-bot-cc.-750,CXV,132,132,https://www.jumbo.com.ar/vino-cxv-ciento-quince-aniversario-blanco-bot-cc-750/p
1,Jumbo,blanco,Vino D/ Mesa Pecari Bco,PECARI,3,3,https://www.jumbo.com.ar/vino-d-mesa-pecari-bco-290180/p
1,Jumbo,blanco,Vino D/ Mesa Pecari Bco Dul,PECARI,3,3,https://www.jumbo.com.ar/vino-d-mesa-pecari-bco-dul-290158/p
1,Jumbo,blanco,Vino Dada Art 391 White Malbec 750cc,DADA,8250,8250,https://www.jumbo.com.ar/vino-dada-art-391-white-malbec-750cc/p
1,Día,blanco,Vino Dada Lata Sweet 355 Ml.,DADA,3580,3580,https://diaonline.supermercadosdia.com.ar/vino-dada-lata-sweet-355-ml-267042/p
1,ChangoMás,blanco,Vino Dadá White 750ml,Dada,7739,7739,https://www.masonline.com.ar/vino-blanco-dada-white-malbec-750-cc-2/p
1,Jumbo,blanco,Vino Dalton White Blend 750 Cc,DALTON,793,793,https://www.jumbo.com.ar/vino-dalton-white-blend-750-cc/p
1,Jumbo,blanco,Vino Darom Bco X750cc,DAROM,32,32,https://www.jumbo.com.ar/vino-darom-bco-x750cc/p
1,Jumbo,blanco,Vino De Mesa Algarves Blanco X 1 Lt.,ALGARVES,1,1,https://www.jumbo.com.ar/vino-de-mesa-algarves-blanco-x-1-lt/p
1,Jumbo,blanco,Vino De Mesa Bordolino Blanco 1 Lt,BORDOLINO,13,13,https://www.jumbo.com.ar/vino-de-mesa-bordolino-blanco-1-lt/p
1,Jumbo,blanco,Vino De Mesa Chañar Del Norte Blanco Botella 700 Cc,CHAÑAR DEL NORTE,2,2,https://www.jumbo.com.ar/vino-de-mesa-chanar-del-norte-blanco-botella-700-cc/p
1,Jumbo,blanco,Vino De Mesa Crespi Blanco X 1 Lt.,CRESPI,1,1,https://www.jumbo.com.ar/vino-de-mesa-crespi-blanco-x-1-lt/p
1,Jumbo,blanco,Vino De Mesa La Quebrada Blanco Regional 5 Lt.,LA QUEBRADA,,,https://www.jumbo.com.ar/vino-de-mesa-la-quebrada-blanco-regional-5-lt-2/p
1,Jumbo,blanco,Vino De Mesa Pico De Oro Blanco 1 L,PICO DE ORO,2350,2350,https://www.jumbo.com.ar/vino-de-mesa-pico-de-oro-blanco-1-l/p
1,Jumbo,blanco,Vino De Mesa Talacasto Blanco Dulce X 1 Lt.,TALACASTO,1,1,https://www.jumbo.com.ar/vino-de-mesa-talacasto-blanco/p
1,Jumbo,blanco,Vino De Mesa Talacasto Blanco1 Lt.,TALACASTO,1,1,https://www.jumbo.com.ar/vino-de-mesa-talacasto-blanco-2/p
1,Jumbo,blanco,Vino De Mesa Termidor Blanco Dulce X 1lt,TERMIDOR,4,4,https://www.jumbo.com.ar/vino-de-mesa-termidor-blanco-dulce-x-1lt/p
1,Jumbo,blanco,Vino De Mesa Termidor Torrontes   Brk 100 Cc.,TERMIDOR,18,18,https://www.jumbo.com.ar/vino-de-mesa-termidor-torrontes-brk-100-cc/p
1,Jumbo,blanco,Vino De Mesa Viñas Riojanas Blanco X 1 Lt.,VIÑAS RIOJANAS,15,15,https://www.jumbo.com.ar/vino-de-mesa-vinas-riojanas-blanco-x-1-lt/p
1,Jumbo,blanco,Vino Del Fin Del Mundo Sauvignon X 750 Ml,DEL FIN DEL MUNDO,54,54,https://www.jumbo.com.ar/vino-del-fin-del-mundo-sauvignon-x-750-ml-2/p
1,Jumbo,blanco,Vino Del Valle Chablis,DEL VALLE,5,5,https://www.jumbo.com.ar/vino-del-valle-chablis-290159/p
1,Jumbo,blanco,Vino Del Valle Chard,DEL VALLE,5,5,https://www.jumbo.com.ar/vino-del-valle-chard-290160/p
1,Jumbo,blanco,Vino Desvario Torrontes-bot-cc.-750,DESVARIO,60,60,https://www.jumbo.com.ar/vino-desvario-torrontes-bot-cc-750/p
1,Jumbo,blanco,Vino Diamandes De Uco Chardonnay-bot-cc.-750,DIAMANDES,107,107,https://www.jumbo.com.ar/vino-diamandes-de-uco-chardonnay-bot-cc-750/p
1,Jumbo,blanco,Vino Diego Murillo Torrontes  Botella  750 Cc,DIEGO MURILLO,28,28,https://www.jumbo.com.ar/vino-diego-murillo-torrontes-botella-750-cc/p
1,Jumbo,blanco,Vino Dilema Blanco Lata X269ml,DILEMA,2350,2350,https://www.jumbo.com.ar/vino-dilema-blanco-lata-x269ml/p
1,Jumbo,blanco,Vino Dilema Dulce Natural,DILEMA,29,29,https://www.jumbo.com.ar/vino-dilema-dulce-natural/p
1,Jumbo,blanco,Vino Domingo Molina Ttes 750 Ml,DOMINGO MOLINA,23916,23916,https://www.jumbo.com.ar/vino-domingo-molina-ttes-750-ml/p
1,Jumbo,blanco,Vino Don Baltazar Chardonnay Viogner X 750cc,DON BALTAZAR,30,30,https://www.jumbo.com.ar/vino-don-baltazar-chardonnay-viogner-x-750cc-2/p
1,Jumbo,blanco,Vino Don Maza Chardonnay-bot-cc.-750,DON MAZA,197,197,https://www.jumbo.com.ar/vino-don-maza-chardonnay/p
1,Jumbo,blanco,Vino Don Nicanor Chard-viog,DON NICANOR,78,78,https://www.jumbo.com.ar/vino-don-nicanor-chard-viog/p
1,Jumbo,blanco,Vino Don Rui Martin´s Chenin Semillón  Bot 750 Cc.,MARTIN´S,4,4,https://www.jumbo.com.ar/vino-don-rui-martin-s-chenin-semillon-bot-750-cc/p
1,Jumbo,blanco,Vino Dos Tonos Con Jugo De Anana-brk-cc.-100,CRESPI,9,9,https://www.jumbo.com.ar/vino-dos-tonos-con-jugo-de-anana-brk-cc-100-2/p
1,Jumbo,blanco,Vino Dos Tonos Con Lima Limon-bot-cc.-700,CRESPI,8,8,https://www.jumbo.com.ar/vino-dos-tonos-con-lima-limon-bot-cc-700-2/p
1,Jumbo,blanco,Vino Dos Tonos Con Lima Limon-bot-cc.-930,CRESPI,11,11,https://www.jumbo.com.ar/vino-dos-tonos-con-lima-limon-bot-cc-930/p
1,Jumbo,blanco,Vino Dos Voces Semillon Sauvignon Blanc Botella 750 Cc,CHANDON,17,17,https://www.jumbo.com.ar/vino-dos-voces-semillon-sauvignon-blanc-botella-750-cc/p
1,Jumbo,blanco,Vino Dulce Ampakama Viognier 750 Cc,AMPAKAMA,319,319,https://www.jumbo.com.ar/vino-ampakama-viognier-dulce-natural/p
1,Jumbo,blanco,Vino Dulce Natural Cuesta Del Madero 750 Cc,CUESTA DEL MADERO,28,28,https://www.jumbo.com.ar/vino-dulce-natural-cuesta-del-madero-750-cc/p
1,Jumbo,blanco,Vino Dulce Natural Quara Torrontes 750 Cc,QUARA,46,46,https://www.jumbo.com.ar/vino-dulce-natural-quara-torrontes-750-cc/p
1,Jumbo,blanco,Vino Dulce Natural X 750 Cc Finjamos Demencia,Finjamos Demencia,6650,6650,https://www.jumbo.com.ar/vino-dulce-natural-x-750-cc-finjamos-demencia/p
1,Jumbo,blanco,Vino Dulce Novecento Capriccio 750 Cc,NOVECENTO,209,209,https://www.jumbo.com.ar/vino-dulce-novecento-capriccio-750-cc/p
1,Día,blanco,Vino Dulce Tardio Viñas Del Tango 750 Ml.,VIÑAS DEL TANGO,3849,3849,https://diaonline.supermercadosdia.com.ar/vino-dulce-tardio-vinas-del-tango-750-ml-18538/p
1,ChangoMás,blanco,Vino El Abuelo Jerez 750ml,El Abuelo,,,https://www.masonline.com.ar/vino-el-abuelo-jerez-750ml-2/p
1,Jumbo,blanco,Vino El Acequion Pinot Gris-bot-cc.-750,EL ACEQUION,112,112,https://www.jumbo.com.ar/vino-el-acequion-pinot-gris-bot-cc-750/p
1,Jumbo,blanco,Vino El Acequion Sauvignon Blanc-bot-cc.-750,EL ACEQUION,,,https://www.jumbo.com.ar/vino-el-acequion-sauvignon-blanc-bot-cc-750/p
1,Jumbo,blanco,Vino El Esteco Blanc De Blancs 750 Cc,EL ESTECO,908,908,https://www.jumbo.com.ar/vino-el-esteco-blanc-de-blancs-750-cc/p
1,Jumbo,blanco,Vino El Esteco Torrontes Tardío 500 Cc,EL ESTECO,467,467,https://www.jumbo.com.ar/vino-el-esteco-torrontes-tardio-500-cc/p
1,Jumbo,blanco,Vino El Regreso Chenin,LA LIGA DE ENÓLOGOS,1796,1796,https://www.jumbo.com.ar/vino-el-regreso-chenin/p
1,ChangoMás,blanco,Vino El Regreso Chenin Blanc Semillon 750ml,El Regreso,,,https://www.masonline.com.ar/vino-el-regreso-chenin-blanc-semillon-2/p
1,Jumbo,blanco,Vino El Velazco Torrontés Chardonnay X 700 Cc   Bot 700 Cc.,EL VELAZCO,5,5,https://www.jumbo.com.ar/vino-el-velazco-torrontes-chardonnay-x-700-cc-bot-700-cc/p
1,Jumbo,blanco,Vino Escorihuela Gascon Viognier   Bot 750 Cc.,ESCORIHUELA,445,445,https://www.jumbo.com.ar/vino-escorihuela-gascon-viognier-bot-750-cc/p
1,Jumbo,blanco,Vino Espiritu De Argentina Torrontes-bot-cc.-750,ESPIRITU DE ARGENTINA,23,23,https://www.jumbo.com.ar/vino-espiritu-de-argentina-torrontes-bot-cc-750/p
1,Jumbo,blanco,Vino Espumante Blend Extra Brut 750 Cc Canciller,CANCILLER,6700,6700,https://www.jumbo.com.ar/vino-canciller-blend-xx-extra-brut-750cc/p
1,Día,blanco,Vino Espumante Brut Mumm 750 Ml.,MUMM,10683,10683,https://diaonline.supermercadosdia.com.ar/vino-espumante-brut-mumm-750-ml-299315/p
1,Jumbo,blanco,Vino Esquinas Dulce Natural Sauvignon Blanco 750 Ml,ESQUINAS,187,187,https://www.jumbo.com.ar/vino-esquinas-dulce-natural-sauvignon-blanco-750-ml/p
1,ChangoMás,blanco,Vino Estancia Mendoza Bivarietales Blanco Chardonnay Chenin,Estancia Mendoza,,,https://www.masonline.com.ar/vino-estancia-mendoza-bivarietales-blanco-chardonnay-chenin-2/p
1,Jumbo,blanco,Vino Estancia Mendoza Chardonnay Chenin X 750 Ml,NINA,1150,1150,https://www.jumbo.com.ar/vino-estancia-mendoza-chardonnay-chenin-x-750-ml/p
1,Jumbo,blanco,Vino Estancia Mendoza Chardonnay X 750 Ml,ESTANCIA MENDOZA,3800,3800,https://www.jumbo.com.ar/vino-estancia-mendoza-chardonnay-x-750-ml/p
1,Jumbo,blanco,Vino Estate Grown Pinot X 750 Ml Argento,ARGENTO,11867,11867,https://www.jumbo.com.ar/vino-estate-grown-pinot-x-750-ml-argento/p
1,Jumbo,blanco,Vino Estate Organico Pinot Grigio 750 Cc Argento,ARGENTO,7950,7950,https://www.jumbo.com.ar/vino-estate-organico-pinot-grigio-750-cc-argento/p
1,Jumbo,blanco,Vino Estiba Dulce Natural-bot-cc.-375,ESTIBA I,27,27,https://www.jumbo.com.ar/vino-estiba-dulce-natural/p
1,Jumbo,blanco,Vino Etchart Privado Cosecha Tardia X750cc,ETCHART,240,240,https://www.jumbo.com.ar/vino-etchart-privado-cosecha-tardia-x750cc/p
1,Jumbo,blanco,Vino Etchart Torrontes Cafayate Botella 750 Cc,ETCHART,10,10,https://www.jumbo.com.ar/vino-etchart-torrontes-cafayate-botella-750-cc/p
1,Jumbo,blanco,Vino Fabre Montmayou Chardonnay   Bot 750 Cc.,FABRE MONTMAYOU,73,73,https://www.jumbo.com.ar/vino-fabre-montmayou-chardonnay/p
1,Jumbo,blanco,Vino Famiglia Bianchi White Blend 750 Cc,BIANCHI,2450,2450,https://www.jumbo.com.ar/vino-famiglia-bianchi-white-blend-750-cc/p
1,Jumbo,blanco,Vino Familia Reina Reserva Chard.,SIN MARCA,61,61,https://www.jumbo.com.ar/vino-familia-reina-reserva-chard/p
1,Jumbo,blanco,Vino Federico De Alvear Chablis 750 Cc,FEDERICO DE ALVEAR,72,72,https://www.jumbo.com.ar/vino-federico-de-alvear-chablis-750-cc/p
1,Jumbo,blanco,Vino Federico De Alvear Chablis-bot-cc.-251,FINCA DE ALVEAR,28,28,https://www.jumbo.com.ar/vino-federico-de-alvear-chablis-bot-cc-251/p
1,Jumbo,blanco,Vino Federico De Alvear Chardonnay X 750ml,FEDERICO DE ALVEAR,24,24,https://www.jumbo.com.ar/vino-federico-de-alvear-chardonnay-x-750ml/p
1,Jumbo,blanco,Vino Federico De Alvear Lagar Priv Chardonay-bot-cc.-750,FEDERICO DE ALVEAR,62,62,https://www.jumbo.com.ar/vino-federico-de-alvear-lagar-priv-chardonay/p
1,Jumbo,blanco,Vino Finca Beltran Duo Chenin X 750 Cc Chardonnay  Bot 750 Cc.,FINCA BELTRAN DUO,11,11,https://www.jumbo.com.ar/vino-finca-beltran-duo-chenin-x-750-cc/p
1,Jumbo,blanco,Vino Finca De Alvear Chablis X 1250cc,FINCA DE ALVEAR,24,24,https://www.jumbo.com.ar/vino-finca-de-alvear-chablis-x-1250cc/p
1,Jumbo,blanco,Vino Finca Flichman Roble Chardonnay 750 Cc,FINCA FLICHMAN,188,188,https://www.jumbo.com.ar/vino-finca-flichman-roble-chardonnay-750-cc/p
1,Jumbo,blanco,Vino Finca La Anita Chard,FINCA LA ANITA,60,60,https://www.jumbo.com.ar/vino-finca-la-anita-chard/p
1,Jumbo,blanco,Vino Finca La Anita Sauvignon Blanc 750ml-bot-cc.-750,FINCA LA ANITA,125,125,https://www.jumbo.com.ar/vino-finca-la-anita-sauvignon-blanc-750ml-bot-cc-750/p
1,Jumbo,blanco,Vino Finca La Anita Semillon Nueva Presentación  Bot 750 Cc.,FINCA LA ANITA,174,174,https://www.jumbo.com.ar/vino-finca-la-anita-semillon/p
1,Jumbo,blanco,Vino Finca Las Moras Viognier X 750 Cc,FINCA LAS MORAS,28,28,https://www.jumbo.com.ar/vino-finca-las-moras-viognier-x-750-cc/p
1,Jumbo,blanco,Vino Finca Las Nubes Torrontes Dulce Natural-bot-cc.-750,FINCA LAS NUBES,311,311,https://www.jumbo.com.ar/vino-finca-las-nubes-torrontes-dulce-natural-bot-cc-750/p
1,Jumbo,blanco,Vino Finca Los Primos Chardonnay Bot750,FINCA LOS PRIMOS,530,530,https://www.jumbo.com.ar/vino-finca-los-primos-chardonnay-bot750/p
1,Jumbo,blanco,Vino Finca Magnolia Blend De Blancas 750,Finca Magnolia,,,https://www.jumbo.com.ar/vino-finca-magnolia-blend-de-blancas-750/p
1,Jumbo,blanco,Vino Finca Monte Lindo Chardo X750cc,FINCA MONTE LINDO,24,24,https://www.jumbo.com.ar/vino-finca-monte-lindo-chardo-x750cc/p
1,Jumbo,blanco,Vino Finca Morera Viognier,FINCA MORERA,34,34,https://www.jumbo.com.ar/vino-finca-morera-viognier-290582/p
1,Jumbo,blanco,Vino Finca Santa Maria Chardonnay   Bot 750 Cc.,FINCA SANTA MARIA,4,4,https://www.jumbo.com.ar/vino-finca-santa-maria-chardonnay/p
1,Jumbo,blanco,Vino Finca Simonassi Chardonnay Bco.,SIMONASSI,9,9,https://www.jumbo.com.ar/vino-finca-simonassi-chardonnay-bco-290384/p
1,Jumbo,blanco,Vino Finca Tulum  Blanco,FINCA TULUM,6,6,https://www.jumbo.com.ar/vino-finca-tulum-blanco-290164/p
1,Jumbo,blanco,Vino Finel Retiro Blanco Tardio  Botella 500 Cc,FINCA EL RETIRO,11,11,https://www.jumbo.com.ar/vino-finel-retiro-blanco-tardio-botella-500-cc/p
1,Jumbo,blanco,Vino Fino  Abel M.torino Blanco X 700  Cc. Prom 6 X 5.,SUC. ABEL MICHEL TORINO,9,9,https://www.jumbo.com.ar/vino-suc-abel-michel-torino-blanco-2/p
1,Jumbo,blanco,Vino Fino Afrodita Blanco  750  Cc,AFRODITA,16,16,https://www.jumbo.com.ar/vino-fino-afrodita-blanco-750-cc-2/p
1,Jumbo,blanco,Vino Fino Alamos Sauvignon X 750 Cc,ALAMOS,31,31,https://www.jumbo.com.ar/vino-fino-alamos-sauvignon-x-750-cc-218566/p
1,Jumbo,blanco,Vino Fino Alta Vista Torrontes,ALTA VISTA,28,28,https://www.jumbo.com.ar/vino-fino-alta-vista-torrontes/p
1,Jumbo,blanco,Vino Fino Alvear Chardonnay Bot 750 Cc.,ALVEAR,,,https://www.jumbo.com.ar/vino-fino-alvear-chardonnay-x-750-cc-218727/p
1,Jumbo,blanco,Vino Fino Astiblanco Sauvignon  750  Cc,ASTICA,26,26,https://www.jumbo.com.ar/vino-fino-astiblanco-sauvignon-750-cc/p
1,Jumbo,blanco,Vino Fino Balnco Purezas Andin.,PUREZAS ANDINAS,,,https://www.jumbo.com.ar/vino-fino-balnco-purezas-andin-214451/p
1,Jumbo,blanco,Vino Fino Baron Von Ludwig Blanco X 750 Ml Dulce  Bot 750 Ml.,BARON VON LUDWIG,19,19,https://www.jumbo.com.ar/vino-fino-baron-von-ludwig-blanco-x-750-ml-dulce-bot-750-ml/p
1,Jumbo,blanco,Vino Fino Bco.verrey Loreto Sin Atributo Sin Atributo Sin Atributo Sin Atributo,VIRREY LORETO,4,4,https://www.jumbo.com.ar/vino-fino-bco-verrey-loreto-sin-atributo-sin-atributo-sin-atributo-sin-atributo-2/p
1,Jumbo,blanco,Vino Fino Black Tower Blanco X 750  Cc.,BLACK TOWER,,,https://www.jumbo.com.ar/vino-fino-black-tower-blanco-x-750-cc/p
1,Jumbo,blanco,Vino Fino Bodega Privada Sauvignon X 750 Cc   Bot 750 Cc.,BODEGA PRIVADA,23,23,https://www.jumbo.com.ar/vino-fino-bodega-privada-sauvignon-x-750-cc-bot-750-cc/p
1,Jumbo,blanco,Vino Fino Bodega Privada Torrontes X 750 Cc,BODEGA PRIVADA,13,13,https://www.jumbo.com.ar/vino-fino-bodega-privada-torrontes-x-750-cc/p
1,Jumbo,blanco,Vino Fino Carrascal Blanco Bot 750 Cc.,CARRASCAL,19,19,https://www.jumbo.com.ar/vino-fino-carrascal-blanco-x-750-cc/p
1,Jumbo,blanco,Vino Fino Castel Blanco Botella 375 Cc,CASTEL,8,8,https://www.jumbo.com.ar/vino-fino-castel-blanco-botella-375-cc-127866/p
1,Jumbo,blanco,Vino Fino Cavas San Julian Blanco Selección X 700  Cc.,CAVAS SAN JULIAN,2,2,https://www.jumbo.com.ar/vino-fino-cavas-san-julian-blanco-seleccion-x-700-cc/p
1,Jumbo,blanco,Vino Fino Chardonnay Alta Vista Premium Botella 750 Cc,ALTA VISTA,113,113,https://www.jumbo.com.ar/vino-fino-chardonnay-alta-vista-x-750-cc/p
1,Jumbo,blanco,Vino Fino Chateau Montchenot Blanco Botella 750 Cc,CHATEAU MONTCHENOT,38,38,https://www.jumbo.com.ar/vino-fino-chateau-montchenot-blanco-botella-750-cc/p
1,Jumbo,blanco,Vino Fino Chateau Vieu Blanco Botella 750 Cc,CHATEAU VIEUX,13,13,https://www.jumbo.com.ar/vino-fino-chateau-vieu-blanco-botella-750-cc/p
1,Jumbo,blanco,Vino Fino Colon Blanco Sauternes Botella 700 Cc,COLON,14,14,https://www.jumbo.com.ar/vino-fino-colon-blanco/p
1,Jumbo,blanco,Vino Fino Cometrose De Valmont Blanco Botella 375 Cc,VALMONT,9,9,https://www.jumbo.com.ar/vino-fino-cometrose-de-valmont-blanco-botella-375-cc/p
1,Jumbo,blanco,Vino Fino Don Barba Chablis Sin Atributo Sin Atributo Sin Atributo Sin Atributo,DON BARBA,,,https://www.jumbo.com.ar/vino-fino-don-barba-chablis-sin-atributo-sin-atributo-sin-atributo-sin-atributo-189213/p
1,Jumbo,blanco,Vino Fino Don David Chardonnay Roble X 750  Cc.,DON DAVID,,,https://www.jumbo.com.ar/vino-fino-don-david-chardonnay-roble-x-750-cc/p
1,Jumbo,blanco,Vino Fino El Regeso Chablisters Botella 700 Cc,EL REGRESO,2,2,https://www.jumbo.com.ar/vino-fino-el-regeso-chablisters-botella-700-cc/p
1,Jumbo,blanco,Vino Fino Etchart Chardonnay Tipo Cafayate Presentacion Internacional,ETCHART,18,18,https://www.jumbo.com.ar/vino-fino-etchart-chardonnay-tipo-cafayate-presentacion-internacional/p
1,Jumbo,blanco,Vino Fino Fiancee Chablis X 750  Cc.,FIANCEE,2,2,https://www.jumbo.com.ar/vino-fiancee-chablis/p
1,Jumbo,blanco,Vino Fino Finca Be Lt.ran Chablis X 750  Cc.,FINCA BELTRAN,9,9,https://www.jumbo.com.ar/vino-finca-beltran-chenin-x-750-cc/p
1,Jumbo,blanco,Vino Fino Finca La Anita Tocai Friulano Sin Atributo Sin Atributo Sin Atributo Sin Atributo,FINCA LA ANITA,,,https://www.jumbo.com.ar/vino-fino-finca-la-anita-tocai-friulano-sin-atributo-sin-atributo-sin-atributo-sin-atributo-158633/p
1,Jumbo,blanco,Vino Fino Flichman Chardonnay Claire X 750  Cc.,FINCA FLICHMAN,12,12,https://www.jumbo.com.ar/vino-fino-flichman-chardonnay-claire-x-750-cc-2/p
1,Jumbo,blanco,Vino Fino Gand Coupage Blanco  700  Cc,GRAN COUPAGE,3,3,https://www.jumbo.com.ar/vino-grand-coupage-blanco/p
1,Jumbo,blanco,Vino Fino Gato Blanco Sauvignon X 750  Cc.,GATO,10,10,https://www.jumbo.com.ar/vino-gato-sauvignon-blanc/p
1,Jumbo,blanco,Vino Fino Joven Jordan Blanco X 750  Cc.,JORDAN,,,https://www.jumbo.com.ar/vino-fino-joven-jordan-blanco-x-750-cc-2/p
1,Jumbo,blanco,Vino Fino Kleinburg Blanco X 750  Cc.,KLEINBURG,6,6,https://www.jumbo.com.ar/vino-fino-kleinburg-blanco-x-750-cc/p
1,Jumbo,blanco,Vino Fino La Rinconada Riesling Sin Atributo Sin Atributo Sin Atributo Sin Atributo,LA RINCONADA,,,https://www.jumbo.com.ar/vino-fino-la-rinconada-riesling-sin-atributo-sin-atributo-sin-atributo-sin-atributo-158077/p
1,Jumbo,blanco,Vino Fino Le Cellier Blanco X 750  Cc.,LE CELLIER,7,7,https://www.jumbo.com.ar/vino-fino-le-cellier-blanco-x-750-cc/p
1,Jumbo,blanco,Vino Fino Lecho De Piedra Torrontes X 700  Cc.,LECHO DE PIEDRA,,,https://www.jumbo.com.ar/vino-fino-lecho-de-piedra-torrontes-x-700-cc/p
1,Jumbo,blanco,Vino Fino Lopez Blanco Bot 375 Cc.,LOPEZ,5,5,https://www.jumbo.com.ar/vino-fino-lopez-blanco-bot-375-cc/p
1,Jumbo,blanco,Vino Fino Los Corrales Chablis Sin Atributo Sin Atributo Sin Atributo Sin Atributo,LOS CORRALES,,,https://www.jumbo.com.ar/vino-fino-los-corrales-chablis-sin-atributo-sin-atributo-sin-atributo-sin-atributo-167515/p
1,Jumbo,blanco,Vino Fino Lurton Pinot Gris X 500ml,LURTON,17,17,https://www.jumbo.com.ar/vino-fino-lurton-pinot-gris-x-500ml/p
1,Jumbo,blanco,Vino Fino Lurton Viognier Reserve,LURTON,25,25,https://www.jumbo.com.ar/vino-fino-lurton-viognier-reserve-290465/p
1,Jumbo,blanco,Vino Fino M.del Riscal Blanco Sauvignon X 750  Cc.,M. DEL RISCAL,54,54,https://www.jumbo.com.ar/vino-m-del-riscal-sauvignon-blanc/p
1,Jumbo,blanco,Vino Fino Martin Fierro Chardonnay X 750 Cc,MARTIN FIERRO,129,129,https://www.jumbo.com.ar/vino-fino-martin-fierro-chardonnay-x-750-cc/p
1,Jumbo,blanco,Vino Fino Monterrey Chablis X,MONTERREY,,,https://www.jumbo.com.ar/vino-fino-monterrey-chablis-x-700-cc-216972/p
1,Jumbo,blanco,Vino Fino New Age Blanco X 250cc,NEW AGE,15,15,https://www.jumbo.com.ar/vino-fino-new-age-blanco-x-250cc/p
1,Jumbo,blanco,Vino Fino Norton Chardonnay Semillon 750 Cc,NORTON,609,609,https://www.jumbo.com.ar/vino-fino-norton-chardonnay-semillon-750-cc/p
1,Jumbo,blanco,Vino Fino Parral Riojano Torrontes 700 Cc,PARRAL RIOJANO,,,https://www.jumbo.com.ar/vino-fino-parral-riojano-torrontes-700-cc/p
1,Jumbo,blanco,Vino Fino Parrales De Chilecito Torrontes X 750  Cc.,PARRALES DE CHILECITO,,,https://www.jumbo.com.ar/vino-fino-parrales-de-chilecito-torrontes-x-750-cc/p
1,Jumbo,blanco,Vino Fino Pequeña Vasija Blanco   Est 2 Un.,PEQUEÑA VASIJA,12,12,https://www.jumbo.com.ar/vino-fino-pequena-vasija-blanco-3-17683/p
1,Jumbo,blanco,Vino Fino Renaud Poirier Chardonnay X 750  Cc.,RENAUD POIRIER,9,9,https://www.jumbo.com.ar/vino-renaud-poirier-chardonnay-2/p
1,Jumbo,blanco,Vino Fino Rincon Del Sol Blanco X 750  Cc.,RINCON DEL SOL,3,3,https://www.jumbo.com.ar/vino-fino-rincon-del-sol-blanco-x-750-cc/p
1,Jumbo,blanco,Vino Fino Rincon Famoso Blanco Bot 375 Cc.,RINCON FAMOSO,6,6,https://www.jumbo.com.ar/vino-fino-rincon-famoso-blanco-bot-375-cc/p
1,Jumbo,blanco,Vino Fino Roblemonte Blanco X,ROBLEMONTE,,,https://www.jumbo.com.ar/vino-fino-roblemonte-blanco-x-700-cc-217081/p
1,Jumbo,blanco,Vino Fino Rodas Chardonnay  X 750  Cc.,RODAS,12,12,https://www.jumbo.com.ar/vino-rodas-chardonnay/p
1,Jumbo,blanco,Vino Fino San Felipe Blanco   Est 2 Un.,SAN FELIPE,12,12,https://www.jumbo.com.ar/vino-fino-san-felipe-blanco-2/p
1,Jumbo,blanco,Vino Fino Santa Ana Blanco Selección X 2 Un.,SANTA ANA,,,https://www.jumbo.com.ar/vino-fino-santa-ana-blanco-seleccion-x-2-un-2/p
1,Jumbo,blanco,Vino Fino Santa Isabel Blanco X 700  Cc.,SANTA ISABEL,,,https://www.jumbo.com.ar/vino-fino-santa-isabel-blanco-x-700-cc-164655/p
1,Jumbo,blanco,Vino Fino Santa Isabel Chenin Blanco X 700  Cc.,SANTA ISABEL,4,4,https://www.jumbo.com.ar/vino-fino-santa-isabel-chenin-blanco-x-700-cc/p
1,Jumbo,blanco,Vino Fino Santa Julia Viognier Blanco X 750  Cc.,SANTA JULIA,94,94,https://www.jumbo.com.ar/vino-santa-julia-viognier/p
1,Jumbo,blanco,Vino Fino Santa Silvia Blanco Dulce 750,SANTA SILVIA,248,248,https://www.jumbo.com.ar/vino-fino-santa-silvia-blanco-dulce-750/p
1,Jumbo,blanco,Vino Fino Santa Silvia Blanco Dulce Natural Botella 750 Cc,SANTA SILVIA,9,9,https://www.jumbo.com.ar/vino-fino-santa-silvia-blanco/p
1,Jumbo,blanco,Vino Fino Santa Silvia Blanco Dulce X 1250 Ml,SANTA SILVIA,33,33,https://www.jumbo.com.ar/vino-fino-santa-silvia-blanco-dulce/p
1,Jumbo,blanco,Vino Fino Septiembre Blanco  Bot 250 Cc.,SEPTIEMBRE,12,12,https://www.jumbo.com.ar/vino-fino-septiembre-blanco-bot-250-cc/p
1,Jumbo,blanco,Vino Fino Septiembre Blanco Dulce-bot-cc.-750,SEPTIEMBRE,29,29,https://www.jumbo.com.ar/vino-fino-septiembre-blanco-dulce-bot-cc-750/p
1,Jumbo,blanco,Vino Fino Septiembre Durazno-bot-cc.-750,SEPTIEMBRE,17,17,https://www.jumbo.com.ar/vino-fino-septiembre-durazno-bot-cc-750/p
1,Jumbo,blanco,Vino Fino Septiembre Menta-bot-cc.-750,SEPTIEMBRE,17,17,https://www.jumbo.com.ar/vino-fino-septiembre-menta-bot-cc-750/p
1,Jumbo,blanco,Vino Fino Serie De Viñas Blanco X 700  Cc.,SERIE DE VIÑAS,,,https://www.jumbo.com.ar/vino-fino-serie-de-vinas-blanco-x-700-cc/p
1,Jumbo,blanco,Vino Fino Signos Blanco Dulce Natural Bot 750 Cc.,SIGNOS,10,10,https://www.jumbo.com.ar/vino-fino-signos-blanco-dulce-natural-bot-750-cc/p
1,Jumbo,blanco,Vino Fino Sua Blanco Dulce Botella 750 Cc,SUA,18,18,https://www.jumbo.com.ar/vino-fino-sua-blanco-dulce-botella-750-cc/p
1,Jumbo,blanco,Vino Fino Suc. A. M. Torino Chablis X 700  Cc.,MICHEL TORINO,3,3,https://www.jumbo.com.ar/vino-fino-suc-a-m-torino-chablis-x-700-cc/p
1,Jumbo,blanco,Vino Fino Suter Blanco,SUTER,4,4,https://www.jumbo.com.ar/vino-fino-suter-blanco/p
1,Jumbo,blanco,Vino Fino Suter Fritzwein Liebfraumulch X 750  Cc.,SUTER,17,17,https://www.jumbo.com.ar/vino-fino-suter-fritzwein-liebfraumulch-x-750-cc/p
1,Jumbo,blanco,Vino Fino Tittarelli Chablisters  750  Cc,BODEGA UNO,8,8,https://www.jumbo.com.ar/vino-fino-tittarelli-chablisters-750-cc/p
1,Jumbo,blanco,Vino Fino Torrontes Alta Vista Premium Bot 750 Cc.,ALTA VISTA,44,44,https://www.jumbo.com.ar/vino-fino-torrontes-alta-vista-premium-bot-750-cc/p
1,Jumbo,blanco,Vino Fino Toso Chardonnay X 750  Cc.,TOSO,11,11,https://www.jumbo.com.ar/vino-toso-chardonnay/p
1,Jumbo,blanco,Vino Fino Trambusti Orvieto Blanco   Bot 1 Lt.,SIN MARCA,86,86,https://www.jumbo.com.ar/vino-fino-trambusti-orvieto-blanco/p
1,Jumbo,blanco,Vino Fino Uvita De Plata Chablis X 700  Cc.,UVITA,1,1,https://www.jumbo.com.ar/vino-fino-uvita-de-plata-chablis-x-700-cc/p
1,Jumbo,blanco,Vino Fino Valderrobles Riesling  750  Cc,VALDERROBLES,4,4,https://www.jumbo.com.ar/vino-fino-valderrobles-riesling-750-cc/p
1,Jumbo,blanco,Vino Fino Vieja Abadia Blanco,VIEJA ABADIA,,,https://www.jumbo.com.ar/vino-fino-vieja-abadia-blanco/p
1,Jumbo,blanco,Vino Fino Viejo Solar Torrontes 1.25 Lt.,VIEJO SOLAR,4,4,https://www.jumbo.com.ar/vino-fino-viejo-solar-torrontes-1-25-lt/p
1,Jumbo,blanco,Vino Fino Viñas De Orfila Chardonnay X 700  Cc.,ORFILA,5,5,https://www.jumbo.com.ar/vino-fino-vinas-de-orfila-chardonnay-x-700-cc/p
1,Jumbo,blanco,Vino Fino Viñas Del Bosque Cha.,VIÑAS DEL BOSQUE,,,https://www.jumbo.com.ar/vino-fino-vinas-del-bosque-chablis-bot-x-700-cc-215638/p
1,Jumbo,blanco,Vino Fino Viñas Riojanas Torrontes X 750  Cc.,VIÑAS RIOJANAS,,,https://www.jumbo.com.ar/vino-fino-vinas-riojanas-torrontes-x-750-cc/p
1,ChangoMás,blanco,Vino Florio Madero Blanco Dulce Natural 750ml,Generico,,,https://www.masonline.com.ar/vino-florio-madero-blanco-dulce-natural-750ml-2/p
1,Jumbo,blanco,Vino Foyel Chardonnay,FOYEL,12,12,https://www.jumbo.com.ar/vino-foyel-chardonnay-290712/p
1,Jumbo,blanco,Vino Frida Pinot Grigio,FRIDA,4650,4650,https://www.jumbo.com.ar/vino-frida-pinot-grigio/p
1,Jumbo,blanco,Vino Frizee New Touch Blanco Citrus Botella 750 Cc,FRIZZE,20,20,https://www.jumbo.com.ar/vino-frizee-new-touch-blanco-citrus-botella-750-cc/p
1,Jumbo,blanco,Vino Frizee New Touch Durazno,FRIZZE,9,9,https://www.jumbo.com.ar/vino-frizee-new-touch-durazno/p
1,Jumbo,blanco,Vino Frizze New Touch Anana-bot-cc.-250,FRIZZE,9,9,https://www.jumbo.com.ar/vino-frizze-new-touch-anana/p
1,Jumbo,blanco,Vino Fusion De Blancas X 750 Cc Aguijon De Abeja Obrera,SIN MARCA,36000,36000,https://www.jumbo.com.ar/vino-fusion-de-blancas-x-750-cc-aguijon-de-abeja-obrera/p
1,Jumbo,blanco,Vino Fuzion Pinot Grigio Torrontes X 750,FUZION ALTA,408,408,https://www.jumbo.com.ar/vino-fuzion-pinot-grigio-torrontes-x-750/p
1,Jumbo,blanco,Vino Gala Iii Viogner X 750cc,GALA,1220,1220,https://www.jumbo.com.ar/vino-gala-iii-viogner-x-750cc/p
1,Jumbo,blanco,Vino Gata Flora Torrontes-bot-cc.-750,VASIJA SECRETA,103,103,https://www.jumbo.com.ar/vino-gata-flora-torrontes-bot-cc-750/p
1,Jumbo,blanco,Vino Gato Bco Chard,GATO BLANCO,9,9,https://www.jumbo.com.ar/vino-gato-bco-chard/p
1,Jumbo,blanco,Vino Gato Blanco Dulce Tardio X 750 Cc,GATO,26,26,https://www.jumbo.com.ar/vino-gato-blanco-dulce-tardio-x-750-cc/p
1,Jumbo,blanco,Vino Goye Cent + Chard  Est,CENTENARIO,44,44,https://www.jumbo.com.ar/vino-goye-cent-chard-est/p
1,Jumbo,blanco,Vino Goyenechea Chard X750cc,GOYENECHEA,68,68,https://www.jumbo.com.ar/vino-goyenechea-chard-x750cc/p
1,Jumbo,blanco,Vino Graffigna Centenario Pinot Grigio 750 Cc,GRAFFIGNA,48,48,https://www.jumbo.com.ar/vino-graffigna-centenario-pinot-grigio-750-cc/p
1,Jumbo,blanco,Vino Graffigna Chardonnay- Sauvignon-tbo-un.-1,GRAFFIGNA,,,https://www.jumbo.com.ar/vino-graffigna-chardonnay-sauvignon-tbo-un-1-365805/p
1,Jumbo,blanco,Vino Graffigna Vinculos Chardonnay Suavignon,GRAFFIGNA,21,21,https://www.jumbo.com.ar/vino-graffigna-vinculos-chardonnay-suavignon/p
1,Jumbo,blanco,Vino Gran Mar Chardonnay,GRAN MAR,171,171,https://www.jumbo.com.ar/vino-gran-mar-chardonnay/p
1,Jumbo,blanco,Vino Gran Reserva Chardonnay X 750 Cc Casa Boher,CASA BOHER,60400,60400,https://www.jumbo.com.ar/vino-gran-reserva-chardonnay-x-750-cc-casa-boher/p
1,Jumbo,blanco,Vino Gran Vecco Reserve Chardonay,GRAN VECCO,26,26,https://www.jumbo.com.ar/vino-gran-vecco-reserve-chardonay-290575/p
1,Jumbo,blanco,Vino Granny Santa Silvia Torrontes Botella 750 Cc,SANTA SILVIA,11,11,https://www.jumbo.com.ar/vino-granny-santa-silvia-torrontes-botella-750-cc/p
1,Jumbo,blanco,Vino Guiado Semillon Botella 750 Cc,GUIADO,32,32,https://www.jumbo.com.ar/vino-guiado-semillon-botella-750-cc/p
1,Jumbo,blanco,Vino Hermandad Chardonay 750 Cc,HERMANDAD,33450,33450,https://www.jumbo.com.ar/vino-hermandad-chardonay-750-cc/p
1,Jumbo,blanco,Vino Humberto Canale Clasico Blanco X750cc,HUMBERTO CANALE,10,10,https://www.jumbo.com.ar/vino-humberto-canale-clasico-blanco-x750cc/p
1,Jumbo,blanco,Vino Humberto Canale Torrontes 750 Cc,HUMBERTO CANALE,11,11,https://www.jumbo.com.ar/vino-humberto-canale-torrontes-750-cc/p
1,Jumbo,blanco,Vino Infinitus Chardonnay Semillón  Bot 750 Cc.,INFINITUS,47,47,https://www.jumbo.com.ar/vino-infinitus-chardonnay-semillon-bot-750-cc/p
1,Jumbo,blanco,Vino Infinitus Semillon Torrontes. Botella X 750 Cc,INFINITUS,122,122,https://www.jumbo.com.ar/vino-infinitus-semillon-torrontes/p
1,Jumbo,blanco,Vino Inmensidad Chardo X750cc,INMENSIDAD,13,13,https://www.jumbo.com.ar/vino-inmensidad-chardo-x750cc/p
1,Jumbo,blanco,Vino Jean Rivier Chenin Sauvignon Blanc-bot-cc.-750,JEAN RIVIER,30,30,https://www.jumbo.com.ar/vino-jean-rivier-chenin-sauvignon-blanc/p
1,Jumbo,blanco,Vino Johannisberg Riesling,SIN MARCA,45,45,https://www.jumbo.com.ar/vino-johannisberg-riesling/p
1,Jumbo,blanco,Vino Juan De Juana Torrontés 750 Cc,JUAN DE JUANA,4542,4542,https://www.jumbo.com.ar/vino-juan-de-juana-torrontes-750-cc/p
1,Jumbo,blanco,Vino La Consulta Gewrtzraminer Blanco,LA CONSULTA,34,34,https://www.jumbo.com.ar/vino-la-consulta-gewrtzraminer-blanco/p
1,Jumbo,blanco,Vino La Finca Cosecha Tardia X 750 Cc,LA FINCA,15,15,https://www.jumbo.com.ar/vino-la-finca-cosecha-tardia-x-750-cc/p
1,Jumbo,blanco,Vino La Pampa Estate Bco,LA PAMPA ESTATE,7,7,https://www.jumbo.com.ar/vino-la-pampa-estate-bco-290173/p
1,Jumbo,blanco,Vino La Puerta Chardo X750cc,LA PUERTA,9,9,https://www.jumbo.com.ar/vino-la-puerta-chardo-x750cc/p
1,Jumbo,blanco,Vino La Quebrada Blanco Selección   Bot 750 Cc.,LA QUEBRADA,68,68,https://www.jumbo.com.ar/vino-la-quebrada-blanco-seleccion-bot-750-cc/p
1,Jumbo,blanco,Vino Laborum Torrontés Otoño,LABORUM,82,82,https://www.jumbo.com.ar/vino-laborum-torrontes-otono/p
1,Jumbo,blanco,Vino Lacroix Chenin   X 750 Cc Sin Atributo Sin Atributo Sin Atributo Sin Atributo,LACROIX,,,https://www.jumbo.com.ar/vino-lacroix-chenin-170190/p
1,Jumbo,blanco,Vino Lambrusco Concerto Seco,SIN MARCA,31,31,https://www.jumbo.com.ar/vino-lambrusco-concerto-seco/p
1,Jumbo,blanco,Vino Lancatay Chardonnay,SIN MARCA,21,21,https://www.jumbo.com.ar/vino-lancatay-chardonnay-290522/p
1,Jumbo,blanco,Vino Las Perdices Torrontes Dulce,LAS PERDICES,2420,2420,https://www.jumbo.com.ar/vino-las-perdices-torrontes-dulce/p
1,Jumbo,blanco,Vino Late Harvest X 500 Cc,LATE HARVEST,38,38,https://www.jumbo.com.ar/vino-late-harvest-x-500-cc-2/p
1,Jumbo,blanco,Vino Latente Sauvignon Blanc-bot-cc.-750,LATENTE,37,37,https://www.jumbo.com.ar/vino-latente-sauvignon-blanc-bot-cc-750/p
1,Jumbo,blanco,Vino Latente Torrontes,LATENTE,26,26,https://www.jumbo.com.ar/vino-latente-torrontes/p
1,Jumbo,blanco,Vino Latitud 33 Torrontés-bot-cc.-375,LATITUD 33,23,23,https://www.jumbo.com.ar/vino-latitud-33-torrontes-bot-cc-375/p
1,Jumbo,blanco,Vino Lavaque Torrontes Dulce Naural X 750cc,LAVAQUE,14,14,https://www.jumbo.com.ar/vino-lavaque-torrontes-dulce-naural-x-750cc/p
1,Jumbo,blanco,Vino Lecho De Piedra Chablis   Bot 700 Cc.,LECHO DE PIEDRA,4,4,https://www.jumbo.com.ar/vino-lecho-de-piedra-chablis/p
1,Jumbo,blanco,Vino Leo Torrontes-bot-cc.-750,SIN MARCA,43,43,https://www.jumbo.com.ar/vino-leo-torrontes-bot-cc-750/p
1,Jumbo,blanco,Vino Los Arboles Chardonnay X750cc,LOS ARBOLES,24,24,https://www.jumbo.com.ar/vino-los-arboles-chardonnay-x750cc/p
1,Jumbo,blanco,Vino Los Arboles Seleccion X 750 Ml C/u,LOS ARBOLES,78,78,https://www.jumbo.com.ar/vino-blanco-los-arboles-seleccion/p
1,Jumbo,blanco,Vino Los Haroldos Chardonnay Roble Botella 750 Cc,LOS HAROLDOS,56,56,https://www.jumbo.com.ar/vino-los-haroldos-chardonnay-x-750-cc/p
1,Jumbo,blanco,Vino Los Haroldos Ttes,LOS HAROLDOS,53,53,https://www.jumbo.com.ar/vino-los-haroldos-ttes/p
1,Jumbo,blanco,Vino Los Leones Chard-sauv Blanc,LOS LEONES,33,33,https://www.jumbo.com.ar/vino-los-leones-chard-sauv-blanc/p
1,Jumbo,blanco,Vino Lurton Chardonnay Nueva Presentación Bot 750 Cc.,LURTON,10,10,https://www.jumbo.com.ar/vino-lurton-chardonnay-nueva-presentacion-bot-750-cc-167396/p
1,Jumbo,blanco,Vino Lurton Chardonnay Roble  Bot 750 Cc.,LURTON,15,15,https://www.jumbo.com.ar/vino-lurton-chardonnay-roble-bot-750-cc/p
1,Jumbo,blanco,Vino Madrigal Blanco,MADRIGAL,11,11,https://www.jumbo.com.ar/vino-madrigal-blanco-x-750-cc-290572/p
1,Jumbo,blanco,Vino Malamado Viognier Estuche X 500cc Estuche  Bot 500 Cc.,MALAMADO,780,780,https://www.jumbo.com.ar/vino-malamado-viognier-estuche-x-500cc-estuche-bot-500-cc/p
1,Jumbo,blanco,Vino Malamado Viognier Extra Dry,MALAMADO,84,84,https://www.jumbo.com.ar/vino-malamado-viognier-extra-dry/p
1,Jumbo,blanco,Vino Malma Suav-blanco X750cc,MALMA,120,120,https://www.jumbo.com.ar/vino-malma-suav-blanco-x750cc/p
1,Jumbo,blanco,Vino Mandala Sweet Lata 269cc,MANDALA,850,850,https://www.jumbo.com.ar/vino-mandala-sweet-lata-269cc/p
1,Jumbo,blanco,Vino Mantra Chardonnay-bot-cc.-750,MANTRA,323,323,https://www.jumbo.com.ar/vino-mantra-chardonnay-bot-cc-750/p
1,Jumbo,blanco,Vino Marcus Dulce Natural-bot-cc.-750,MARCUS,293,293,https://www.jumbo.com.ar/vino-marcus-dulce-natural-bot-cc-750/p
1,ChangoMás,blanco,Vino Marques Del Sur Blanco Dulce Tardio 750 Ml,Marques del Sur,,,https://www.masonline.com.ar/vino-marques-del-sur-blando-dulce-tardio-750ml-2/p
1,Jumbo,blanco,Vino Martin Fierro Chardonnay-chenin,MARTIN FIERRO,19,19,https://www.jumbo.com.ar/vino-martin-fierro-chardonnay-chenin-2/p
1,Jumbo,blanco,Vino Martin´s Chardonnay   Bot 750 Cc.,MARTIN´S,6,6,https://www.jumbo.com.ar/vino-martin-s-chardonnay-bot-750-cc/p
1,Jumbo,blanco,Vino Michel Torino Blanco Selecc. Dorada  Bot-700-cc.,MICHEL TORINO,80,80,https://www.jumbo.com.ar/vino-michel-torino-blanco-selecc-dorada-bot-700-cc/p
1,Jumbo,blanco,Vino Michel Torino Blanco Seleccion Caja 6 U,MICHEL TORINO,12,12,https://www.jumbo.com.ar/vino-michel-torino-blanco-seleccion-caja-6-u/p
1,Jumbo,blanco,Vino Michel Torino Chablisters Botella 750 Cc,MICHEL TORINO,15,15,https://www.jumbo.com.ar/vino-michel-torino-chablis/p
1,Jumbo,blanco,Vino Michel Torino Moscatel-bot-cc.-700,MICHEL TORINO,41,41,https://www.jumbo.com.ar/vino-michel-torino-moscatel/p
1,Jumbo,blanco,Vino Michel Torino Torrontes  Botella 1250 Cc,MICHEL TORINO,24,24,https://www.jumbo.com.ar/vino-michel-torino-torrontes-botella-1250-cc/p
1,Jumbo,blanco,Vino Michel Torino Torrontes Cafayate Botella 750 Cc.,MICHEL TORINO,16,16,https://www.jumbo.com.ar/vino-michel-torino-torrontes-cafayate-botella-750-cc/p
1,Jumbo,blanco,Vino Michel Torino Torrontes De Cafayate   Bot-1125-cc.,MICHEL TORINO,100,100,https://www.jumbo.com.ar/vino-michel-torino-torrontes-de-cafayate-bot-1125-cc/p
1,Jumbo,blanco,Vino Michel Torino Torrontes Seleccion Botella 700 Cc.,MICHEL TORINO,14,14,https://www.jumbo.com.ar/vino-michel-torino-torrontes-seleccion-botella-700-cc/p
1,Jumbo,blanco,Vino Michel Torino Torrontés-cafayate-sin Atributo-pck-un.-4,MICHEL TORINO,,,https://www.jumbo.com.ar/vino-michel-torino-torrontes-cafayate-sin-atributo-pck-un-4/p
1,Jumbo,blanco,Vino Michel Torino Tradicional Chablis-bot-cc.-750,MICHEL TORINO,23,23,https://www.jumbo.com.ar/vino-michel-torino-tradicional-chablis-bot-cc-750/p
1,Jumbo,blanco,Vino Mis.de Rengo Sauvig Blanc,SIN MARCA,18,18,https://www.jumbo.com.ar/vino-mis-de-rengo-sauvig-blanc-290525/p
1,Jumbo,blanco,Vino Misionero Blanco Torrontes X 1.250cc,MISIONERO,,,https://www.jumbo.com.ar/vino-misionero-blanco-torrontes-x-1-250cc/p
1,Jumbo,blanco,Vino Mosquita Muerta Blend De Blancas 750cc,Mosquita Muerta,22000,22000,https://www.jumbo.com.ar/vino-mosquita-muerta-blend-de-blancas-750cc/p
1,Jumbo,blanco,Vino Moutier Blanco Brk,MOUTIER,721,721,https://www.jumbo.com.ar/vino-moutier-blanco-brk/p
1,Jumbo,blanco,Vino Nampe Torrontes.,NAMPE,192,192,https://www.jumbo.com.ar/vino-nampe-torrontes/p
1,Jumbo,blanco,Vino Nanni Torrontés Tardio,NANNI,14200,14200,https://www.jumbo.com.ar/vino-nanni-torrontes-tardio/p
1,Jumbo,blanco,Vino Naranjo 750 Cc El Porvenir,EL PORVENIR,30150,30150,https://www.jumbo.com.ar/vino-el-porvenir-naranjo/p
1,Jumbo,blanco,Vino Naranjo Criolla 750 Cc Giol,GIOL,6550,6550,https://www.jumbo.com.ar/vino-naranjo-x-750-cc-giol/p
1,Jumbo,blanco,Vino Navarro Correas Finca Dolores Blanco X750cc,NAVARRO CORREAS,12,12,https://www.jumbo.com.ar/vino-navarro-correas-finca-dolores-blanco-x750cc/p
1,Jumbo,blanco,Vino New Age Revolution Red Hot-bot-cc.-750,NEW AGE,40,40,https://www.jumbo.com.ar/cocktail-gasificado-new-age-red-hot/p
1,Jumbo,blanco,Vino Newen Reservado Suav-blanco-reservado-bot-cc.-750,NEWEN,70,70,https://www.jumbo.com.ar/vino-newen-reservado-suav-blanco/p
1,Jumbo,blanco,Vino Newen Reservado Torrontes-bot-cc.-750,NEWEN,63,63,https://www.jumbo.com.ar/vino-newen-reservado-torrontes-bot-cc-750/p
1,Jumbo,blanco,Vino Newen Suav-blanco X750cc,NEWEN,21,21,https://www.jumbo.com.ar/vino-newen-suav-blanco-x750cc/p
1,Jumbo,blanco,Vino Newen Torrontes,NEWEN,51,51,https://www.jumbo.com.ar/vino-newen-torrontes/p
1,Jumbo,blanco,Vino Nieto & Senetiner Torrontes-bot-cc.-750,NIETO & SENETINER,74,74,https://www.jumbo.com.ar/vino-nieto-senetiner-torrontes-bot-cc-750/p
1,Jumbo,blanco,Vino Nieto Senetiner Blend Collection White,NIETO,7050,7050,https://www.jumbo.com.ar/vino-nieto-senetiner-blend-collection-white/p
1,Jumbo,blanco,Vino Nieto Senetiner Sauv Blanc,NIETO & SENETINER,62,62,https://www.jumbo.com.ar/vino-nieto-senetiner-sauv-blanc/p
1,Jumbo,blanco,Vino Nina Tardio Blanco Moscato Giallo 750 Ml,NINA,11750,11750,https://www.jumbo.com.ar/vino-nina-tardio-blanco-moscato-giallo-750-ml/p
1,Jumbo,blanco,Vino Nolita Sweet 750 Ml,NOLITA,362,362,https://www.jumbo.com.ar/vino-nolita-sweet-750-ml/p
1,Jumbo,blanco,Vino Norton Blanco X 500 Cc,NORTON,9,9,https://www.jumbo.com.ar/vino-norton-blanco-x-500-cc-2/p
1,Jumbo,blanco,Vino Norton Ct Blanco Bot-375cc,NORTON,263,263,https://www.jumbo.com.ar/vino-norton-ct-blanco-bot-375cc/p
1,Jumbo,blanco,Vino Norton Joven Chardonnay X 750cc,NORTON,119,119,https://www.jumbo.com.ar/vino-norton-joven-chardonnay-x-750cc/p
1,Jumbo,blanco,Vino Norton Libre Gruner Veltliner 750 Cc,NORTON,10910,10910,https://www.jumbo.com.ar/vino-norton-libre-gruner-veltliner-750-cc/p
1,Jumbo,blanco,Vino Novel Torrontes X 750 Cc Sauvignon  Bot 750 Cc.,NOVEL,5,5,https://www.jumbo.com.ar/vino-novel-torrontes-x-750-cc-sauvignon-bot-750-cc/p
1,Jumbo,blanco,Vino Omnium Chardonnay X750cc,VINITERRA,16,16,https://www.jumbo.com.ar/vino-omnium-chardonnay-x750cc/p
1,Jumbo,blanco,Vino Omnium Semillón Dulce X 750cc,OMNIUM,27,27,https://www.jumbo.com.ar/vino-omnium-semillon-dulce-x-750cc/p
1,Jumbo,blanco,Vino Orfila Torrontes-bot-cc.-750,ORFILA,77,77,https://www.jumbo.com.ar/vino-orfila-torrontes-bot-cc-750/p
1,Jumbo,blanco,Vino Origen Torrontes X 750cc,TRAPICHE,45,45,https://www.jumbo.com.ar/vino-origen-torrontes-x-750cc/p
1,Jumbo,blanco,Vino Oroya Blanco X 500 Cc,FREIXENET,16,16,https://www.jumbo.com.ar/vino-oroya-blanco-x-500-cc/p
1,Jumbo,blanco,Vino Pacheco Pereda Chardonnay Semillón Bot 750 Cc.,PACHECO PEREDA,29,29,https://www.jumbo.com.ar/vino-pacheco-pereda-chardonnay-semillon-bot-750-cc/p
1,Jumbo,blanco,Vino Paso El Portillo Chardonnay X 750cc,PORTILLO,9,9,https://www.jumbo.com.ar/vino-paso-el-portillo-chardonnay-x-750cc/p
1,Jumbo,blanco,Vino Paz De Flm Sauv Blanc 750cc,FINCA LAS MORAS,10532,10532,https://www.jumbo.com.ar/vino-paz-de-flm-sauv-blanc-750cc/p
1,Jumbo,blanco,Vino Pecado Cosecha Tardía-bot-cc.-750,PECADO,34,34,https://www.jumbo.com.ar/vino-pecado-cosecha-tardia-bot-cc-750/p
1,Jumbo,blanco,Vino Pecado Dolce Blanco-bot-cc.-750,PECADO,,,https://www.jumbo.com.ar/vino-pecado-dolce-blanco-bot-cc-750/p
1,Jumbo,blanco,Vino Pecado Torrontes Reserva-reserva-bot-cc.-750,PECADO,51,51,https://www.jumbo.com.ar/vino-pecado-torrontes-reserva-reserva-bot-cc-750/p
1,Jumbo,blanco,Vino Pecado Torrontes X 750cc,PECADO,33,33,https://www.jumbo.com.ar/vino-pecado-torrontes-x-750cc/p
1,Jumbo,blanco,Vino Pequeña Vasija Semillon Sauvignon Blanc  Bot 750 Cc.,PEQUEÑA VASIJA,11,11,https://www.jumbo.com.ar/vino-pequena-vasija-semillon-sauvignon-blanc-bot-750-cc/p
1,Jumbo,blanco,Vino Perdriel Chardonnay X 750cc,PERDRIEL,21,21,https://www.jumbo.com.ar/vino-perdriel-chardonnay-x-750cc/p
1,Jumbo,blanco,Vino Perdriel Colec. Sauv.blanc,PERDRIEL,43,43,https://www.jumbo.com.ar/vino-perdriel-colec-sauv-blanc/p
1,Jumbo,blanco,Vino Phebus Chardonnay X 750cc,PHEBUS,95,95,https://www.jumbo.com.ar/vino-phebus-chardonnay-x-750cc/p
1,Jumbo,blanco,Vino Picada 15 Chardonnay-bot-cc.-750,PICADA 15,44,44,https://www.jumbo.com.ar/vino-picada-15-chardonnay-bot-cc-750/p
1,Jumbo,blanco,Vino Pico De Oro Blanco Dulce 1lt,PICO DE ORO,2450,2450,https://www.jumbo.com.ar/vino-pico-de-oro-blanco-dulce-1lt/p
1,Jumbo,blanco,Vino Pietro Marini Torrontes X 750cc,PIETRO MARINI,,,https://www.jumbo.com.ar/vino-pietro-marini-torrontes-x-750cc/p
1,Jumbo,blanco,Vino Pinot Grigio 750cc Artesano,ARTESANO,11250,11250,https://www.jumbo.com.ar/vino-pinot-grigio-750cc-artesano/p
1,Día,blanco,Vino Pinot Grigio Fiel 750 Ml.,FIEL,5775,5775,https://diaonline.supermercadosdia.com.ar/vino-pinot-grigio-fiel-750-ml-298245/p
1,Jumbo,blanco,Vino Pipone White Blend 750cc,SIN MARCA,1845,1845,https://www.jumbo.com.ar/vino-pipone-white-blend-750cc/p
1,Jumbo,blanco,Vino Pont L´eveque Chenin   Bot 700 Cc.,PONT L´EVEQUE,8,8,https://www.jumbo.com.ar/vino-pont-l-eveque-chenin-bot-700-cc/p
1,Jumbo,blanco,Vino Portillo Naranjo Dulce 750ml,PORTILLO,7050,7050,https://www.jumbo.com.ar/vino-portillo-naranjo-dulce-750ml/p
1,Jumbo,blanco,Vino Prima Tempranillo-bot-cc.-750,PRIMA,152,152,https://www.jumbo.com.ar/vino-prima-tempranillo-bot-cc-750/p
1,Jumbo,blanco,Vino Puente Nuevo Blanco Selección  Bot 700 Cc.,PUENTE NUEVO,1,1,https://www.jumbo.com.ar/vino-puente-nuevo-blanco-seleccion-bot-700-cc/p
1,Jumbo,blanco,Vino Puente Viejo Blanco Nueva Presentacion Botella 700 Cc,PUENTE VIEJO,4,4,https://www.jumbo.com.ar/vino-puente-viejo-blanco-nueva-presentacion-botella-700-cc/p
1,Jumbo,blanco,Vino Putruele Chardonnay X 750 Cc   Bot 750 Cc.,PUTRUELE,17,17,https://www.jumbo.com.ar/vino-putruele-chardonnay-x-750-cc-bot-750-cc/p
1,Jumbo,blanco,Vino Quara Cosecha Tardða Roble  Bot 750 Cc.,QUARA,,,https://www.jumbo.com.ar/vino-quara-cosecha-tardia/p
1,Jumbo,blanco,Vino Quara Cosecha Tardía X 500cc,QUARA,,,https://www.jumbo.com.ar/vino-quara-cosecha-tardia-x-500cc/p
1,Jumbo,blanco,Vino Quara Oak Cask Torrontes   Bot 750 Cc.,QUARA,,,https://www.jumbo.com.ar/vino-quara-oak-cask-torrontes-bot-750-cc/p
1,Jumbo,blanco,Vino Quara Syngle Vineyard Torrontes,QUARA,144,144,https://www.jumbo.com.ar/vino-quara-syngle-vineyard-torrontes/p
1,Jumbo,blanco,Vino Quara Torrontes Botella 750 Ml.,QUARA,43,43,https://www.jumbo.com.ar/vino-quara-torrontes-botella-750-ml/p
1,Jumbo,blanco,Vino Raiz Cubiblanco  750 Cc,ORFILA,15,15,https://www.jumbo.com.ar/vino-raiz-cubiblanco-750-cc/p
1,Jumbo,blanco,Vino Real Chablis Bot 750 Cc.,REAL,2,2,https://www.jumbo.com.ar/vino-real-chablis/p
1,Jumbo,blanco,Vino Resero Blanco Dulce 1lt Brk,RESERO,1050,1050,https://www.jumbo.com.ar/vino-resero-blanco-dulce-1lt-brk/p
1,Jumbo,blanco,Vino Reserva Albariño 750ml Garzon,GARZON,,,https://www.jumbo.com.ar/vino-reserva-albarino-750ml-garzon/p
1,Jumbo,blanco,Vino Reserve Torrontes 750 Cc Cafayate,CAFAYATE,10150,10150,https://www.jumbo.com.ar/vino-reserve-torrontes-750-cc-cafayate-2/p
1,Jumbo,blanco,Vino Riesling X 750 Ml Eroica,EROICA,,,https://www.jumbo.com.ar/vino-riesling-x-750-ml-eroica/p
1,Jumbo,blanco,Vino Rincon Del Sol Blanco  700 Cc,RINCON DEL SOL,4,4,https://www.jumbo.com.ar/vino-rincon-del-sol-blanco-700-cc/p
1,Jumbo,blanco,Vino Rodas Suav-blanco X750cc,RODAS,14,14,https://www.jumbo.com.ar/vino-rodas-suav-blanco-x750cc/p
1,Jumbo,blanco,Vino Rodas Tocai X 750cc,RODAS,15,15,https://www.jumbo.com.ar/vino-rodas-tocai-x-750cc/p
1,Jumbo,blanco,Vino Root Chenin Blanco 375 Ml,ROOT,144,144,https://www.jumbo.com.ar/vino-root-chenin-blanco-375-ml/p
1,Jumbo,blanco,Vino Rumbos Blanco Dulce-bot-ml.-750,RUMBOS,23,23,https://www.jumbo.com.ar/vino-rumbos-blanco-dulce/p
1,Jumbo,blanco,Vino Rumbos Santa Ana Torrontes-bot-cc.-750,SANTA ANA,44,44,https://www.jumbo.com.ar/vino-rumbos-santa-ana-torrontes/p
1,Jumbo,blanco,Vino Rutini Sauternes Bot 500 Cc.,RUTINI,252,252,https://www.jumbo.com.ar/vino-rutini-sauternes-bot-500-cc/p
1,Jumbo,blanco,Vino Saenz Blanco Bot 700 Cc.,SAENZ,2,2,https://www.jumbo.com.ar/vino-saenz-blanco/p
1,Jumbo,blanco,Vino Saenz Brut Botella 750 Cc,SAENZ,2,2,https://www.jumbo.com.ar/vino-saenz-brut/p
1,Jumbo,blanco,Vino Saenz Chablis Bot 750 Cc.,SAENZ,9,9,https://www.jumbo.com.ar/vino-saenz-chablis-bot-750-cc/p
1,Jumbo,blanco,Vino Saenz Chardonnay X 750 Cc,SAENZ,8,8,https://www.jumbo.com.ar/vino-saenz-chardonnay-x-750-cc-2/p
1,Jumbo,blanco,Vino Saenz Torrontes Botella 700 Cc.,SAENZ,14,14,https://www.jumbo.com.ar/vino-saenz-torrontes-botella-700-cc/p
1,Jumbo,blanco,Vino Saint Felicien Chardonnay   Bot 750 Cc.,SAINT FELICIEN,15,15,https://www.jumbo.com.ar/vino-saint-felicien-chardonnay-2/p
1,Jumbo,blanco,Vino Saint Felicien Semil Doux X500cc,SAINT FELICIEN,70,70,https://www.jumbo.com.ar/vino-saint-felicien-semil-doux-x500cc/p
1,Jumbo,blanco,Vino Salentein Chardonnay Roble  X 750cc,SALENTEIN,48,48,https://www.jumbo.com.ar/vino-salentein-chardonnay-roble-x-750cc/p
1,Jumbo,blanco,Vino Salentein Reserva Sauvi Blanc 750cc,SALENTEIN,3850,3850,https://www.jumbo.com.ar/vino-salentein-reserva-sauvi-blanc-750cc/p
1,Jumbo,blanco,Vino San Agrelo Viognier X 750 Cc Casa Boher,CASA BOHER,25867,25867,https://www.jumbo.com.ar/vino-san-agrelo-viognier-x-750-cc-casa-boher/p
1,Jumbo,blanco,Vino San Huberto  Dulce  Rosado Bot-750-cc,SAN HUBERTO,223,223,https://www.jumbo.com.ar/vino-san-huberto-dulce-rosado-bot-750-cc/p
1,Jumbo,blanco,Vino San Huberto Chablis-bot-cc.-750,SAN HUBERTO,21,21,https://www.jumbo.com.ar/vino-san-huberto-chablis-bot-cc-750-2/p
1,Jumbo,blanco,Vino San Huberto Chablisters Botella 750 Cc,SAN HUBERTO,15,15,https://www.jumbo.com.ar/vino-san-huberto-chablisters-botella-750-cc/p
1,Jumbo,blanco,Vino San Telmo Esencia Torrontes-bot-cc.-750,SAN TELMO,34,34,https://www.jumbo.com.ar/vino-san-telmo-esencia-torrontes-bot-cc-750/p
1,Jumbo,blanco,Vino Sangiorgio Chardonnay 2010-bot-cc.-750,SAN GIORGIO,80,80,https://www.jumbo.com.ar/vino-sangiorgio-chardonnay-2010/p
1,Jumbo,blanco,Vino Santa Ana Chablis 1250cc,SANTA ANA,26,26,https://www.jumbo.com.ar/vino-santa-ana-chablis-1250cc/p
1,Jumbo,blanco,Vino Santa Ana Chablisters Botella 750 Cc,SANTA ANA,16,16,https://www.jumbo.com.ar/vino-santa-ana-chablisters-botella-750-cc/p
1,Jumbo,blanco,Vino Santa Ana Clásico Chablis 1125 Cc,SANTA ANA,48,48,https://www.jumbo.com.ar/vino-santa-ana-clasico-chablis-2/p
1,Jumbo,blanco,Vino Santa Ana Dulce Selección Especial-bot-cc.-750,SANTA ANA,76,76,https://www.jumbo.com.ar/vino-santa-ana-dulce-seleccion-especial-bot-cc-750/p
1,Jumbo,blanco,Vino Santa Florentina Chardonay Sin Atributo Sin Atributo Sin Atributo Sin Atributo,SANTA FLORENTINA,,,https://www.jumbo.com.ar/vino-santa-florentina-chardonnay-168997/p
1,Jumbo,blanco,Vino Santa Isabel Chablis 700 Ml,SANTA ISABEL,116,116,https://www.jumbo.com.ar/vino-santa-isabel-chablis-700-ml/p
1,Día,blanco,Vino Santa Julia Chenin Dulce Lata 355 Ml.,SANTA JULIA,3095,3095,https://diaonline.supermercadosdia.com.ar/vino-santa-julia-chenin-dulce-lata-355-ml-282734/p
1,Jumbo,blanco,Vino Santa Julia Dulce Chenin Natural-natural-est-ml.-750,SANTA JULIA,,,https://www.jumbo.com.ar/vino-santa-julia-dulce-chenin-natural-natural-est-ml-750/p
1,Jumbo,blanco,Vino Santa Julia Torrontes X 750 Cc,SANTA JULIA,2350,2350,https://www.jumbo.com.ar/vino-santa-julia-torrontes-x-750-cc-3/p
1,Jumbo,blanco,Vino Santa Julia Viognier X 750 Cc,SANTA JULIA,5000,5000,https://www.jumbo.com.ar/vino-santa-julia-viognier-x-750-cc/p
1,Jumbo,blanco,Vino Saurus Chardonay-bot-cc.-750,SAURUS,30,30,https://www.jumbo.com.ar/vino-saurus-chardonay-bot-cc-750/p
1,Jumbo,blanco,Vino Saurus Patagonia Select  Sauvignon Blanco. Botella X 750 Cc,SAURUS,60,60,https://www.jumbo.com.ar/vino-saurus-patagonia-select-sauvignon-blanco-botella-x-750-cc/p
1,ChangoMás,blanco,Vino Sauvignon Blanc Clasico Goyenechea 700 Cc,Goyenechea,,,https://www.masonline.com.ar/vino-sauvignon-blanc-clasico-goyenechea-700-cc-2/p
1,Jumbo,blanco,Vino Sauvignon Blanc X 750 Cc Marques De Caceres Verdejo,MARQUES DE CACERES,31650,31650,https://www.jumbo.com.ar/vino-sauvignon-blanc-x-750-cc-marques-de-caceres-verdejo/p
1,Jumbo,blanco,Vino Sel Haras D/ Olazabal Bco,HARAS DE OLAZABAL,2,2,https://www.jumbo.com.ar/vino-sel-haras-d-olazabal-bco/p
1,Jumbo,blanco,Vino Semillon Nieto Senetiner X750 Ml,NIETO & SENETINER,462,462,https://www.jumbo.com.ar/vino-semillon-nieto-senetiner-x750-ml/p
1,Jumbo,blanco,Vino Serrera Chardonay,SERRERA,20,20,https://www.jumbo.com.ar/vino-serrera-chardonay-x-750-cc-290573/p
1,Jumbo,blanco,Vino Sexy Fish Blanc De Blancs,SEXY FISH,1391,1391,https://www.jumbo.com.ar/vino-sexy-fish-blanc-de-blancs/p
1,Jumbo,blanco,Vino Shaya Verdejo-bot-cc.-750,SHAYA,177,177,https://www.jumbo.com.ar/vino-shaya-verdejo/p
1,Jumbo,blanco,Vino Simona State Rosado 750,LAS PERDICES,1460,1460,https://www.jumbo.com.ar/vino-simona-state-rosado-750-2/p
1,Jumbo,blanco,Vino Sottano Clasico Chardonnay 750ml,SOTTANO,,,https://www.jumbo.com.ar/vino-sottano-clasico-chardonnay-750ml/p
1,Jumbo,blanco,Vino Sottano Maria Magdalena Chardonnay 750 Ml,SOTTANO,22700,22700,https://www.jumbo.com.ar/vino-sottano-maria-magdalena-chardonnay-750-ml/p
1,Jumbo,blanco,Vino Suc. Abel Michel Torino Torrontés Lleve 6x5  Bot 700 Cc.,SUC. ABEL MICHEL TORINO,9,9,https://www.jumbo.com.ar/vino-suc-abel-michel-torino-torrontes-lleve-6x5-bot-700-cc/p
1,Jumbo,blanco,Vino Suter Pinot Noire X 750cc,SUTER,26,26,https://www.jumbo.com.ar/vino-suter-pinot-noire-x-750cc/p
1,Jumbo,blanco,Vino Suter Torrontes Dulce Natural X 750cc,SUTER,45,45,https://www.jumbo.com.ar/vino-suter-torrontes-dulce-natural-x-750cc/p
1,Jumbo,blanco,Vino Suter Torrontes Privado 750 Ml,SUTER,119,119,https://www.jumbo.com.ar/vino-suter-torrontes-privado-750-ml/p
1,Jumbo,blanco,Vino Sygnos Chennin Chardonnay X 750 Cc,SYGNOS,11,11,https://www.jumbo.com.ar/vino-sygnos-chennin-chardonnay-x-750-cc/p
1,Jumbo,blanco,Vino Tamari  Chard,CORTIMUNDO,20,20,https://www.jumbo.com.ar/vino-tamari-chard/p
1,Jumbo,blanco,Vino Tapiz Chardonnay,SIN MARCA,23,23,https://www.jumbo.com.ar/vino-tapiz-chardonnay-290524/p
1,Jumbo,blanco,Vino Tejano Blanco Sin Atributo Sin Atributo Sin Atributo Sin Atributo,TEJANO,,,https://www.jumbo.com.ar/vino-tejano-blanco-169690/p
1,Jumbo,blanco,Vino Telmo Rodriguez  Blanco Dulce-dulce-bot-cc.-750,TELMO RODRIGUEZ,186,186,https://www.jumbo.com.ar/vino-telmo-rodriguez-blanco-dulce-dulce-bot-cc-750/p
1,Jumbo,blanco,Vino Telteca Chardonnay X 750 Cc,TELTECA,25,25,https://www.jumbo.com.ar/vino-telteca-chardonnay-x-750-cc/p
1,Jumbo,blanco,Vino Termidor  Tradicion Blanco Brk,TERMIDOR,83,83,https://www.jumbo.com.ar/vino-termidor-tradicion-blanco-brk/p
1,Jumbo,blanco,Vino Termidor Seleccion Blanco X 1l,TERMIDOR,10,10,https://www.jumbo.com.ar/vino-termidor-seleccion-blanco-x-1l/p
1,Jumbo,blanco,Vino Terrazas Reserva Torrontes 750,TERRAZAS,18150,18150,https://www.jumbo.com.ar/vino-terrazas-reserva-torrontes-750/p
1,Jumbo,blanco,Vino Territorio Torrontes X 750 Cc,TERRITORIO,538,538,https://www.jumbo.com.ar/vino-territorio-torrontes-x-750-cc/p
1,Jumbo,blanco,Vino Tilia Chenin Organico,DILEMA,13000,13000,https://www.jumbo.com.ar/vino-tilia-chenin-organico/p
1,Día,blanco,"Vino Tinto Clásico Viñas 1,125 Lt.",VIÑAS DE ALVEAR,3190,3190,https://diaonline.supermercadosdia.com.ar/vino-tinto-clasico-vinas-1125-lt-305423/p
1,Jumbo,blanco,Vino Tittarelli Bco Dulc Nat,TITTARELLI,19,19,https://www.jumbo.com.ar/vino-tittarelli-bco-dulc-nat/p
1,Jumbo,blanco,Vino Tittarelli Chardonnay   Bot 700 Cc.,TITTARELLI,18,18,https://www.jumbo.com.ar/vino-tittarelli-chardonnay/p
1,Jumbo,blanco,Vino Too Much Blanco Dulce X 750cc,TOO MACH,7,7,https://www.jumbo.com.ar/vino-too-much-blanco-dulce-x-750cc/p
1,Jumbo,blanco,Vino Torito Blanco,TORITO,3,3,https://www.jumbo.com.ar/vino-torito-blanco/p
1,Jumbo,blanco,Vino Toro Viejo Chenin 1.125lts,TORO VIEJO,116,116,https://www.jumbo.com.ar/vino-toro-viejo-chenin-1-125lts/p
1,Jumbo,blanco,"Vino Toro Viejo Chenin X 1250 Cc-torrontes-bot-cc.-1,2",TORO VIEJO,31,31,https://www.jumbo.com.ar/vino-toro-viejo-chenin-x-1250-cc/p
1,Jumbo,blanco,Vino Toro Viejo Chenin X 750 Cc,TORO VIEJO,101,101,https://www.jumbo.com.ar/vino-toro-viejo-chenin-x-750-cc/p
1,Jumbo,blanco,Vino Torrontés 750 Cc Bianchi,DON VALENTIN,4950,4950,https://www.jumbo.com.ar/vino-torrontes-750-cc-bianchi-2/p
1,Día,blanco,Vino Torrontés Finca 750 Ml.,FINCA NATALINA,4940,4940,https://diaonline.supermercadosdia.com.ar/vino-torrontes-finca-750-ml-297049/p
1,Jumbo,blanco,Vino Traful Blend Bco,TRAFUL,161,161,https://www.jumbo.com.ar/vino-traful-blend-bco/p
1,Jumbo,blanco,Vino Trapiche Chardonnay Roble X 750cc,TRAPICHE,30,30,https://www.jumbo.com.ar/vino-trapiche-chardonnay-roble-x-750cc/p
1,Jumbo,blanco,Vino Trapiche Dulce Cosecha-est-ml.-750,DULCE COSECHA,37,37,https://www.jumbo.com.ar/vino-trapiche-dulce-cosecha-est-ml-750/p
1,Jumbo,blanco,Vino Trazos De Autor Chardonay,TRAZOS D/AUTOR,20,20,https://www.jumbo.com.ar/vino-trazos-de-autor-chardonay/p
1,Jumbo,blanco,Vino Trazos De Autor Viognier,TRAZOS D/AUTOR,20,20,https://www.jumbo.com.ar/vino-trazos-de-autor-viognier-290583/p
1,Jumbo,blanco,Vino Trifecta Belnd Blanco 750ml Padrillos,PADRILLOS,,,https://www.jumbo.com.ar/vino-trifecta-belnd-blanco-750ml-padrillos/p
1,Jumbo,blanco,Vino Trivento Viogner X 750cc,TRIVENTO,20,20,https://www.jumbo.com.ar/vino-trivento-viogner-x-750cc/p
1,Jumbo,blanco,Vino Trumpeter Torrontes Reserva  Bot 750 Cc.,TRUMPETER,93,93,https://www.jumbo.com.ar/vino-trumpeter-torrontes-reserva-bot-750-cc/p
1,Jumbo,blanco,Vino Tukma Torrontes Gran Reserva Gran Reserva 750 Cc,TUKMA,141,141,https://www.jumbo.com.ar/vino-tukma-torrontes-gran-reserva-gran-reserva-750-cc/p
1,Jumbo,blanco,Vino Un Mundo Chiquito  Corte De Blancas,UN MUNDO CHIQUITO,7150,7150,https://www.jumbo.com.ar/vino-un-mundo-chiquito-corte-de-blancas/p
1,Jumbo,blanco,Vino Valbona Pinot Gris-bot-cc.-750,VALBONA,,,https://www.jumbo.com.ar/vino-valbona-pinot-gris-bot-cc-750/p
1,Jumbo,blanco,Vino Valbona Torrontes X 750cc,VALBONA,,,https://www.jumbo.com.ar/vino-valbona-torrontes-x-750cc/p
1,Jumbo,blanco,Vino Valderrobles Blanco Dulce 700cc-bot-cc.-700,VALDERROBLES,14,14,https://www.jumbo.com.ar/vino-valderrobles-blanco-dulce-700cc/p
1,Jumbo,blanco,Vino Valderrobles Chablisters Botella 750 Cc,VALDERROBLES,10,10,https://www.jumbo.com.ar/vino-valderrobles-clasico-blanco-2/p
1,Jumbo,blanco,Vino Valderrobles Clasico Blanco,VALDERROBLES,51,51,https://www.jumbo.com.ar/vino-valderrobles-clasico-blanco/p
1,Jumbo,blanco,Vino Vas Torrontes-bot-cc.-750,VASIJA SECRETA,,,https://www.jumbo.com.ar/vino-vas-torrontes-bot-cc-750/p
1,Jumbo,blanco,Vino Vasija Secreta Torrontés,VASIJA SECRETA,15,15,https://www.jumbo.com.ar/vino-vasija-secreta-torrontes-2/p
1,Jumbo,blanco,Vino Vea Blanco X 1 Lt   Brk 1 Lt.,VEA,2,2,https://www.jumbo.com.ar/vino-vea-blanco-x-1-lt-brk-1-lt/p
1,Jumbo,blanco,Vino Vi¤a Maipu Chard,VIÑA MAIPU,10,10,https://www.jumbo.com.ar/vino-vina-maipu-chard-290190/p
1,Jumbo,blanco,Vino Vi¤a Maipu Ugni Blanc,VIÑA MAIPU,6,6,https://www.jumbo.com.ar/vino-vina-maipu-ugni-blanc-290170/p
1,Jumbo,blanco,Vino Vi¤a Mein Blanco-bot-cc.-750,VIÑA MEIN,134,134,https://www.jumbo.com.ar/vino-vina-mein-blanco-bot-cc-750/p
1,Jumbo,blanco,Vino Vicentin Blanc De Malbec X 750 Ml,VICENTIN,243,243,https://www.jumbo.com.ar/vino-vicentin-blanc-de-malbec-x-750-ml/p
1,ChangoMás,blanco,Vino Viejo Rincon White Blend  750 Ml,Viejo Rincón,,,https://www.masonline.com.ar/vino-viejo-rincon-white-blend-750ml-2/p
1,Jumbo,blanco,Vino Viejo Solar Torrontés 1125 Cc,VIEJO SOLAR,40,40,https://www.jumbo.com.ar/vino-viejo-solar-torrontes-1125-cc/p
1,Jumbo,blanco,Vino Viña Mayor Cab Sauv-bot-cc.-750,VIÑA MAYOR,100,100,https://www.jumbo.com.ar/vino-vina-mayor-cab-sauv/p
1,Jumbo,blanco,Vino Viña Mayor Chablis,VIÑA MAYOR,3,3,https://www.jumbo.com.ar/vino-vina-mayor-chablis/p
1,Jumbo,blanco,Vino Viña Mayor Torrontés,VIÑA MAYOR,3,3,https://www.jumbo.com.ar/vino-vina-mayor-torrontes/p
1,Jumbo,blanco,Vino Viña Mayor Torrontés-bot-cc.-750,VIÑA MAYOR,103,103,https://www.jumbo.com.ar/vino-vina-mayor-torrontes-bot-cc-750/p
1,Jumbo,blanco,"Vino Viñas De Balbo Chablis X 1,25 L",VIÑAS DE BALBO,96,96,https://www.jumbo.com.ar/vino-vinas-de-balbo-chablis/p
1,Jumbo,blanco,Vino Viñas De Balbo Chablisters Botella 700 Cc,VIÑAS DE BALBO,3150,3150,https://www.jumbo.com.ar/vino-vinas-de-balbo-chablisters-botella-700-cc/p
1,Jumbo,blanco,Vino Viñas De Balbo Torrontes Botella 700 Cc,VIÑAS DE BALBO,84,84,https://www.jumbo.com.ar/vino-vinas-de-balbo-torrontes-botella-700-cc/p
1,Jumbo,blanco,Vino Viñas De Orfila Blanco Selección Bot 700 Cc.,ORFILA,5,5,https://www.jumbo.com.ar/vino-vinas-de-orfila-blanco-seleccion-bot-700-cc/p
1,Jumbo,blanco,Vino Viñas De Orfila Brut Extra Seco  Bot 750 Cc.,ORFILA,5,5,https://www.jumbo.com.ar/vino-vinas-de-orfila-brut-extra-seco-bot-750-cc/p
1,Jumbo,blanco,Vino Viñas De Pocito Blanco Moscatel Alejandria-mosqueta-dmj-lt.-4.7,VIÑAS DE POCITO,35,35,https://www.jumbo.com.ar/vino-vinas-de-pocito-blanco-moscatel-alejandria-mosqueta-dmj-lt-4-7-2/p
1,Jumbo,blanco,Vino Viñas Don Manuel Chablis X 700 Cc Sin Atributo Sin Atributo Sin Atributo Sin Atributo,DON MANUEL,,,https://www.jumbo.com.ar/vino-vinas-don-manuel-chablis-x-700-cc-sin-atributo-sin-atributo-sin-atributo-sin-atributo-165273/p
1,Jumbo,blanco,Vino Viñas San Jorge Chablis X,VIÑAS SAN JORGE,2,2,https://www.jumbo.com.ar/vino-vinas-san-jorge-chablis-x-700-cc-244776/p
1,Jumbo,blanco,Vino Viñas Santa Alicia Blanco Damujuana,VIÑAS SANTA ALICIA,22,22,https://www.jumbo.com.ar/vino-vinas-santa-alicia-blanco-damujuana/p
1,Jumbo,blanco,Vino Vineyard Late Harvest Sauvignon Blanc-bot-cc.-750,VINEYARD LATE,119,119,https://www.jumbo.com.ar/vino-vineyard-late-harvest-sauvignon-blanc-bot-cc-750/p
1,Jumbo,blanco,Vino Viniterra Chardonnay   Bot 750 Cc.,VINITERRA,,,https://www.jumbo.com.ar/vino-viniterra-chardonnay-bot-750-cc/p
1,Jumbo,blanco,Vino Vit 7 Tazas Galan Res Priv Chardona,SIN MARCA,17,17,https://www.jumbo.com.ar/vino-vit-7-tazas-galan-res-priv-chardona/p
1,Día,blanco,Vino White Blend Fiel 750 Ml.,FIEL,4790,4790,https://diaonline.supermercadosdia.com.ar/vino-white-blend-fiel-750-ml-298242/p
1,Jumbo,blanco,Vino Wish Blanco X 750 Ml,WISH,17,17,https://www.jumbo.com.ar/vino-wish-blanco-x-750-ml/p
1,Jumbo,blanco,Vino Yauquen Chardonay   Bot 750 Cc.,YAUQUEN,18,18,https://www.jumbo.com.ar/vino-yauquen-chardonay-bot-750-cc/p
1,Jumbo,blanco,Vino Yauquen Chardonnay,YAUQUEN,173,173,https://www.jumbo.com.ar/vino-yauquen-chardonnay/p
1,Jumbo,blanco,Vino Yauquen Sauv Blanc,CORTIMUNDO,33,33,https://www.jumbo.com.ar/vino-yauquen-sauv-blanc/p
1,Jumbo,blanco,Vino Zeo Rana Torrontes X 750 Cm,ZEO RANA,,,https://www.jumbo.com.ar/vino-zeo-rana-torrontes-x-750-cm/p
1,Jumbo,blanco,Vino Zumuva Blanco Brk,ZUMUVA,2100,2100,https://www.jumbo.com.ar/vino-zumuva-blanco-brk/p
1,Jumbo,blanco,Vino Zumuva Blanco X 1l,ZUMUVA,7,7,https://www.jumbo.com.ar/vino-zumuva-blanco-x-1l/p
1,Winery,blanco,ZUCCARDI SERIE A CHARDONNAY &#8211; VIOGNIER Caja x 6 x 750ML,,14200,14200,https://tiendadevinos.ar/zuccardi-serie-a-chardonnay-viognier-caja-x-6-x-750ml/
1,Winery,espumoso,ALMA 4 ESPUMANTE PINOT CHARDONNAY &#8211; Caja x 6 X 750 ML,,5249,5249,https://tiendadevinos.ar/alma-4-espumante-pinot-chardonnay-caja-x-6-x-750-ml/
1,Winery,espumoso,ALMA 4 ESPUMANTE PINOT ROSE &#8211; Caja x 6 X 750 ML,,5449,5449,https://tiendadevinos.ar/alma-4-espumante-pinot-rose-caja-x-6-x-750-ml/
1,ChangoMás,espumoso,Anana Fizz Fiesta De Los Niños Minions,Fizz,,,https://www.masonline.com.ar/anana-fizz-fiesta-de-los-ninos-minions-2/p
1,ChangoMás,espumoso,Anana Fizz Fiesta Sin Alcohol Para Niños 1 L,Fiesta,,,https://www.masonline.com.ar/anana-fizz-fiesta-sin-alcohol-para-ninos-1-l/p
1,ChangoMás,espumoso,Ananá Fizz Rama Caída 710 Ml,Rama Caída,,,https://www.masonline.com.ar/anana-fizz-rama-caida-710-ml/p
1,ChangoMás,espumoso,Anana Fizz Victoria 720 Ml,La Victoria,,,https://www.masonline.com.ar/anana-fizz-victoria-720-ml-2/p
1,Jumbo,espumoso,Aperitivo Cinzano Pro Spritz 750 Cc,CINZANO,10400,10400,https://www.jumbo.com.ar/cinzano-to-spritz-750cc/p
1,Jumbo,espumoso,Bebida Frizzante Sabor Blue 1 Lts Frizze,FRIZZE,4100,4100,https://www.jumbo.com.ar/frizante-frizze-blue-1lt/p
1,Jumbo,espumoso,Bebida Frizzante Sabor Blue 473 Cc Frizze,FRIZZE,2850,2850,https://www.jumbo.com.ar/frizante-frizze-blue-473cc/p
1,Jumbo,espumoso,Bebida Frizzante Sabor Limón 1 Lts Frizze,FRIZZE,4100,4100,https://www.jumbo.com.ar/frizante-frizze-limonata-1lt/p
1,Jumbo,espumoso,Bebida Frizzante Sabor Limón 473 Cc Frizze,FRIZZE,2750,2750,https://www.jumbo.com.ar/frizante-frizze-limonata-473cc/p
1,Jumbo,espumoso,Bebida Frizzante Sabor Pomelata 473 Cc Frizze,FRIZZE,2750,2750,https://www.jumbo.com.ar/frizante-frizze-pomelata-473cc/p
1,Día,espumoso,Brut Rosa Mumm 269 Ml.,MUMM,3960,3960,https://diaonline.supermercadosdia.com.ar/brut-rosa-mumm-269-ml-32707/p
1,Jumbo,espumoso,Cava Freixenet Cord Ngr  Lata,FREIXENET,41,41,https://www.jumbo.com.ar/cava-freixenet-cord-ngr-lata/p
1,Jumbo,espumoso,Cham. Navarro Correas Extra Brut Torrontes Ed. Limitada-bot-cc.-750,NAVARRO CORREAS,69,69,https://www.jumbo.com.ar/cham-navarro-correas-extra-brut-torrontes-ed-limitada-bot-cc-750/p
1,Jumbo,espumoso,Champ Casa Boher Extra Brut Est X 750ml,CASA BOHER,81,81,https://www.jumbo.com.ar/champ-casa-boher-extra-brut-est-x-750ml/p
1,Jumbo,espumoso,Champ Cuvee Mumm Ex. Brut Reserve X187cc-pck-un.-4,MUMM,44,44,https://www.jumbo.com.ar/champ-cuvee-mumm-ex-brut-reserve-x187cc-pck-un-4/p
1,Jumbo,espumoso,Champ Dubois Extra Brut 2 U 750cc Est,DUBOIS,42,42,https://www.jumbo.com.ar/champ-dubois-extra-brut-2-u-750cc-est/p
1,Jumbo,espumoso,Champ El Abuelo Ext Fizz C/anana X 750ml,EL ABUELO,17,17,https://www.jumbo.com.ar/champ-el-abuelo-ext-fizz-c-anana-x-750ml-2/p
1,Jumbo,espumoso,Champ Lavit Brut Nature,CORTIMUNDO,,,https://www.jumbo.com.ar/champ-lavit-brut-nature-291863/p
1,Jumbo,espumoso,Champ Ng Nature,NG,24,24,https://www.jumbo.com.ar/champ-ng-nature-289867/p
1,Jumbo,espumoso,Champ Tittarelli Ex Brut Chard-pinot Noi,TITTARELLI,28,28,https://www.jumbo.com.ar/champ-tittarelli-ex-brut-chard-pinot-noi/p
1,Jumbo,espumoso,Champ. G. Cuvillier Extra Brut X 750 Cc Sin Atributo Sin Atributo Sin Atributo Sin Atributo,SIN MARCA,,,https://www.jumbo.com.ar/champ-g-cuvillier-extra-brut-x-750-cc-sin-atributo-sin-atributo-sin-atributo-sin-atributo-151866/p
1,Jumbo,espumoso,Champ. Gran Cuvillier Demi Sec X 750 Cc Sin Atributo Sin Atributo Sin Atributo Sin Atributo,GRAN CUVILLIER,,,https://www.jumbo.com.ar/champ-gran-cuvillier-demi-sec-x-750-cc-sin-atributo-sin-atributo-sin-atributo-sin-atributo-151869/p
1,Jumbo,espumoso,Champ. Lacroix Extra Brut X 750 Cc Sin Atributo Sin Atributo Sin Atributo Sin Atributo,LACROIX,,,https://www.jumbo.com.ar/champana-lacroix-extra-brut-170213/p
1,Jumbo,espumoso,Champ. Obsession  C/ Pulpa Limon Agregados C/pulpa De Limon Sin Atributo Sin Atributo,OBSESSION,,,https://www.jumbo.com.ar/champ-obsession-c-pulpa-limon-agregados-c-pulpa-de-limon-sin-atributo-sin-atributo-190927/p
1,Jumbo,espumoso,Champ. Soigne Extra Brut X 750 Cc Sin Atributo Sin Atributo Sin Atributo Sin Atributo,SOIGNE,,,https://www.jumbo.com.ar/champana-soigne-extra-brut-168618/p
1,Jumbo,espumoso,Champ. Sta Angela Extra Brut Sin Atributo Sin Atributo Sin Atributo Sin Atributo,SANTA ANGELA,,,https://www.jumbo.com.ar/champana-santa-angela-extra-brut-169044/p
1,Jumbo,espumoso,Champa. Moulin R. Demi-sec  X 750  Cc.,MOULIN ROUGE,,,https://www.jumbo.com.ar/champana-moulin-rouge-demi-sec/p
1,Jumbo,espumoso,Champa¤a Alfredo Roca Brut,ALFREDO ROCA,30,30,https://www.jumbo.com.ar/champana-alfredo-roca-brut-290617/p
1,Jumbo,espumoso,Champa¤a Alfredo Roca Nature,ALFREDO ROCA,31,31,https://www.jumbo.com.ar/champana-alfredo-roca-nature/p
1,Jumbo,espumoso,Champa¤a Jaume Serra Brut Nature X200cc,JAUME SERRA,12,12,https://www.jumbo.com.ar/champana-jaume-serra-brut-nature-x200cc-289308/p
1,Jumbo,espumoso,Champa¤a Veuve Clicquot Up-+ Hielera-bot-cc.-750,VEUVE CLICQUOT,494,494,https://www.jumbo.com.ar/champana-veuve-clicquot-up-hielera-bot-cc-750/p
1,Jumbo,espumoso,Champa¥a Infinitus Extra Brut.,INFINITUS,34,34,https://www.jumbo.com.ar/champana-infinitus-extra-brut-170022/p
1,Jumbo,espumoso,Champagña Murville Signum Extra Brut Sin Atributo Sin Atributo Sin Atributo Sin Atributo,MURVILLE SIGNUM,,,https://www.jumbo.com.ar/champagna-murville-signum-extra-brut-sin-atributo-sin-atributo-sin-atributo-sin-atributo-162710/p
1,Jumbo,espumoso,Champagna Santa Julia Brut Nature,SANTA JULIA,225,225,https://www.jumbo.com.ar/champagna-santa-julia-brut-nature/p
1,Jumbo,espumoso,Champagña Santa Julia Brut Rose-est-ml.-750,SANTA JULIA,119,119,https://www.jumbo.com.ar/champagna-santa-julia-brut-rose-est-ml-750/p
1,Jumbo,espumoso,Champagña Santa Julia Extra Brut-+ 2 Copas-pck-un.-2,SANTA JULIA,164,164,https://www.jumbo.com.ar/champagna-santa-julia-extra-brut-2-copas-pck-un-2/p
1,Jumbo,espumoso,Champagña Santa Julia X 750 Cc,SANTA JULIA,78,78,https://www.jumbo.com.ar/champagna-santa-julia-x-750-cc-2/p
1,Jumbo,espumoso,Champagne Alta Vista Premiun Extra Brut   Bot 750 Cc.,ALTA VISTA,65,65,https://www.jumbo.com.ar/champagne-alta-vista-premiun-extra-brut-bot-750-cc/p
1,Jumbo,espumoso,Champagne Anna De Codoniu Brut X 750  Cc.,CODORNIU,,,https://www.jumbo.com.ar/champagne-anna-de-codoniu-brut-x-750-cc-158372/p
1,Jumbo,espumoso,Champagne Baron B Brut Nature 750 Cc,BARON B,55500,55500,https://www.jumbo.com.ar/champana-baron-b-brut-nature-750-cc/p
1,Jumbo,espumoso,Champagne Baron B Extra Brut 750 Cc,BARON B,40820,40820,https://www.jumbo.com.ar/champana-baron-b-extra-brut-con-estuche-750-cc/p
1,Winery,espumoso,CHAMPAGNE BARONS DE ROTHSCHILD BLANC DE BLANCS (FRANCIA) &#8211; Caja x 6 X 750 ML,,58999,58999,https://tiendadevinos.ar/champagne-barons-de-rothschild-blanc-de-blancs-francia-caja-x-6-x-750-ml/
1,Winery,espumoso,CHAMPAGNE BARONS DE ROTHSCHILD BRUT (FRANCIA) &#8211; Caja x 6 X 750 ML,,44399,44399,https://tiendadevinos.ar/champagne-barons-de-rothschild-brut-francia-caja-x-6-x-750-ml/
1,Winery,espumoso,CHAMPAGNE BARONS DE ROTHSCHILD ROSE (FRANCIA) &#8211; Caja x 6 X 750 ML,,58999,58999,https://tiendadevinos.ar/champagne-barons-de-rothschild-rose-francia-caja-x-6-x-750-ml/
1,Jumbo,espumoso,Champagne Bianchi Extra Brut 750 Cc,BIANCHI,9200,9200,https://www.jumbo.com.ar/champana-bianchi-extra-brut-750-cc/p
1,Jumbo,espumoso,Champagne Blancherie Brut X 75,BLANCHERIE,18,18,https://www.jumbo.com.ar/champagne-blancherie-brut-x-750-cc/p
1,Jumbo,espumoso,Champagne Champs Elysees Brut X 750  Cc.,CHAMPS ELYSEES,,,https://www.jumbo.com.ar/champagne-champs-elysees-brut-x-750-cc-2/p
1,Jumbo,espumoso,"Champagne Chandon 2extra Brut""copas 750ml Estu",CHANDON,49760,49760,https://www.jumbo.com.ar/champagne-chandon-2extra-brut-copas-750ml-estu/p
1,Jumbo,espumoso,Champagne Chandon Blanco X 750  Cc.,CASTEL CHANDON,,,https://www.jumbo.com.ar/champagne-chandon-blanco-x-750-cc-2/p
1,Jumbo,espumoso,Champagne Chandon Edición Limitada Sleeve Délice.,CHANDON,240,240,https://www.jumbo.com.ar/champagne-chandon-edicion-limitada-sleeve-delice/p
1,Jumbo,espumoso,Champagne Chandon Extra Brut 375ml Twpck,CHANDON,10224,10224,https://www.jumbo.com.ar/champagne-chandon-extra-brut-375ml-twpck-2/p
1,Jumbo,espumoso,Champagne Cruzat Cuvee Reserve Extra Brut,CRUZAT,1032,1032,https://www.jumbo.com.ar/champagne-cruzat-cuvee-reserve-extra-brut/p
1,Jumbo,espumoso,Champagne Cruzat Cuvee Reserve Nature,CRUZAT,1032,1032,https://www.jumbo.com.ar/champagne-cruzat-cuvee-reserve-nature/p
1,Jumbo,espumoso,Champagne Cruzat Cuvee Reserve Rose E. B.,CRUZAT,1032,1032,https://www.jumbo.com.ar/champagne-cruzat-cuvee-reserve-rose-e-b/p
1,Jumbo,espumoso,Champagne Dante Robino Extra Brut 750 Cc,ROBINO,11450,11450,https://www.jumbo.com.ar/dante-robino-extra-brut-750-cc-x-1-u/p
1,Jumbo,espumoso,Champagne Dom Perignon Rose 750 Cc,DOM PERIGNON,932400,932400,https://www.jumbo.com.ar/champagne-dom-perignon-rose-750-cc/p
1,Jumbo,espumoso,Champagne Dom Pérignon Vintage 2008 Brut 750 Cc,DOM PERIGNON,664200,664200,https://www.jumbo.com.ar/champana-dom-perignon-750-cc/p
1,Jumbo,espumoso,Champagne Drummond Brut Sin Atributo Sin Atributo Sin Atributo Sin Atributo,DRUMMOND,,,https://www.jumbo.com.ar/champagne-drummond-brut-sin-atributo-sin-atributo-sin-atributo-sin-atributo-127595/p
1,Jumbo,espumoso,Champagne Duc De Saint Remy Demi-sec X 750  Cc.,DUC DE SAINT REMY,45,45,https://www.jumbo.com.ar/champagne-duc-de-saint-remy-demi-sec/p
1,Jumbo,espumoso,Champagne Duc De Saint Remy Dulce Blanco Botella 750 Cc,DUC DE SAINT REMY,64,64,https://www.jumbo.com.ar/champana-duc-de-saint-remy-dulce-2/p
1,Jumbo,espumoso,Champagne Duc De Saint Remy Extra Brut X 750  Cc.,DUC DE SAINT REMY,63,63,https://www.jumbo.com.ar/champana-duc-de-saint-remy-extra-brut/p
1,Jumbo,espumoso,Champagne Duc De Saint Remy Rose Demi-sec X 750  Cc.,DUC DE SAINT REMY,20,20,https://www.jumbo.com.ar/champagne-duc-de-saint-remy-rose-demi-sec-x-750-cc/p
1,ChangoMás,espumoso,Champagne Dulce Aimé Sweet Rest Ruca Malen X 750 Ml,Aimé,,,https://www.masonline.com.ar/champagne-dulce-aime-sweet-rest-ruca-malen-x-750-ml-2/p
1,Jumbo,espumoso,Champagne Freixenet Cordon Negro Brut + 2 Copas.,FREIXENET,91,91,https://www.jumbo.com.ar/champana-freixenet-cordon-negro-brut-2/p
1,Día,espumoso,Champagne Fresita Con Fresas 750 Ml.,FRESITA,13668,13668,https://diaonline.supermercadosdia.com.ar/champagne-fresita-con-fresas-750-ml-80735/p
1,Jumbo,espumoso,Champagne Henri Piper Brut De Brut X 750  Cc.,HENRI PIPER,12,12,https://www.jumbo.com.ar/champagne-henri-piper-brut-de-brut-x-750-cc/p
1,Jumbo,espumoso,Champagne Henri Piper Demi-sec X 750  Cc.,HENRI PIPER,,,https://www.jumbo.com.ar/champagne-henri-piper-demi-sec-x-750-cc/p
1,ChangoMás,espumoso,Champagne Lopez Demi Sec 750ml,Lopez,,,https://www.masonline.com.ar/champagne-lopez-demi-sec-750ml-2/p
1,Jumbo,espumoso,Champagne Los Haroldos Extra Brut 750 Cc,LOS HAROLDOS,8550,8550,https://www.jumbo.com.ar/champana-los-haroldos-extra-brut-750-cc/p
1,Jumbo,espumoso,Champagne Luigi Bosca Extra Brut 750 Cc,LUIGI BOSCA,23260,23260,https://www.jumbo.com.ar/champana-luigi-bosca-extra-brut-750-cc/p
1,Jumbo,espumoso,Champagne Maria Codorniu Brut Nature 750 Ml,MARIA CODORNIU,7800,7800,https://www.jumbo.com.ar/champagne-maria-codorniu-brut-nature-750-ml/p
1,Jumbo,espumoso,Champagne Maria Codorniu Brut Rosé 750 Ml,CODORNIU,8200,8200,https://www.jumbo.com.ar/champagne-maria-codorniu-brut-rose-750-ml/p
1,Jumbo,espumoso,Champagne Maria Codorniu Dulce 750 Ml,MARIA CODORNIU,7800,7800,https://www.jumbo.com.ar/champagne-maria-codorniu-dulce-750-ml/p
1,Jumbo,espumoso,Champagne Maria Codorniu Extra Brut 750 Ml,CODORNIU,8450,8450,https://www.jumbo.com.ar/champagne-maria-codorniu-extra-brut-750-ml/p
1,Jumbo,espumoso,Champagne Moet y Chandon Brut Imperial 750 Cc,MOET CHANDON,162200,162200,https://www.jumbo.com.ar/champagnemoet-chandon-brut-imperial-x-750-cc/p
1,ChangoMás,espumoso,Champagne Montchenot Rose 750ml,Montchenot,,,https://www.masonline.com.ar/champagne-montchenot-rose-750ml-2-2/p
1,Jumbo,espumoso,Champagne Montchenot Rosé X 750 Cc,MONTCHENOT,3802,3802,https://www.jumbo.com.ar/champagne-montchenot-rose-x-750-cc/p
1,Jumbo,espumoso,Champagne Moulin Rouge Brut X 750  Cc.,MOULIN ROUGE,,,https://www.jumbo.com.ar/champana-moulin-rouge-brut/p
1,Jumbo,espumoso,Champagne Mumm Domaine X 750  Cc.,MUMM,,,https://www.jumbo.com.ar/champana-cuvee-mumm-extra-brut-3-5359/p
1,Día,espumoso,Champagne Navarro Correa Extra Brut 750 Ml.,NAVARRO CORREAS,14130,14130,https://diaonline.supermercadosdia.com.ar/champagne-navarro-correa-extra-brut-750-ml-149181/p
1,Jumbo,espumoso,Champagne Navarro Correas Extra Brut 750 Cc,NAVARRO CORREAS,78,78,https://www.jumbo.com.ar/champana-navarro-correas-extra-brut/p
1,Jumbo,espumoso,Champagne Nieto Senetiner Brut Nature 750 Cc,NIETO & SENETINER,4900,4900,https://www.jumbo.com.ar/champana-nieto-senetiner-brut-nature-750-cc/p
1,Jumbo,espumoso,Champagne Nieto Senetiner Extra Brut 750 Cc,NIETO & SENETINER,4350,4350,https://www.jumbo.com.ar/champana-nieto-senetiner-extra-brut-750-cc/p
1,Jumbo,espumoso,Champagne Norton Cosecha Especial Extra Brut 750 Cc,NORTON,12100,12100,https://www.jumbo.com.ar/champana-norton-cosecha-especial-extra-brut-750-cc/p
1,Jumbo,espumoso,Champagne Norton Cosecha Especial Grüner Veltliner,NORTON,4064,4064,https://www.jumbo.com.ar/champagne-norton-cosecha-especial-gr-ner-veltliner-2/p
1,Jumbo,espumoso,Champagne Paul Chamblain Brut X 750  Cc.,PAUL CHAMBLAIN,,,https://www.jumbo.com.ar/champagne-paul-chamblain-brut-x-750-cc-164075/p
1,Jumbo,espumoso,Champagne Paul Chamblain Demi-sec X 750  Cc.,PAUL CHAMBLAIN,,,https://www.jumbo.com.ar/champagne-paul-chamblain-demi-sec-x-750-cc-163133/p
1,Jumbo,espumoso,Champagne Peticler Demi Sec Presentacion Nueva Presentacion Sin Atributo Sin Atributo,PETICLER,,,https://www.jumbo.com.ar/champana-peticler-demi-sec-170019/p
1,Jumbo,espumoso,Champagne Peticler Rosado Sin Atributo Sin Atributo Sin Atributo Sin Atributo,PETICLER,,,https://www.jumbo.com.ar/champagne-peticler-rosado-sin-atributo-sin-atributo-sin-atributo-sin-atributo-167426/p
1,Jumbo,espumoso,Champagne Pommery Brut 750 Ml,POMMERY,270000,270000,https://www.jumbo.com.ar/champana-pommery-brut-750-ml/p
1,Jumbo,espumoso,Champagne Pommery Brut Royal 750 Cc,POMMERY,190000,190000,https://www.jumbo.com.ar/champana-pommery-brut-royal-750-cc/p
1,Jumbo,espumoso,Champagne Quiros Saborizado Strowberry Fizz X 750  Cc.,QUIROS,6,6,https://www.jumbo.com.ar/champagne-quiros-saborizado-strowberry-fizz-x-750-cc/p
1,Jumbo,espumoso,Champagne Real Demi-sec X 750  Cc.,REAL,8,8,https://www.jumbo.com.ar/champagne-real-demi-sec-x-750-cc/p
1,Jumbo,espumoso,Champagne Renaissance Extra Brut,RENAISSANCE,85,85,https://www.jumbo.com.ar/champagne-renaissance-extra-brut/p
1,Jumbo,espumoso,Champagne San Felipe Extra Brut 750 Cc,SAN FELIPE,9300,9300,https://www.jumbo.com.ar/champana-san-felipe-extra-brut-750-cc/p
1,Jumbo,espumoso,Champagne San Felipe Extra Brut Lata 750 Cc,SAN FELIPE,149,149,https://www.jumbo.com.ar/champagne-san-felipe-extra-brut-lata-1un/p
1,Jumbo,espumoso,Champagne Sua Extra Brut Botella 750 Cc,SUA,16,16,https://www.jumbo.com.ar/champagne-sua-extra-brut-x-750-cc/p
1,Jumbo,espumoso,Champagne Toso Brut Botella 750 Cc,TOSO,46,46,https://www.jumbo.com.ar/champana-toso-brut/p
1,Jumbo,espumoso,Champagne Toso Demi-sec Bot. X 750 Cc,TOSO,42,42,https://www.jumbo.com.ar/champana-toso-demi-sec/p
1,Jumbo,espumoso,Champagne Trapiche Demi Sec Articulo 1883 Sin Atributo Sin Atributo,TRAPICHE,,,https://www.jumbo.com.ar/champana-trapiche-demi-sec-167960/p
1,Jumbo,espumoso,Champagne Trivento Brut Nature 750 Cc,TRIVENTO,15500,15500,https://www.jumbo.com.ar/trivento-brut-nature-x-750-cc/p
1,Jumbo,espumoso,Champagne Veuve Clicquot La Gran Dame 750 Cc,VEUVE CLICQUOT,530600,530600,https://www.jumbo.com.ar/champagne-veuve-clicquot-la-gran-dame-750-cc/p
1,Jumbo,espumoso,Champagne Veuve Clicquot Rosé 750 Ml,VEUVE CLICQUOT,852700,852700,https://www.jumbo.com.ar/champagne-veuve-clicquot-rose-750-ml/p
1,Jumbo,espumoso,Champagne Villeneuve Demi Sec 750 Cc,VILLENEUVE,5,5,https://www.jumbo.com.ar/champagne-villeneuve-demi-sec-750-cc-164737/p
1,Jumbo,espumoso,Champagne Viniterra Extra Brut 750ml Est,VINITERRA,73,73,https://www.jumbo.com.ar/champagne-viniterra-extra-brut-750ml-est/p
1,Jumbo,espumoso,Champaña 'isla Noche' Con Maracuyá X 750 Cc.,ISLA NOCHE,,,https://www.jumbo.com.ar/champana-isla-noche-con-maracuya-x-750-cc-190432/p
1,Jumbo,espumoso,Champaña 'la Colina' Brut X 750 Cc.,LA COLINA,7,7,https://www.jumbo.com.ar/champana-la-colina-brut-x-750-cc/p
1,Jumbo,espumoso,Champaña 'navarro Correas' Extra X 750 Cc.,NAVARRO CORREAS,,,https://www.jumbo.com.ar/champana-navarro-correas-extra-x-750-cc-166892/p
1,Jumbo,espumoso,Champaña 'navarro Correas' Gran Cuveé X 750 Cc.,NAVARRO CORREAS,13442,13442,https://www.jumbo.com.ar/champana-navarro-correas-extra-brut-2/p
1,Jumbo,espumoso,Champaña Alma 4 Chardonnay - Roble 750 Cc,ALMA 4,390,390,https://www.jumbo.com.ar/champana-alma-4-chardonnay-roble/p
1,Jumbo,espumoso,Champaña Alma 4 Extra Brut - Pinit - Chardonnay 750 Cc,ALMA 4,390,390,https://www.jumbo.com.ar/champana-alma-4-extra-brut-pinot-chardonnay/p
1,Jumbo,espumoso,Champaña Alma Mora Extra Brut 750 Cc,DADA,311,311,https://www.jumbo.com.ar/champana-alma-mora-extra-brut-750-cc/p
1,Jumbo,espumoso,Champaña Baron B Brut,BARON B,52,52,https://www.jumbo.com.ar/champana-baron-b-brut-2/p
1,Jumbo,espumoso,Champaña Baron B Extra Brut Magnum 1.500 Cc,BARON B,2179,2179,https://www.jumbo.com.ar/champana-baron-b-extra-brut-magnum-1-500-cc/p
1,Jumbo,espumoso,Champaña Bianchi Extra Brut Est X1-est-un.-1,BIANCHI,,,https://www.jumbo.com.ar/champana-bianchi-extra-brut-est-x1-est-un-1-406482/p
1,Jumbo,espumoso,Champaña Boca Xentenario Extra Brut,BOCA,210,210,https://www.jumbo.com.ar/champana-boca-xentenario-extra-brut/p
1,Jumbo,espumoso,Champaña Bollinger Special Cuvee-bot-cc.-750,BOLLINGER,,,https://www.jumbo.com.ar/champana-bollinger-special-cuvee-bot-cc-750/p
1,Jumbo,espumoso,Champaña Canciller Demi Sec   Bot 750 Cc.,CANCILLER,8,8,https://www.jumbo.com.ar/champana-canciller-demi-sec-16351/p
1,Jumbo,espumoso,Champaña Canciller Extra Brut 750 Cc,CANCILLER,6,6,https://www.jumbo.com.ar/champana-canciller-extra-brut-750-cc/p
1,Jumbo,espumoso,Champaña Casa Boher Extra Brut   Bot 750 Cc.,CASA BOHER,34150,34150,https://www.jumbo.com.ar/champana-casa-boher-extra-brut-bot-750-cc/p
1,Jumbo,espumoso,Champaña Catena D.v. Nature-bot-cc.-750,CATENA ZAPATA,348,348,https://www.jumbo.com.ar/champana-catena-d-v-nature-bot-cc-750/p
1,Jumbo,espumoso,Champaña Chandon Brut,CHANDON,,,https://www.jumbo.com.ar/champana-chandon-brut/p
1,Jumbo,espumoso,Champaña Chandon Cuvee,CHANDON,753,753,https://www.jumbo.com.ar/champana-chandon-cuvee/p
1,Jumbo,espumoso,Champaña Chandon Cuvee Especial 50 Años-bot-cc.-750,CHANDON,125,125,https://www.jumbo.com.ar/champana-chandon-cuvee-especial-50-anos-bot-cc-750/p
1,Jumbo,espumoso,Champaña Chandon Delice 2 Bot + 2 Vasos,CHANDON,1234,1234,https://www.jumbo.com.ar/champana-chandon-delice-2-bot-2-vasos/p
1,Jumbo,espumoso,Champaña Chandon Demi Sec Botella 375  Cc,CHANDON,14,14,https://www.jumbo.com.ar/champana-chandon-demi-sec-botella-375-cc/p
1,Jumbo,espumoso,Champaña Chandon Eternum X Un 750 Cc  Est 750 Cc.,CHANDON,110,110,https://www.jumbo.com.ar/champana-chandon-eternum-x-un-750-cc-est-750-cc/p
1,Jumbo,espumoso,Champaña Chandon Ex Brut Night Edition X 187cc   Bot 187 Cc.,MOET CHANDON,13,13,https://www.jumbo.com.ar/champana-chandon-ex-brut-night-edition-x-187cc-349486/p
1,Jumbo,espumoso,Champaña Chandon Extra Brut,CHANDON,,,https://www.jumbo.com.ar/champana-chandon-extra-brut-10/p
1,Jumbo,espumoso,Champaña Chandon Extra Brut + Brut Nature-750 Cc-est-un.-2,CHANDON,88,88,https://www.jumbo.com.ar/champana-chandon-extra-brut-brut-nature-750-cc-est-un-2/p
1,Jumbo,espumoso,Champaña Chandon Extra Brut 2 Botellas 750 Cc + Botella 187 Cc  Pck 3 Un.,CHANDON,32,32,https://www.jumbo.com.ar/champana-chandon-extra-brut-6/p
1,Jumbo,espumoso,Champaña Chandon Extra Brut 750 Cc 2 U + 2 Copas,CHANDON,1760,1760,https://www.jumbo.com.ar/champana-chandon-extra-brut-750-cc-2-u-2-copas/p
1,Jumbo,espumoso,Champaña Chandon Extra Brut 750 Cc Con Tapa Estuche  3 U.,CHANDON,48,48,https://www.jumbo.com.ar/champana-chandon-extra-brut-750-cc-con-tapa-estuche-3-u/p
1,Jumbo,espumoso,Champaña Chandon Extra Brut Aniversario Lata 750 Cc,MOET CHANDON,,,https://www.jumbo.com.ar/champana-chandon-extra-brut-10-168425/p
1,Jumbo,espumoso,Champaña Chandon Extra Brut Doble Magnum Botella 3  Lt,CHANDON,2536,2536,https://www.jumbo.com.ar/champana-chandon-extra-brut-doble-magnum-botella-3-lt/p
1,Jumbo,espumoso,Champaña Chandon Extra Brut Edicion Limitada Estuche 750 Cc,MOET CHANDON,,,https://www.jumbo.com.ar/champana-chandon-extra-brut-edicion-limitada-estuche-750-cc-189067/p
1,Jumbo,espumoso,Champaña Chandon Extra Brut Estuche 1.5 Lt,CHANDON,85,85,https://www.jumbo.com.ar/champana-chandon-extra-brut-estuche-1-5-lt/p
1,Jumbo,espumoso,Champaña Chandon Extra Brut Magnum 1.500 Cc,CHANDON,1460,1460,https://www.jumbo.com.ar/champana-chandon-extra-brut-magnum-1-500-cc/p
1,Jumbo,espumoso,Champaña Chandon Extra Brut Pack 3 Un,CHANDON,158,158,https://www.jumbo.com.ar/champana-chandon-extra-brut-pack-3-un/p
1,Jumbo,espumoso,Champaña Chandon Extra Brut X 6 Un 750 Cc  Cja 6 Un.,CHANDON,99,99,https://www.jumbo.com.ar/champana-chandon-extra-brut-x-6-un-750-cc-cja-6-un/p
1,Jumbo,espumoso,Champaña Chandon Extra Brut X 750 Cc,CHANDON,96,96,https://www.jumbo.com.ar/champana-chandon-extra-brut-x-750-cc-2/p
1,Jumbo,espumoso,Champaña Chandon Rosado-edicion Limitada-est-cc.-750,CHANDON,52,52,https://www.jumbo.com.ar/champana-chandon-rosado-edicion-limitada-est-cc-750/p
1,Jumbo,espumoso,Champaña Chandon Rosé Special Edition 700 Ml,CHANDON,283,283,https://www.jumbo.com.ar/champana-chandon-rose-special-edition-700-ml/p
1,Jumbo,espumoso,Champaña Colón Sparkling Demi Sec 750 Cc,COLON,238,238,https://www.jumbo.com.ar/champana-colon-sparkling-demi-sec-750-cc/p
1,Jumbo,espumoso,Champaña Colón Sparkling Extra Brut 750 Cc,COLON,271,271,https://www.jumbo.com.ar/champana-colon-sparkling-extra-brut-750-cc/p
1,Jumbo,espumoso,Champaña Con Pulpa De Blueberries Y Raspberri,FRESITA,395,395,https://www.jumbo.com.ar/champana-con-pulpa-de-blueberries-y-raspberri/p
1,Jumbo,espumoso,Champaña Concha Y Toro Demi Sec Nacional Botella 750 Cc,CONCHA Y TORO,29,29,https://www.jumbo.com.ar/champana-concha-y-toro-demi-sec-nacional-botella-750-cc/p
1,Jumbo,espumoso,Champaña Concha Y Toro Rosado X 750 Cc   Bot 750 Cc.,CONCHA Y TORO,33,33,https://www.jumbo.com.ar/champana-concha-y-toro-rosado-x-750-cc-bot-750-cc/p
1,Jumbo,espumoso,Champaña Cosecha Privada Extra Brut Bot 750 Cc.,COSECHA,10,10,https://www.jumbo.com.ar/champana-cosecha-privada-extra-brut-x-750-cc-217807/p
1,Jumbo,espumoso,Champaña Cuvee Mumm Cordon Rouge Brut 750cc,MUMM,387,387,https://www.jumbo.com.ar/champana-cuvee-mumm-cordon-rouge-brut-750cc/p
1,Jumbo,espumoso,Champaña Cuvee Mumm Demi Sec Special Botella 750 Cc,MUMM,19,19,https://www.jumbo.com.ar/champana-cuvee-mumm-demi-sec-x-750-cc/p
1,Jumbo,espumoso,Champaña Cuvee Mumm Extra Brut 250 Cc Pack 3 U,MUMM,23,23,https://www.jumbo.com.ar/champana-cuvee-mumm-extra-brut-250-cc-pack-3-u/p
1,Jumbo,espumoso,Champaña Cuvee Mumm Extra Brut Botella 750 Cc,MUMM,22,22,https://www.jumbo.com.ar/champana-cuvee-mumm-extra-brut-botella-750-cc/p
1,Jumbo,espumoso,Champaña Cuvee Mumm Extra Brut Estuche-estuche-est-cc.-750,MUMM,51,51,https://www.jumbo.com.ar/champana-cuvee-mumm-extra-brut-estuche-estuche-est-cc-750/p
1,Jumbo,espumoso,Champaña Cuvee Mumm Extra Brut Lata,MUMM,35,35,https://www.jumbo.com.ar/champana-cuvee-mumm-extra-brut-lata-2/p
1,Jumbo,espumoso,Champaña Cuvee Mumm Reserve Extra Brut Estuche X 750 Ml,MUMM,270,270,https://www.jumbo.com.ar/champana-cuvee-mumm-extra-brut-x-750-cc/p
1,Jumbo,espumoso,Champaña Cuvee Reserve Mumm Demi Sec Estuche X 750 Ml,MUMM,94,94,https://www.jumbo.com.ar/champana-cuvee-reserve-mumm-demi-sec-estuche-x-750-ml/p
1,Jumbo,espumoso,Champaña Cuvee Rose Mumm Extra Brut Lata,MUMM,34,34,https://www.jumbo.com.ar/champana-cuvee-rose-mumm-extra-brut-lata-2/p
1,Jumbo,espumoso,Champaña Dom Perignon Botella 750 Cc,DOM PERIGNON,220,220,https://www.jumbo.com.ar/champana-dom-perignon-botella-750-cc/p
1,Jumbo,espumoso,Champaña Domaine Brut Nature Est X750cc,MUMM,211,211,https://www.jumbo.com.ar/champana-domaine-brut-nature-est-x750cc/p
1,Jumbo,espumoso,Champaña Domaine Extra Brut Est X750cc,MUMM,499,499,https://www.jumbo.com.ar/champana-domaine-extra-brut-est-x750cc/p
1,Jumbo,espumoso,Champaña Dubois Brut,DUBOIS,28,28,https://www.jumbo.com.ar/champana-dubois-brut/p
1,Jumbo,espumoso,Champaña Dubois Brut X 750cc,DUBOIS,26,26,https://www.jumbo.com.ar/champana-dubois-brut-x-750cc/p
1,Jumbo,espumoso,Champaña Dubois Demi Sec Botella 750 Cc,DUBOIS,28,28,https://www.jumbo.com.ar/champana-dubois-demi-sec-botella-750-cc/p
1,Jumbo,espumoso,Champaña Duc De Saint Remy Dulce Rose Botella 750 Cc,DUC DE SAINT REMY,43,43,https://www.jumbo.com.ar/champana-duc-de-saint-remy-dulce/p
1,Jumbo,espumoso,Champaña Duc De Saint Remy Extra Brut X750 Lata Lata  Bot 750 Cc.,DUC DE SAINT REMY,,,https://www.jumbo.com.ar/champana-duc-de-saint-remy-extra-brut-x750-lata-347345/p
1,Jumbo,espumoso,Champaña Estancia Mendoza Extra Brut 750 Cc,ESTANCIA MENDOZA,10000,10000,https://www.jumbo.com.ar/champana-estancia-mendoza-extra-brut-750-cc/p
1,Jumbo,espumoso,Champaña Extra Brut Goyenechea,GOYENECHEA,39,39,https://www.jumbo.com.ar/champana-extra-brut-goyenechea/p
1,Jumbo,espumoso,Champaña Extreme Cuvee Speciale 750cc,EXTREME,74,74,https://www.jumbo.com.ar/champana-extreme-cuvee-speciale-750cc/p
1,Jumbo,espumoso,Champaña Federico De Alvear Berry Champ,FEDERICO DE ALVEAR,16,16,https://www.jumbo.com.ar/champana-federico-de-alvear-berry-champ/p
1,Jumbo,espumoso,Champaña Federico De Alvear Lemon Champ,FEDERICO DE ALVEAR,42,42,https://www.jumbo.com.ar/champana-federico-de-alvear-lemon-champ/p
1,Jumbo,espumoso,Champaña Finca La Linda Extra Brut X 750cc,FINCA LA LINDA,80,80,https://www.jumbo.com.ar/champana-finca-la-linda-extra-brut-x-750cc-348470/p
1,Jumbo,espumoso,Champaña Finca Natalina Extra Brut,FINCA NATALINA,2050,2050,https://www.jumbo.com.ar/champana-finca-natalina-extra-brut/p
1,Jumbo,espumoso,Champaña Flichman E Brut,FINCA FLICHMAN,61,61,https://www.jumbo.com.ar/champana-flichman-e-brut/p
1,Jumbo,espumoso,Champaña Flichman E Brut 750ml Lata-lat-cc.-750,FINCA FLICHMAN,42,42,https://www.jumbo.com.ar/champana-flichman-e-brut-750ml-lata-lat-cc-750-2/p
1,Jumbo,espumoso,Champaña Freixenet Carta Nevada Extra Brut 750 Cc,FREIXENET,233,233,https://www.jumbo.com.ar/champana-freixenet-carta-nevada-extra-brut-750-cc/p
1,Jumbo,espumoso,Champaña Freixenet Cordón Negro Extra Brut 750 Cc,FREIXENET,252,252,https://www.jumbo.com.ar/champana-freixenet-cordon-negro-extra-brut-750-cc/p
1,Jumbo,espumoso,Champaña Freixenet Demi Sec 750 Cc,FREIXENET,518,518,https://www.jumbo.com.ar/champana-freixenet-demi-sec-750-cc/p
1,Jumbo,espumoso,Champaña Gosset Brut Excellence-bot-cc.-750,GOSSET,411,411,https://www.jumbo.com.ar/champana-gosset-brut-excellence-bot-cc-750/p
1,Jumbo,espumoso,Champaña Gosset Grand Rose-bot-cc.-750,GOSSET,,,https://www.jumbo.com.ar/champana-gosset-grand-rose-bot-cc-750/p
1,Jumbo,espumoso,Champaña Humberto Canale Extra Brut 750 Cc,HUMBERTO CANALE,376,376,https://www.jumbo.com.ar/champana-humberto-canale/p
1,Jumbo,espumoso,Champaña Jaume Serra Brut Nature X750,JAUME SERRA,47,47,https://www.jumbo.com.ar/champana-jaume-serra-brut-nature-x750/p
1,Jumbo,espumoso,Champaña Jaume Serra Demi Sec X750,JAUME SERRA,47,47,https://www.jumbo.com.ar/champana-jaume-serra-demi-sec-x750/p
1,Jumbo,espumoso,Champaña La Consulta Sparkling X 750 Cc,LA CONSULTA,35,35,https://www.jumbo.com.ar/champana-la-consulta-sparkling-x-750-cc/p
1,Jumbo,espumoso,Champaña La Poderosa Extra Brut 750 Cc,LA PODEROSA,717,717,https://www.jumbo.com.ar/champana-la-poderosa-extra-brut-750-cc/p
1,Jumbo,espumoso,Champaña La Vuelta Extra Brut 750 Cc,LA VUELTA,363,363,https://www.jumbo.com.ar/champana-la-vuelta-extra-brut-750-cc/p
1,Jumbo,espumoso,Champaña Lacroix Demi Sec X 750 Cc Sin Atributo Sin Atributo Sin Atributo Sin Atributo,LACROIX,,,https://www.jumbo.com.ar/champana-lacroix-demi-sec-170211/p
1,Jumbo,espumoso,Champaña Lorca Fantasia-bot-cc.-750,LORCA FANTASIA,51,51,https://www.jumbo.com.ar/champana-lorca-fantasia/p
1,Jumbo,espumoso,Champaña Los álamos Extra Brut 750 Cc,ALAMOS,8308,8308,https://www.jumbo.com.ar/champana-los-alamos-extra-brut-750-cc/p
1,Jumbo,espumoso,Champaña Los Alamos Extra Brut Estuche-est-cc.-750,ALAMOS,77,77,https://www.jumbo.com.ar/champana-los-alamos-extra-brut-estuche-est-cc-750/p
1,Jumbo,espumoso,Champaña Los Alamos Extra Brut X 375cc,ALAMOS,38,38,https://www.jumbo.com.ar/champana-los-alamos-extra-brut-x-375cc/p
1,Jumbo,espumoso,Champaña Louis Roederer Cristal Brut-bot-cc.-750,SIN MARCA,2990,2990,https://www.jumbo.com.ar/champana-louis-roederer-cristal-brut-bot-cc-750/p
1,Jumbo,espumoso,Champaña Luigi Bosca Prestige Rose 750 Cc,LUIGI BOSCA,120,120,https://www.jumbo.com.ar/champana-luigi-bosca-prestige-rose/p
1,Jumbo,espumoso,Champaña Madame Sevigne Demi Sec Sin Atributo Sin Atributo Sin Atributo Sin Atributo,MADAME SEVIGNE,,,https://www.jumbo.com.ar/champana-madame-sevigne-demi-sec-169176/p
1,Jumbo,espumoso,Champaña Madame Sevigne Extra Brut Sin Atributo Sin Atributo Sin Atributo Sin Atributo,MADAME SEVIGNE,,,https://www.jumbo.com.ar/champana-madame-sevigne-extra-brut-169179/p
1,Jumbo,espumoso,Champaña Madame Sevigne Rose Sabor Extra Dulce Sin Atributo Sin Atributo,MADAME SEVIGNE,,,https://www.jumbo.com.ar/champana-madame-sevigne-rose-169178/p
1,Jumbo,espumoso,Champaña María Codorníu Lata,CODORNIU,128,128,https://www.jumbo.com.ar/champana-maria-codorniu-lata/p
1,Jumbo,espumoso,Champaña María Codorniu Roble 750 Cc,MARIA CODORNIU,2881,2881,https://www.jumbo.com.ar/champana-maria-codorniu-roble-750-cc/p
1,Jumbo,espumoso,Champaña Maria Codorniu Rosat,CODORNIU,72,72,https://www.jumbo.com.ar/champana-maria-codorniu-rosat/p
1,Jumbo,espumoso,Champaña Mercier Extra Brut 750 Cc,MERCIER,14,14,https://www.jumbo.com.ar/champana-mercier-extra-brut-750-cc-2/p
1,Jumbo,espumoso,Champaña Mercier Extra Brut X 2 Un,MERCIER,26,26,https://www.jumbo.com.ar/champana-mercier-extra-brut-x-2-un/p
1,Jumbo,espumoso,Champaña Mercier Extra Brut X 6 Un + Vino O2 De Regalo,MERCIER,57,57,https://www.jumbo.com.ar/champana-mercier-extra-brut-x-6-un/p
1,Jumbo,espumoso,Champaña Moet & Chandon & Chandon Brut Imperial   Est 750 Cc.,MOET CHANDON,114,114,https://www.jumbo.com.ar/champana-moet-chandon-chandon-brut-imperial-est-750-cc/p
1,Jumbo,espumoso,Champaña Moet & Chandon Brut Imperial Rose,MOET CHANDON,,,https://www.jumbo.com.ar/champana-moet-chandon-brut-imperial-rose/p
1,Jumbo,espumoso,Champaña Monitor Brut-bot-cc.-750,MONITOR,32,32,https://www.jumbo.com.ar/champana-monitor-brut-bot-cc-750/p
1,Jumbo,espumoso,Champaña Montchenot Nature   Bot 750 Cc.,MONTCHENOT,22,22,https://www.jumbo.com.ar/champana-montchenot-nature-bot-750-cc/p
1,Jumbo,espumoso,Champaña Mumm Cuvee Extra Brut 1.500 Cc,MUMM,233,233,https://www.jumbo.com.ar/champana-cuvee-mumm-extra-brut/p
1,Jumbo,espumoso,Champaña Mumm Domaine 750 Cc,MUMM,2522,2522,https://www.jumbo.com.ar/champana-mumm-domaine-750-cc/p
1,Jumbo,espumoso,Champaña Mumm Domaine Brut Rose 750 Cc,MUMM,555,555,https://www.jumbo.com.ar/champana-mumm-domaine-brut-rose/p
1,Jumbo,espumoso,Champaña Mumm Domaine Extra Brut 750 Cc,MUMM,2272,2272,https://www.jumbo.com.ar/champana-mumm-domaine-extra-brut-750-cc/p
1,Jumbo,espumoso,Champaña Navarro Correas Extra Brut 750 Cc Edic.2001 Lat 1 Un.,NAVARRO CORREAS,49,49,https://www.jumbo.com.ar/champana-navarro-correas-extra-brut-750-cc-edic-2001-lat-1-un-165094/p
1,Jumbo,espumoso,Champaña Navarro Correas Extra Brut C/ Estuche-bot-cc.-750,NAVARRO CORREAS,61,61,https://www.jumbo.com.ar/champana-navarro-correas-extra-brut-c-estuche/p
1,Jumbo,espumoso,Champaña Navarro Correas Nature,NAVARRO CORREAS,41,41,https://www.jumbo.com.ar/champana-navarro-correas-nature-2/p
1,Jumbo,espumoso,Champaña Navarro Correas Rose C/ Estuche-bot-cc.-750,NAVARRO CORREAS,53,53,https://www.jumbo.com.ar/champana-navarro-correas-rose-c-estuche-bot-cc-750/p
1,Jumbo,espumoso,Champaña New Age Extra Brut 750 Cc,NEW AGE,119,119,https://www.jumbo.com.ar/champana-new-age-extra-brut-750-cc/p
1,Jumbo,espumoso,Champaña Nieto Senetiner Brut Nature 1.500 Cc,NIETO & SENETINER,728,728,https://www.jumbo.com.ar/champana-nieto-senetiner-brut-nature-1-500-cc/p
1,Jumbo,espumoso,Champaña Nieto Senetiner Extra Brut 750 Cc - Caja 6 U,NIETO & SENETINER,327,327,https://www.jumbo.com.ar/champana-nieto-senetiner-extra-brut-cajax6/p
1,Jumbo,espumoso,Champaña Nieto Senetiner Gran Cuvee,NIETO & SENETINER,731,731,https://www.jumbo.com.ar/champana-nieto-senetiner-gran-cuvee/p
1,Jumbo,espumoso,Champaña Norton Bot 750 Cc. En Lata Cosecha Especial,NORTON,24,24,https://www.jumbo.com.ar/champana-norton-bot-750-cc-en-lata-cosecha-especial/p
1,Jumbo,espumoso,Champaña Norton Cosecha Tardia X 187cc,NORTON,70,70,https://www.jumbo.com.ar/champana-norton-cosecha-tardia-x-187cc/p
1,Jumbo,espumoso,Champaña Norton Demi Sec 750 Cc,NORTON,1401,1401,https://www.jumbo.com.ar/champana-norton-demi-sec-750-cc/p
1,Jumbo,espumoso,Champaña Norton Extra Brut - 750 Cc,NORTON,1617,1617,https://www.jumbo.com.ar/champana-norton-extra-brut-750-cc/p
1,Jumbo,espumoso,Champaña Norton Extra Brut X 750cc + Ex Br 375cc   Est 2 Un.,NORTON,27,27,https://www.jumbo.com.ar/champana-norton-extra-brut-x-750cc-ex-br-375cc-348929/p
1,Jumbo,espumoso,Champaña Norton Lata Extra Brut 750 Ml,NORTON,95,95,https://www.jumbo.com.ar/champana-norton-lata-extra-brut-750-ml/p
1,Jumbo,espumoso,Champaña Norton Mini-four Pack-pck-un.-4,NORTON,50,50,https://www.jumbo.com.ar/champana-norton-mini-four-pack-pck-un-4-2/p
1,Jumbo,espumoso,Champaña Novecento Cuvee Rosé X 750 Cc,NOVECENTO,173,173,https://www.jumbo.com.ar/champana-novecento-cuvee-rose-x-750-cc/p
1,Jumbo,espumoso,Champaña Novecento Demi Sec 750 Cc,ROBINO,218,218,https://www.jumbo.com.ar/champana-novecento-demi-sec-750-cc/p
1,Jumbo,espumoso,Champaña Novecento Extra Dulce X 750 Cc,ROBINO,33,33,https://www.jumbo.com.ar/champana-novecento-extra-dulce-x-750-cc/p
1,Jumbo,espumoso,Champaña Novecento Rose Dulce 750 Cc,ROBINO,214,214,https://www.jumbo.com.ar/champana-novecento-rose-dulce-750-cc/p
1,Jumbo,espumoso,Champaña Omnium Extra Brut 750 Cc,VINITERRA,145,145,https://www.jumbo.com.ar/champana-omnium-extra-brut-750-cc/p
1,Jumbo,espumoso,Champaña Perdriel Extra Brut-bot-cc.-750,PERDRIEL,240,240,https://www.jumbo.com.ar/champana-perdriel-extra-brut-x-750-ml/p
1,Jumbo,espumoso,Champaña Petigny Demi Sec Botella 750 Cc,PETIGNY,13,13,https://www.jumbo.com.ar/champana-petigny-demi-sec-botella-750-cc/p
1,Jumbo,espumoso,Champaña Petigny Extra Brut,PETIGNY,14,14,https://www.jumbo.com.ar/champana-petigny-extra-brut/p
1,Jumbo,espumoso,Champaña Pommery Brut Royal Neoprene-bot-cc.-750,POMMERY,461,461,https://www.jumbo.com.ar/champana-pommery-brut-royal-neoprene-bot-cc-750/p
1,Jumbo,espumoso,Champaña Pommery Brut Royal Twinpack,POMMERY,16977,16977,https://www.jumbo.com.ar/champana-pommery-brut-royal-twinpack/p
1,Jumbo,espumoso,Champaña Pommery Maxi Pop X 750 Cc,POMMERY,234,234,https://www.jumbo.com.ar/champana-pommery-maxi-pop-x-750-cc/p
1,Jumbo,espumoso,Champaña Pommery Rose 750 Cc,POMMERY,240000,240000,https://www.jumbo.com.ar/champana-pommery-rose-750-cc/p
1,Jumbo,espumoso,Champaña Pommery X 200 Cc   Bot 200 Cc.,POMMERY,53,53,https://www.jumbo.com.ar/champana-pommery-x-200-cc-bot-200-cc/p
1,Jumbo,espumoso,Champaña Pommery-royal-sin Atributo-lat-cc.-750,POMMERY,545,545,https://www.jumbo.com.ar/champana-pommery-royal-sin-atributo-lat-cc-750/p
1,Jumbo,espumoso,Champaña Prosecco Canevari 4pack 200cc-pck-cc.-800,SIN MARCA,383,383,https://www.jumbo.com.ar/champana-prosecco-canevari-4pack-200cc/p
1,Jumbo,espumoso,Champaña Prosecco Canevari 750 Cc,SIN MARCA,1900,1900,https://www.jumbo.com.ar/champana-prosecco-canevari/p
1,Jumbo,espumoso,Champaña Real Extra Brut,REAL,8,8,https://www.jumbo.com.ar/champana-real-extra-brut/p
1,Jumbo,espumoso,Champaña Rosa De Los Vientos Rose 750 Cc,ROSA,150,150,https://www.jumbo.com.ar/champana-rosa-de-los-vientos-rose-750-cc/p
1,Jumbo,espumoso,Champaña Rutini Brut Nature 750 Cc,RUTINI,1361,1361,https://www.jumbo.com.ar/champana-rutini-brut-nature-750-cc/p
1,Jumbo,espumoso,Champaña Rutini Extra Brut 1u,RUTINI,2025,2025,https://www.jumbo.com.ar/champana-rutini-extra-brut-1u/p
1,Jumbo,espumoso,Champaña Saborizada Fresita 750 Cc,FRESITA,195,195,https://www.jumbo.com.ar/champana-saborizada-fresita-750-cc/p
1,Jumbo,espumoso,Champaña Saint Clement Brut 750 Cc,SAINT CLEMENT,192,192,https://www.jumbo.com.ar/champana-saint-clement-brut-750-cc/p
1,Jumbo,espumoso,Champaña Saint Clement Demi Sec 750 Cc,SAINT CLEMENT,192,192,https://www.jumbo.com.ar/champana-saint-clement-demi-sec-750-cc/p
1,Jumbo,espumoso,Champaña Saint Clement Rose 750 Cc,SAINT CLEMENT,192,192,https://www.jumbo.com.ar/champana-saint-clement-rose-750-cc/p
1,Jumbo,espumoso,Champaña Saint Clement Saborizado Fresa Botella 750 Cc,SAINT CLEMENT,7,7,https://www.jumbo.com.ar/champana-saint-clement-saborizado-fresa-botella-750-cc-166888/p
1,Jumbo,espumoso,Champaña Saint Clement Saborizado Limón  Bot 750 Cc.,SAINT CLEMENT,8,8,https://www.jumbo.com.ar/champana-saint-clement-saborizado-limon-bot-750-cc-165835/p
1,Jumbo,espumoso,Champaña Saint Felicien Nature X 750 Cc,SAINT FELICIEN,201,201,https://www.jumbo.com.ar/champana-saint-felicien-nature-x-750-cc/p
1,Jumbo,espumoso,Champaña San Felipe Brut Nature 750 Cc,SAN FELIPE,272,272,https://www.jumbo.com.ar/champana-san-felipe-brut-nature-750-cc/p
1,Jumbo,espumoso,Champaña Santa Isabel Brut Brut Nature  Bot 750 Cc.,SANTA ISABEL,10,10,https://www.jumbo.com.ar/champana-santa-isabel-brut-brut-nature-bot-750-cc-2/p
1,Jumbo,espumoso,Champaña Santa Isabel Demi Sec,SANTA ISABEL,17,17,https://www.jumbo.com.ar/champana-santa-isabel-demi-sec/p
1,Jumbo,espumoso,Champaña Santa Isabel Extra Brut   Bot 750 Cc.,SANTA ISABEL,17,17,https://www.jumbo.com.ar/champana-santa-isabel-extra-brut-bot-750-cc-2/p
1,Jumbo,espumoso,Champaña Santa Julia Extra Brut 750 Cc,SANTA JULIA,8698,8698,https://www.jumbo.com.ar/champana-santa-julia-extra-brut-750-cc/p
1,Jumbo,espumoso,Champaña Santa Julia Uno Extra Brut 187 Cc,UNO,18,18,https://www.jumbo.com.ar/champana-santa-julia-uno-extra-brut-187-cc/p
1,Jumbo,espumoso,Champaña Santa Julia Uno Extra Brut 750 Cc - 2 U,UNO,34,34,https://www.jumbo.com.ar/champana-santa-julia-uno-extra-brut-750-cc-2-u/p
1,Jumbo,espumoso,Champaña Seguro Viudad Con Estuche 750 Cc,SEGURA VIUDAS,688,688,https://www.jumbo.com.ar/champana-seguro-viudas/p
1,Jumbo,espumoso,Champaña Seguro Viudas Capacidad 1.5 Lt X 1 Un.,SEGURA VIUDAS,764,764,https://www.jumbo.com.ar/champana-seguro-viudas-capacidad-1-5-lt-x-1-un-2/p
1,Jumbo,espumoso,Champaña Séptima Extra Brut 750 Cc,SEPTIMA,40,40,https://www.jumbo.com.ar/champana-septima-extra-brut-charmat-x-75/p
1,Jumbo,espumoso,Champaña Soigne Nature X 750 Cc Sin Atributo Sin Atributo Sin Atributo Sin Atributo,SOIGNE,,,https://www.jumbo.com.ar/champana-soigne-nature-168619/p
1,Jumbo,espumoso,Champaña Sparkling Nc Eb F15 Do 6 X 750cc,NAVARRO CORREAS,97,97,https://www.jumbo.com.ar/champana-sparkling-nc-eb-f15-do-6-x-750cc/p
1,Jumbo,espumoso,Champaña Sua,SUA,24,24,https://www.jumbo.com.ar/champana-sua/p
1,Jumbo,espumoso,Champaña Suter Demi Sec 750 Cc,SUTER,231,231,https://www.jumbo.com.ar/champana-suter-demi-sec-750-cc/p
1,Jumbo,espumoso,Champaña Suter Extra Brut Blanc De Noir X 750  Cc.,SUTER,18,18,https://www.jumbo.com.ar/champana-suter-extra-brut/p
1,Jumbo,espumoso,Champaña Suter Extra Dulce 750 Ml,SUTER,7150,7150,https://www.jumbo.com.ar/champana-suter-extra-dulce-750-ml/p
1,Jumbo,espumoso,Champaña Taittinger Brut Reserva-bot-cc.-750,SIN MARCA,456,456,https://www.jumbo.com.ar/champana-taittinger-brut-reserva-bot-cc-750/p
1,Jumbo,espumoso,Champaña Tamari X 750 Cc,TAMARI,29,29,https://www.jumbo.com.ar/champana-tamari-x-750-cc/p
1,Jumbo,espumoso,Champaña Tocornal Brut Bot 750 Cc.,TOCORNAL,48,48,https://www.jumbo.com.ar/champana-tocornal-brut-x-750-cc/p
1,Jumbo,espumoso,Champaña Tocornal Demi Bot 750 Cc,TOCORNAL,25,25,https://www.jumbo.com.ar/champana-tocornal-demi-bot-750-cc/p
1,Jumbo,espumoso,Champaña Tocornal Rosado X 750,TOCORNAL,13,13,https://www.jumbo.com.ar/champana-tocornal-rosado-x-750/p
1,Jumbo,espumoso,Champaña Toso Extra Brut,TOSO,22,22,https://www.jumbo.com.ar/champana-toso-extra-brut/p
1,Jumbo,espumoso,Champaña Toso Extra Brut Lata,TOSO,25,25,https://www.jumbo.com.ar/champana-toso-extra-brut-lata/p
1,Jumbo,espumoso,Champaña Toso X 750 Cc,TOSO,45,45,https://www.jumbo.com.ar/champana-toso-x-750-cc/p
1,Jumbo,espumoso,Champaña Trapiche Demi Sec X 750 Cc,TRAPICHE,44,44,https://www.jumbo.com.ar/champana-trapiche-demi-sec-x-750-cc-2/p
1,Jumbo,espumoso,Champaña Trapiche Extra Brut 750 Cc,TRAPICHE,490,490,https://www.jumbo.com.ar/champana-trapiche-extra-brut-750-cc-3/p
1,Jumbo,espumoso,Champaña Trapiche Rosado X 750 Cc,TRAPICHE,30,30,https://www.jumbo.com.ar/champana-trapiche-rosado-x-750-cc/p
1,Jumbo,espumoso,Champaña Trivento Demi Sec X 750cc,TRIVENTO,39,39,https://www.jumbo.com.ar/champana-trivento-demi-sec-x-750cc/p
1,Jumbo,espumoso,Champaña Trivento Extra Brut X 750cc,TRIVENTO,18,18,https://www.jumbo.com.ar/champana-trivento-extra-brut-x-750cc/p
1,Jumbo,espumoso,Champaña Trumpeter Extra Brut Con Estuche 750 Cc,TRUMPETER,267,267,https://www.jumbo.com.ar/champana-trumpeter-extra-brut-con-estuche-750-cc/p
1,Jumbo,espumoso,Champaña Utopie Dulce Natural X 750cc-bot-cc.-750,UTOPIE,54,54,https://www.jumbo.com.ar/champana-utopie-dulce-natural-x-750cc-bot-cc-750/p
1,Jumbo,espumoso,Champaña Veuve Clicquot Brut 750 Cc,VEUVE CLICQUOT,176400,176400,https://www.jumbo.com.ar/champana-veuve-clicquot-brut-750-cc/p
1,Jumbo,espumoso,Champaña Veuve Clicquot Brut Estuche 750 Cc,VEUVE CLICQUOT,881,881,https://www.jumbo.com.ar/champana-veuve-clicquot-brut-estuche-750-cc/p
1,Jumbo,espumoso,Champaña Veuve Clicquot Ice Jacket Brut Estuche 750 Cc,VEUVE CLICQUOT,275,275,https://www.jumbo.com.ar/champana-veuve-clicquot-ice-jacket-brut-estuche-750-cc/p
1,Jumbo,espumoso,Champaña Veuve Clicquot Ponsardine,VEUVE CLICQUOT,832,832,https://www.jumbo.com.ar/champana-veuve-clicquot-ponsardine/p
1,Jumbo,espumoso,Champaña X Demi Sec 750 Cc,X,419,419,https://www.jumbo.com.ar/champana-x-demi-sec-750-cc/p
1,Jumbo,espumoso,Champaña X Extra Brut 750 Ml,X,159,159,https://www.jumbo.com.ar/champana-x-extra-brut-750-ml/p
1,Jumbo,espumoso,Champaña Zuccardi Extra Brut 750 Cc,ZUCCARDI,870,870,https://www.jumbo.com.ar/champana-zuccardi-blanc-de-blanc-x-750cc/p
1,Jumbo,espumoso,Champañacav Andinas E Brutx750,CAVAS ANDINAS,53,53,https://www.jumbo.com.ar/champanacav-andinas-e-brutx750/p
1,Jumbo,espumoso,Champañatrapiche Extra Brut X 187ml,TRAPICHE,18,18,https://www.jumbo.com.ar/champanatrapiche-extra-brut-x-187ml/p
1,Jumbo,espumoso,ChampaØa Cuvee Mumm Extra Brut + 2 Copas-est-cc.-750,MUMM,145,145,https://www.jumbo.com.ar/champa-a-cuvee-mumm-extra-brut-2-copas-est-cc-750/p
1,Jumbo,espumoso,ChampaØa Finca Las Moras Extra Brut-bot-cc.-750,LAS MORAS,105,105,https://www.jumbo.com.ar/champa-a-finca-las-moras-extra-brut-bot-cc-750/p
1,Jumbo,espumoso,ChampaØa Maria Codorniu Extra Brut X 187 Cc-bot-cc.-187,CODORNIU,,,https://www.jumbo.com.ar/champana-maria-codorniu-extra-brut-x-187-cc/p
1,Jumbo,espumoso,ChampaØa Mumm Domaine,MUMM,68,68,https://www.jumbo.com.ar/champa-a-mumm-domaine/p
1,Jumbo,espumoso,ChampaØa Navarro Correas Extra Brut Est-est-cc.-750,NAVARRO CORREAS,54,54,https://www.jumbo.com.ar/champa-a-navarro-correas-extra-brut-est-est-cc-750/p
1,Jumbo,espumoso,ChampaØa Nieto Senetiner Brut Nature,NIETO & SENETINER,123,123,https://www.jumbo.com.ar/champa-a-nieto-senetiner-brut-nature/p
1,Jumbo,espumoso,ChampaØa Richiardi Extra Brut X 750cc   Bot 750 Cc.,RICHIARDI,77,77,https://www.jumbo.com.ar/champana-richiardi-extra-brut-x-750cc/p
1,Jumbo,espumoso,Champgne Obsession Extra Brut X 750  Cc.,SIN MARCA,,,https://www.jumbo.com.ar/champgne-obsession-extra-brut-x-750-cc-190926/p
1,Jumbo,espumoso,Chandon Delice,CHANDON,619,619,https://www.jumbo.com.ar/chandon-delice/p
1,Jumbo,espumoso,Chandon Delice X 750cc Estuche,CHANDON,714,714,https://www.jumbo.com.ar/chandon-delice-x-750cc-estuche/p
1,ChangoMás,espumoso,Chandon Twin Pack 750cc,Chandon,,,https://www.masonline.com.ar/chandon-twin-pack-750cc-2/p
1,Jumbo,espumoso,Chanpagne Blancherie Demi Sec,BLANCHERIE,18,18,https://www.jumbo.com.ar/chanpagne-blancherie-demi-sec-x-750-cc/p
1,Jumbo,espumoso,Cinzano Asti 750ml,CINZANO,1167,1167,https://www.jumbo.com.ar/cinzano-asti-750ml/p
1,Jumbo,espumoso,Cinzano Prosecco 750ml,CINZANO,1167,1167,https://www.jumbo.com.ar/cinzano-prosecco-750ml/p
1,ChangoMás,espumoso,Clerico Del Valle 720 Ml,Del Valle,,,https://www.masonline.com.ar/clerico-del-valle-720-ml-2/p
1,ChangoMás,espumoso,Clerico Fiesta Sin Alcohol 710 Ml,Fiesta,,,https://www.masonline.com.ar/clerico-fiesta-sin-alcohol-710-ml/p
1,ChangoMás,espumoso,Clerico Frutita Sin Alcohol 1 L,Generico,,,https://www.masonline.com.ar/clerico-frutita-sin-alcohol-1-l-3/p
1,ChangoMás,espumoso,Clerico Santa Claus  Sin Alcohol 1 L,Generico,,,https://www.masonline.com.ar/clerico-santa-claus-sin-alcohol-1-l/p
1,Día,espumoso,Cocktail de Vino Emilia Spritz 750 Ml.,EMILIA,9490,9490,https://diaonline.supermercadosdia.com.ar/cocktail-de-vino-emilia-spritz-750-ml-32708/p
1,ChangoMás,espumoso,Cocktail Espumante Emilia Clarea A Base De Vino  750 Ml,Emilia,10998,10998,https://www.masonline.com.ar/cocktail-espumante-emilia-clarea-a-base-de-vino-750-ml/p
1,ChangoMás,espumoso,Cocktail Espumante Emilia Rose A Base De Vino  750 Ml,Emilia,10998,10998,https://www.masonline.com.ar/cocktail-espumante-emilia-rose-a-base-de-vino-750-ml/p
1,ChangoMás,espumoso,Cocktail Espumante Emilia Sangría A Base De Vino 750 Ml,Emilia,10998,10998,https://www.masonline.com.ar/cocktail-espumante-emilia-sangria-a-base-de-vino-750-ml/p
1,ChangoMás,espumoso,Cocktail Espumante Emilia Spritz A Base De Vino 750 Ml,Emilia,10998,10998,https://www.masonline.com.ar/cocktail-espumante-emilia-spritz-a-base-de-vino-750-ml/p
1,Jumbo,espumoso,Cocktail Gasificado New Age Blue Power,NEW AGE,46,46,https://www.jumbo.com.ar/cocktail-gasificado-new-age-blue-power/p
1,ChangoMás,espumoso,Combo Aperitivo Rosado Ramazzotti Y Espumante Mumm Extra Brut 750 Ml,Ramazzotti,,,https://www.masonline.com.ar/combo-aperitivo-rosado-ramazzotti-y-espumante-mumm-extra-brut-750-ml/p
1,Jumbo,espumoso,Dolores Espumante Dulce 750 Ml,DOLORES,10500,10500,https://www.jumbo.com.ar/dolores-espumante-dulce-750-ml/p
1,Jumbo,espumoso,Dolores Espumante Rose 750 Ml,DOLORES,10500,10500,https://www.jumbo.com.ar/dolores-espumante-rose-750-ml/p
1,ChangoMás,espumoso,Esmpumante Classic Cuvee Santa Julia 750cc,Santa Julia,,,https://www.masonline.com.ar/esmpumante-classic-cuvee-santa-julia-750cc-2/p
1,Jumbo,espumoso,Espuamante Putruele Extra Brut Estate 750 Ml,PUTRUELE,10300,10300,https://www.jumbo.com.ar/espuamante-putruele-extra-brut-estate-750-ml/p
1,ChangoMás,espumoso,Espumante Aime Extra Brut 750ml,Aimé,,,https://www.masonline.com.ar/espumante-aime-extra-brut-750ml-2/p
1,ChangoMás,espumoso,Espumante Aime Sweet 750ml,Aimé,,,https://www.masonline.com.ar/espumante-aime-sweet-750ml-2/p
1,Jumbo,espumoso,Espumante Allegra Cuvée Brut Rosé 750 Cc,ALLEGRA,,,https://www.jumbo.com.ar/espumante-brut-rose-cuvee-x-750-cc-allegra/p
1,Jumbo,espumoso,Espumante Alma Negra Blanc De Blanc 750cc,ALMA NEGRA,37800,37800,https://www.jumbo.com.ar/espumante-alma-negra-blanc-de-blanc-750cc/p
1,Jumbo,espumoso,Espumante Alma Negra Brut Nature Rose 750cc,ALMA NEGRA,35850,35850,https://www.jumbo.com.ar/espumante-alma-negra-brut-nature-rose-750cc/p
1,Jumbo,espumoso,Espumante Alta Brut rosé X 750 Cc Pascual Toso,PASCUAL TOSO,24750,24750,https://www.jumbo.com.ar/espumante-alta-brut-rose-x-750-cc-pascual-toso/p
1,Jumbo,espumoso,Espumante Alyda Millesime Nature Pinot Noir 750 Cc,ALYDA,30400,30400,https://www.jumbo.com.ar/espumante-millesime-nature-750-ml-alyda/p
1,Jumbo,espumoso,Espumante Amalaya Brut Nature 750 Cc,AMALAYA,17850,17850,https://www.jumbo.com.ar/espumante-amalaya-brut-nature-750-cc/p
1,Jumbo,espumoso,Espumante Argeo Prosecco Extra Dry X 750 Ml Ruggeri,RUGGERI,,,https://www.jumbo.com.ar/espumante-argeo-prosecco-extra-dry-x-750-ml-ruggeri/p
1,Jumbo,espumoso,Espumante Argeo Prosecco Rose X 750 Ml Ruggeri,RUGGERI,,,https://www.jumbo.com.ar/espumante-argeo-prosecco-rose-x-750-ml-ruggeri/p
1,Jumbo,espumoso,Espumante Baron B Brut Nature 750 Ml,BARON B,47930,47930,https://www.jumbo.com.ar/espumante-baron-b-brut-nature-750-ml/p
1,Jumbo,espumoso,Espumante Blanc Vintage 750 Cc Dom Pérignon,DOM PERIGNON,664200,664200,https://www.jumbo.com.ar/espumante-blanc-vintage-750-cc-dom-perignon/p
1,Jumbo,espumoso,Espumante Bottega Prosecco Gold 750 Cc,BOTTEGA,145800,145800,https://www.jumbo.com.ar/espumante-bottega-prosecco-gold-750cc/p
1,Jumbo,espumoso,Espumante Bottega Rose Gold 750 Cc,BOTTEGA,136500,136500,https://www.jumbo.com.ar/espumante-bottega-prosecco-rose-750cc/p
1,Jumbo,espumoso,Espumante Brut Nature Nieto Senetiner X187 Ml,NIETO & SENETINER,683,683,https://www.jumbo.com.ar/espumante-brut-nature-nieto-senetiner-x187-ml/p
1,Jumbo,espumoso,Espumante Brut Rose 750 Ml Alyda,SALENTEIN,26200,26200,https://www.jumbo.com.ar/espumante-brut-rose-750-ml-alyda/p
1,Jumbo,espumoso,Espumante Brut Rosé X 750 Cc Pascual Toso,PASCUAL TOSO,15650,15650,https://www.jumbo.com.ar/espumante-brut-rose-x-750-cc-pascual-toso/p
1,Jumbo,espumoso,Espumante Cafayate Dulce 750 Cc,CAFAYATE,145,145,https://www.jumbo.com.ar/espumante-cafayate-dulce/p
1,Jumbo,espumoso,Espumante Callia Brut Nature 750 Ml,CALLIA,8550,8550,https://www.jumbo.com.ar/espumante-callia-brut-nature/p
1,Jumbo,espumoso,Espumante Callia Rose 750cc,CALLIA,157,157,https://www.jumbo.com.ar/espumante-callia-rose-750cc/p
1,Jumbo,espumoso,Espumante Canciller Blend 750,CANCILLER,,,https://www.jumbo.com.ar/espumante-canciller-blend-750/p
1,Jumbo,espumoso,Espumante Capriccio Dulce 750 Ml X 6 Un,CAPRICCIO FIORE,7700,7700,https://www.jumbo.com.ar/espumante-capriccio-dulce-750-ml-x-6-un/p
1,ChangoMás,espumoso,Espumante Capriccio Fiore Demi Sec 750 Ml,Capriccio,8069,8069,https://www.masonline.com.ar/vino-chardonnay-capriccio-fiore-750-cc-2/p
1,Jumbo,espumoso,Espumante Casa Petrini Pinot Noir 750cc,Mosquita Muerta,8900,8900,https://www.jumbo.com.ar/espumante-casa-petrini-pinot-noir-750cc/p
1,Jumbo,espumoso,Espumante Casillero Del Diablo,CASILLERO DEL DIABLO,13900,13900,https://www.jumbo.com.ar/espumante-casillero-del-diablo/p
1,Jumbo,espumoso,Espumante Chac Chac Brut Nature Lata 269cc,LAS PERDICES,3900,3900,https://www.jumbo.com.ar/espumante-chac-chac-brut-nature-lata-269cc/p
1,Jumbo,espumoso,Espumante Chac Chac Dulce Natural 269 Cc,LAS PERDICES,4250,4250,https://www.jumbo.com.ar/espumante-chac-chac-dulce-natural-lata-269cc/p
1,Jumbo,espumoso,Espumante Chadon Brut Rose Con Estuche 750 Cc,CHANDON,490,490,https://www.jumbo.com.ar/espumante-chadon-brut-rose-con-estuche-750-cc/p
1,Jumbo,espumoso,Espumante Champenoise Cadus X750 Ml,CADUS,1151,1151,https://www.jumbo.com.ar/espumante-champenoise-cadus-x750-ml/p
1,Jumbo,espumoso,Espumante Chandon Cuvée Brut Nature 750 Ml,CHANDON,21960,21960,https://www.jumbo.com.ar/espumante-chandon-brut-nature-est-2/p
1,Jumbo,espumoso,Espumante Chandon Cuvée Brut Nature Rosé 750 Ml,CHANDON,20530,20530,https://www.jumbo.com.ar/espumante-chandon-brut-nature-rose-750-ml-3/p
1,Jumbo,espumoso,Espumante Chandon Cuvee Reserve Extra Brut 750 Cc,CHANDON,2825,2825,https://www.jumbo.com.ar/espumante-chandon-cuvee-reserve-extra-brut-750-cc/p
1,Jumbo,espumoso,Espumante Chandon Cuveeres Bdblancs Chard 750 Ml,CHANDON,29550,29550,https://www.jumbo.com.ar/espumante-chandon-cuveeres-bdblancs-chard-750-ml/p
1,Jumbo,espumoso,Espumante Chandon Cuveeres Bdnoirs Pinot 750 Ml,CHANDON,29550,29550,https://www.jumbo.com.ar/espumante-chandon-cuveeres-bdnoirs-pinot-750-ml/p
1,Jumbo,espumoso,Espumante Chandon Demi Sec Est,CHANDON,20100,20100,https://www.jumbo.com.ar/espumante-chandon-demi-sec-est/p
1,Jumbo,espumoso,Espumante Chandon Extra Brut 187 Cc - 4 U,CHANDON,592,592,https://www.jumbo.com.ar/espumante-chandon-extra-brut-187-cc-4-u/p
1,ChangoMás,espumoso,Espumante Chandon Extra Brut 187 Ml Estuche 4u,Chandon,,,https://www.masonline.com.ar/chandon-fourpack-extra-brut-187cc-2/p
1,Jumbo,espumoso,Espumante Chandon Extra Brut 187 Ml x 4 Un,CHANDON,20110,20110,https://www.jumbo.com.ar/espumante-chandon-extra-brut-estuche-fourpack-187-ml-2/p
1,Jumbo,espumoso,Espumante Chandon Extra Brut Edicion Limitada Eoy 750 Ml,CHANDON,571,571,https://www.jumbo.com.ar/espumante-chandon-extra-brut-edicion-limitada-eoy-750-ml/p
1,ChangoMás,espumoso,Espumante Chandon Extra Brut Estuche 750ml,Chandon,,,https://www.masonline.com.ar/espumante-extra-brut-estuche-chandon-750-cc-2/p
1,Jumbo,espumoso,Espumante Chandon Extra Brut Twinpack 375 Ml,CHANDON,675,675,https://www.jumbo.com.ar/espumante-chandon-extra-brut-twinpack-375-ml-2/p
1,Jumbo,espumoso,Espumante Chandon Mini Apéritif 187 Ml,CHANDON,350,350,https://www.jumbo.com.ar/espumante-chandon-mini-aperitif-187-ml-2/p
1,Jumbo,espumoso,Espumante Chandon Mini Délice 187 Ml,CHANDON,164,164,https://www.jumbo.com.ar/espumante-chandon-mini-delice-187-ml-2/p
1,Jumbo,espumoso,Espumante Chandon Mini Rosé 187 Ml,CHANDON,400,400,https://www.jumbo.com.ar/espumante-chandon-mini-rose-187-ml/p
1,Jumbo,espumoso,Espumante Chandon Tripack 375 Ml,CHANDON,598,598,https://www.jumbo.com.ar/espumante-chandon-tripack-375-ml/p
1,ChangoMás,espumoso,Espumante Cinzano Asti 750 Ml,Cinzano,,,https://www.masonline.com.ar/espumante-cinzano-asti-750-ml-2/p
1,ChangoMás,espumoso,Espumante Cinzano Prosecco 750 Ml,Cinzano,,,https://www.masonline.com.ar/espumante-cinzano-prosecco-750-ml-2/p
1,ChangoMás,espumoso,Espumante Cordero Con Piel De Lobo Spritz 750 Ml,Cordero con piel de Lobo,,,https://www.masonline.com.ar/espumante-cordero-con-piel-de-lobo-spritz-750-ml/p
1,Jumbo,espumoso,Espumante Cordero Con Piel De Lobo Terrier-spr,CORDERO CON PIEL DE LOBO,7400,7400,https://www.jumbo.com.ar/espumante-cordero-con-piel-de-lobo-terrier-spr/p
1,Jumbo,espumoso,Espumante Cruzat Premier Extra Brut,CRUZAT,559,559,https://www.jumbo.com.ar/champagne-cruzat-rose-extra-brut/p
1,Jumbo,espumoso,Espumante Cruzat Premier Rose Extra Brut,CRUZAT,559,559,https://www.jumbo.com.ar/espumante-cruzat-premier-rose-extra-brut/p
1,Jumbo,espumoso,Espumante Cuvee Barcelona 750 Cc,CUVEE,570,570,https://www.jumbo.com.ar/espumante-cuvee-barcelona-750-cc/p
1,ChangoMás,espumoso,Espumante Cuvee Leger Mumm 750 Ml,Mumm,,,https://www.masonline.com.ar/espumante-cuvee-leger-mumm-750-ml-2/p
1,Jumbo,espumoso,Espumante Dadá 7 Dulce 750 Cc,DADA,10750,10750,https://www.jumbo.com.ar/espumante-dada-art-7-dulce-750cc/p
1,Jumbo,espumoso,Espumante Dadá 7 Sabor Maracuyá 750 Cc,DADA,10750,10750,https://www.jumbo.com.ar/espumante-dada-art-7-maracuya-750cc/p
1,Jumbo,espumoso,Espumante Dada Art 7 Cassis 750cc,DADA,10750,10750,https://www.jumbo.com.ar/espumante-dada-art-7-cassis-750cc/p
1,Jumbo,espumoso,Espumante Dada Art 7 Orange Bitter 750cc,DADA,11050,11050,https://www.jumbo.com.ar/espumante-dada-art-7-orange-bitter-750cc/p
1,ChangoMás,espumoso,Espumante Dadá Orange Bitter 750 Ml,Dada,,,https://www.masonline.com.ar/espumante-dada-orange-bitter-750-ml-2/p
1,ChangoMás,espumoso,Espumante Dadá Sweet Lata 355ml,Dada,3579,3579,https://www.masonline.com.ar/espumante-dada-sweet-lata-x355cc-2/p
1,ChangoMás,espumoso,Espumante Dadá Sweet Pink Lata X355cc,Dada,,,https://www.masonline.com.ar/espumante-dada-sweet-pink-lata-x355cc-2/p
1,ChangoMás,espumoso,Espumante Dante Robino Extra Brut 750 Ml,Dante Robino,,,https://www.masonline.com.ar/espumante-dante-robino-extra-brut-750-ml/p
1,ChangoMás,espumoso,Espumante Demi Sec Estuche Chandon 750 Cc,Chandon,,,https://www.masonline.com.ar/espumante-demi-sec-estuche-chandon-750-cc-2/p
1,ChangoMás,espumoso,Espumante Ederico De Alvear Strawberry 750 Ml,Federico De Alvear,,,https://www.masonline.com.ar/espumante-ederico-de-alvear-strawberry-750-ml-2/p
1,Jumbo,espumoso,Espumante El Esteco Champenoise X 750 Ml,EL ESTECO,828,828,https://www.jumbo.com.ar/espumante-el-esteco-champenoise-x-750-ml/p
1,Jumbo,espumoso,Espumante El Esteco Dulce 750 Cc,EL ESTECO,115,115,https://www.jumbo.com.ar/espumante-el-esteco-dulce-torrontes/p
1,Jumbo,espumoso,Espumante El Portillo Chardonnay X 750 Cc,PORTILLO,40,40,https://www.jumbo.com.ar/espumante-el-portillo-chardonnay-x-750-cc/p
1,ChangoMás,espumoso,Espumante Elena De Mendoza Brunet Sin Alcohol Chardonay Botanique 750 Ml,Elena de Mendoza,,,https://www.masonline.com.ar/espumante-elena-de-mendoza-brunet-sin-alcohol-chardonay-botanique-750-ml/p
1,ChangoMás,espumoso,Espumante Elena De Mendoza N 7 Bajo Alcohol Chardonnay Uco Stone 750 Ml,Elena de Mendoza,25439,25439,https://www.masonline.com.ar/espumante-elena-de-mendoza-n-7-bajo-alcohol-chardonnay-uco-stone-750-ml/p
1,Jumbo,espumoso,Espumante Emilia Cocktail Clarea Sabor Limón y Flor de Sauco 750 Cc,EMILIA,10500,10500,https://www.jumbo.com.ar/espumante-emilia-cocktail-clarea-x-750-cc/p
1,Jumbo,espumoso,Espumante Emilia Cocktail Rosé 750 Ml,EMILIA,11150,11150,https://www.jumbo.com.ar/espumante-emilia-cocktail-rose-x-750-cc/p
1,Jumbo,espumoso,Espumante Emilia Cocktail Sangría X 750 Cc,EMILIA,11150,11150,https://www.jumbo.com.ar/espumante-emilia-cocktail-sangria-x-750-cc/p
1,Jumbo,espumoso,Espumante Emilia Cocktail Spritz 200 Cc,EMILIA,3700,3700,https://www.jumbo.com.ar/espumante-cocktail-spritz-200cc-emilia/p
1,Jumbo,espumoso,Espumante Emilia Cocktail Spritz X 750 Cc,EMILIA,11150,11150,https://www.jumbo.com.ar/espumante-emilia-cocktail-spritz-x-750-cc/p
1,ChangoMás,espumoso,Espumante Escorihuela Gascon Extra Brut 750 Ml,Escorihuela Gascon,,,https://www.masonline.com.ar/espumante-escorihuela-gascon-extra-brut-750-ml/p
1,Jumbo,espumoso,Espumante Escorihuela Gascon Extra Brut Rosé 750 Cc,ESCORIHUELA GASCON,19450,19450,https://www.jumbo.com.ar/espumante-rose-x-750-cc-escorihuela-gascon/p
1,Jumbo,espumoso,Espumante Extra Brut Aime X 187,AIMÉ,66,66,https://www.jumbo.com.ar/espumante-extra-brut-aime-x-187/p
1,Jumbo,espumoso,Espumante Extra Brut Emilia X187 Ml,EMILIA,303,303,https://www.jumbo.com.ar/espumante-extra-brut-emilia-x187-ml/p
1,Día,espumoso,Espumante Extra Brut Mumm Lata 269 Ml.,MUMM,3960,3960,https://diaonline.supermercadosdia.com.ar/espumante-extra-brut-mumm-lata-269-ml-289389/p
1,ChangoMás,espumoso,Espumante Extra Brut Navarro Correas X187ml,Navarro Correas,,,https://www.masonline.com.ar/espumante-extra-brut-navarro-correas-x187ml-2/p
1,Día,espumoso,Espumante Extra Brut Puska 750 Ml.,PUSKA,9990,9990,https://diaonline.supermercadosdia.com.ar/espumante-extra-brut-puska-750-ml-298717/p
1,ChangoMás,espumoso,Espumante Extra Brut Ruca Malen 750cc,Ruca Malen,,,https://www.masonline.com.ar/espumante-extra-brut-ruca-malen-750cc-2/p
1,Jumbo,espumoso,Espumante Extra Brut Ruca Malen X 750,RUCA MALEN,604,604,https://www.jumbo.com.ar/espumante-extra-brut-ruca-malen-x-750/p
1,Jumbo,espumoso,Espumante Fabre Montmayou Brut Nature 750 Cc,FABRE MONTMAYOU,363,363,https://www.jumbo.com.ar/espumante-fabre-montmayou-brut-nature-750-cc/p
1,Jumbo,espumoso,Espumante Famiglia Bianchi Brut Nature,FAMIGLIA BIANCHI,420,420,https://www.jumbo.com.ar/espumante-famiglia-bianchi-brut-nature/p
1,Jumbo,espumoso,Espumante Fda Strawberry 750,FEDERICO DE ALVEAR,2874,2874,https://www.jumbo.com.ar/espumante-fda-strawberry-750/p
1,Jumbo,espumoso,Espumante Fda Sweet 750,FEDERICO DE ALVEAR,2874,2874,https://www.jumbo.com.ar/espumante-fda-sweet-750/p
1,Jumbo,espumoso,Espumante Fda Unlimited Rose Dulce 750,NORTON,2613,2613,https://www.jumbo.com.ar/espumante-fda-unlimited-rose-dulce-750/p
1,ChangoMás,espumoso,Espumante Federico De Alvear Dulce 750 Ml,Federico De Alvear,,,https://www.masonline.com.ar/espumante-federico-de-alvear-dulce-750-ml-2/p
1,ChangoMás,espumoso,Espumante Federico De Alvear Extra Brut 750 Ml,Federico De Alvear,6899,6899,https://www.masonline.com.ar/espumante-federico-de-alvear-extra-brut-750-ml-2/p
1,Jumbo,espumoso,Espumante Federico De Alvear Extra Brut 750cc - Bot-0.75-lt. - Sin Atributo,FEDERICO DE ALVEAR,1404,1404,https://www.jumbo.com.ar/espumante-federico-de-alvear-extra-brut-750cc-bot-0-75-lt-sin-atributo/p
1,ChangoMás,espumoso,Espumante Federico De Alvear Rosé Dulce 750 Ml,Federico De Alvear,6899,6899,https://www.masonline.com.ar/espumante-federico-de-alvear-rose-dulce-750-ml-2/p
1,Jumbo,espumoso,Espumante Federico de Alvear Unlimited Dulce 750 Cc,FEDERICO DE ALVEAR,7050,7050,https://www.jumbo.com.ar/espumante-federico-de-alvear-unlimited-dulce-750cc-bot-0-75-lt-sin-atributo/p
1,Jumbo,espumoso,Espumante Federico De Alvear Unlimited Extra Brut 750cc - Bot-0.75-lt. - Sin Atributo,SAN TELMO,6500,6500,https://www.jumbo.com.ar/espumante-federico-de-alvear-unlimited-extra-brut-750cc-bot-0-75-lt-sin-atributo/p
1,Jumbo,espumoso,Espumante Federico de Alvear Unlimited Extra Dulce 750 Ml,FEDERICO DE ALVEAR,6850,6850,https://www.jumbo.com.ar/espumante-fdaunlimited-extra-dulce-750/p
1,Jumbo,espumoso,Espumante Fin Del Mundo Pinot Noir - Chardonnay 750 Cc,DEL FIN DEL MUNDO,629,629,https://www.jumbo.com.ar/espumante-fin-del-mundo-pinot-noir-chardonnay-750-cc/p
1,ChangoMás,espumoso,Espumante Finca La Linda Extra Brut 750cc,Luigi Bosca,,,https://www.masonline.com.ar/espumante-finca-la-linda-extra-brut-750cc-2/p
1,Jumbo,espumoso,Espumante Fond De Cave Nature,FOND DE CAVE,67,67,https://www.jumbo.com.ar/espumante-fond-de-cave-nature/p
1,Jumbo,espumoso,Espumante Franquet Dama Espumante Dam Tipo Espumante Presentacion Dama,FRANQUET,,,https://www.jumbo.com.ar/espumante-franquet-dama-espumante-dam-tipo-espumante-presentacion-dama/p
1,ChangoMás,espumoso,Espumante Freixenet Cordón Negro Gran Selección Cava 750 Ml,Freixenet,,,https://www.masonline.com.ar/espumante-freixenet-cordon-negro-gran-seleccion-cava-750-ml/p
1,Jumbo,espumoso,Espumante Freixenet Cuvee Especial 750 Cc,FREIXENET,748,748,https://www.jumbo.com.ar/espumante-freixenet-cuvee-especial-750-cc/p
1,ChangoMás,espumoso,Espumante Freixenet Extra Brut 750 Ml,Freixenet,,,https://www.masonline.com.ar/espumante-freixenet-extra-brut-750-ml/p
1,Jumbo,espumoso,Espumante Fresita Sabor Frutilla 750 Ml,FRESITA,13600,13600,https://www.jumbo.com.ar/champana-fresita-original-750-ml/p
1,ChangoMás,espumoso,Espumante Frizze Blue Lata 473 Ml,Frizze,2649,2649,https://www.masonline.com.ar/espumante-frizze-blue-lata-473cc-2/p
1,ChangoMás,espumoso,Espumante Gamba Rosso 750ml,Dante Robino,,,https://www.masonline.com.ar/espumante-gamba-rosso-robino-750-cc-2/p
1,ChangoMás,espumoso,Espumante Gambei Extra Brut 750 Ml,Gambei,,,https://www.masonline.com.ar/espumante-gambei-extra-brut-750-ml-2/p
1,ChangoMás,espumoso,Espumante Italian Frizze Limonata Lata 473 Ml,Frizze,,,https://www.masonline.com.ar/espumante-italian-frizze-limonata-lata-473cc-2/p
1,ChangoMás,espumoso,Espumante Italian Frizze Pomelata Lata 473cc,Frizze,,,https://www.masonline.com.ar/espumante-italian-frizze-pomelata-lata-473cc-2/p
1,ChangoMás,espumoso,Espumante Italian Limonata Frizze 1 Lt,Frizze,3909,3909,https://www.masonline.com.ar/espumante-italian-limonata-frizze-1-lt-2/p
1,ChangoMás,espumoso,Espumante Italian Pomelata Frizze 1 Lt,Frizze,3909,3909,https://www.masonline.com.ar/espumante-italian-pomelata-frizze-1-lt-2/p
1,Jumbo,espumoso,Espumante Jardin Enchante Extra Brut 750 Cc,JARDIN ENCHANTE,27000,27000,https://www.jumbo.com.ar/espumante-extra-brut-x-750-cc-jardin-enchante/p
1,ChangoMás,espumoso,Espumante Julia Dulce Natural 750ml,Santa Julia,,,https://www.masonline.com.ar/espumante-julia-dulce-natural-750ml-2/p
1,Jumbo,espumoso,Espumante La Linda Extra Brut 750 Ml,LA LINDA,13500,13500,https://www.jumbo.com.ar/espumante-la-linda-extra-brut-750-ml/p
1,Jumbo,espumoso,Espumante La Vuelta Extra Dulce 750 Cc,LA VUELTA,361,361,https://www.jumbo.com.ar/espumante-la-vuelta-extra-dulce-750-cc/p
1,Jumbo,espumoso,Espumante Lagarde Dolce Rosado 750 Ml,LAGARDE,15000,15000,https://www.jumbo.com.ar/espumante-lagarde-dolce-rosado-750-ml/p
1,Jumbo,espumoso,Espumante Lagarde Lungo 750cc,LAGARDE,15000,15000,https://www.jumbo.com.ar/espumante-lagarde-lungo-750cc/p
1,Jumbo,espumoso,Espumante Las Perdices Brut Nature 750 Ml,LAS PERDICES,20850,20850,https://www.jumbo.com.ar/espumante-las-perdices-brut-nature-champenoise-750-ml/p
1,Jumbo,espumoso,Espumante Las Perdices Extra Brut 750 Ml,LAS PERDICES,15400,15400,https://www.jumbo.com.ar/espumante-las-perdices-extra-brut-champenoise-750-ml/p
1,Jumbo,espumoso,Espumante Las Perdices Partridge Extra Brut 750 Ml,LAS PERDICES,10800,10800,https://www.jumbo.com.ar/espumante-partridge-extra-brut-750-ml/p
1,Jumbo,espumoso,Espumante Las Perdices Sweety 750 Ml,LAS PERDICES,13450,13450,https://www.jumbo.com.ar/espumante-las-perdices-sweety-750-ml/p
1,Jumbo,espumoso,Espumante Las Perdices Sweety Dulce Natural 750 Ml,LAS PERDICES,13450,13450,https://www.jumbo.com.ar/espumante-las-perdices-brut-rose-750-ml/p
1,Jumbo,espumoso,Espumante Latitud 33 Sweet,LATITUD 33,9820,9820,https://www.jumbo.com.ar/espumante-latitud-33-sweet/p
1,Jumbo,espumoso,Espumante Latitud 33 Sweet Rosé 750 Cc,LATITUD 33,9820,9820,https://www.jumbo.com.ar/espumante-latitud-33-sweet-rose/p
1,Jumbo,espumoso,Espumante Leo Extra Brut 750cc,SIN MARCA,117,117,https://www.jumbo.com.ar/espumante-leo-extra-brut-750cc/p
1,Jumbo,espumoso,Espumante Liason Extra Brut 750 Cc,LIASON,127,127,https://www.jumbo.com.ar/espumante-liason-extra-brut-750-cc/p
1,Jumbo,espumoso,Espumante Los árboles Dulce 750 Cc,LOS ARBOLES,124,124,https://www.jumbo.com.ar/espumante-los-arboles-dulce/p
1,Jumbo,espumoso,Espumante Los árboles Extra Brut 750 Cc,LOS ARBOLES,127,127,https://www.jumbo.com.ar/espumante-los-arboles-extra-brut-750-cc/p
1,ChangoMás,espumoso,Espumante Lpqtp 2020 Extra Brut 750ml,Generico,,,https://www.masonline.com.ar/espumante-lpqtp-2020-extra-brut-750ml-2/p
1,Jumbo,espumoso,Espumante Luigi Bosca Brut Nature 750 Ml,LUIGI BOSCA,25900,25900,https://www.jumbo.com.ar/espumante-luigi-bosca-brut-nature-750-ml/p
1,ChangoMás,espumoso,Espumante Luigi Bosca Extra Brut 750 Ml,Luigi Bosca,,,https://www.masonline.com.ar/espumante-luigi-bosca-extra-brut-750-ml-2/p
1,Jumbo,espumoso,Espumante Luigi Bosca Extra Brut Boheme,LUIGI BOSCA,2718,2718,https://www.jumbo.com.ar/espumante-luigi-bosca-extra-brut-boheme/p
1,ChangoMás,espumoso,Espumante Maracuya Dada 750 Ml,Dada,,,https://www.masonline.com.ar/espumante-maracuya-dada-750-cc-2/p
1,ChangoMás,espumoso,Espumante Maria Codorniu Brut Nature 750 Ml,Maria Codorniu,,,https://www.masonline.com.ar/espumante-maria-codorniu-brut-nature-750-ml/p
1,ChangoMás,espumoso,Espumante Maria Codorniu Dulce 750 Ml,Maria Codorniu,,,https://www.masonline.com.ar/espumante-maria-codorniu-dulce-750-ml/p
1,ChangoMás,espumoso,Espumante Maria Codorniu Extra Brut 750 Ml,Maria Codorniu,,,https://www.masonline.com.ar/espumante-maria-codorniu-extra-brut-750-ml/p
1,Jumbo,espumoso,Espumante Mercier Demi Sec 750 Ml,MERCIER,9820,9820,https://www.jumbo.com.ar/espumante-mercier-demi-sec-750-ml/p
1,Jumbo,espumoso,Espumante Mercier Rosé 750 Ml,MERCIER,9820,9820,https://www.jumbo.com.ar/espumante-mercier-rosado-750-ml/p
1,Jumbo,espumoso,Espumante Millesimato Brut,MILLESIMATO,1048,1048,https://www.jumbo.com.ar/espumante-millesimato-brut/p
1,Jumbo,espumoso,Espumante Mosquita Muerta Nature,Mosquita Muerta,16023,16023,https://www.jumbo.com.ar/espumante-mosquita-muerta-nature/p
1,Jumbo,espumoso,Espumante Moutier Extra Brut 750 Ml,MOUTIER,4800,4800,https://www.jumbo.com.ar/espumante-moutier-extra-brut-750/p
1,Día,espumoso,Espumante Mumm Brut Rosé 750 Ml.,MUMM,11869,11869,https://diaonline.supermercadosdia.com.ar/espumante-mumm-brut-rose-750-ml-215218/p
1,Jumbo,espumoso,Espumante Mumm Cuvée Extra Brut 269 Ml,MUMM,3950,3950,https://www.jumbo.com.ar/espumante-mumm-cuvee-extra-brut-269-ml/p
1,ChangoMás,espumoso,Espumante Mumm Cuvee Extra Brut 269ml,Mumm,3939,3939,https://www.masonline.com.ar/espumante-mumm-cuvee-extra-brut-269ml-2/p
1,Jumbo,espumoso,Espumante Mumm Cuvee Reserve Brut Nature 750 Ml,MUMM,14450,14450,https://www.jumbo.com.ar/espumante-mumm-cuvee-brut-nature-750-ml/p
1,ChangoMás,espumoso,Espumante Mumm Leger 269 Ml,Mumm,3939,3939,https://www.masonline.com.ar/espumante-mumm-leger-269-ml/p
1,Jumbo,espumoso,Espumante Mumm Léger Rosé 269 Cc,MUMM,3950,3950,https://www.jumbo.com.ar/espumante-mumm-cuveee-res-brut-rose-lata-269cc/p
1,Jumbo,espumoso,Espumante Mumm Léger Sabor Naranja y Hierbas 269 Cc x 24 Un,MUMM,4250,4250,https://www.jumbo.com.ar/espumante-mumm-leger-lata-269cc/p
1,Jumbo,espumoso,Espumante Mumm Léger Spritz 269 Ml,MUMM,4250,4250,https://www.jumbo.com.ar/espumante-mumm-leger-spritz-269-ml/p
1,ChangoMás,espumoso,Espumante Mumm Leger Spritz 269ml,Mumm,3939,3939,https://www.masonline.com.ar/espumante-mumm-leger-spritz-269ml-2/p
1,Jumbo,espumoso,Espumante Mumm Léger Spritz Demi Sec 750 Ml,MUMM,11850,11850,https://www.jumbo.com.ar/espumante-mumm-leger-spritz-750-ml/p
1,ChangoMás,espumoso,Espumante Mumm Rose 269 Ml,Mumm,3939,3939,https://www.masonline.com.ar/espumante-mumm-rose-269-ml/p
1,Jumbo,espumoso,Espumante Navarro Correas Brut Rosé 750 Cc,NAVARRO CORREAS,14000,14000,https://www.jumbo.com.ar/espumante-navarro-correas-brut-rose-750cc/p
1,Jumbo,espumoso,Espumante Navarro Correas Dulce 750 Cc,NAVARRO CORREAS,14000,14000,https://www.jumbo.com.ar/espumante-navarro-correas-dulce-750cc/p
1,ChangoMás,espumoso,Espumante Navarro Correas Dulce Dolores 750 Ml,Navarro Correas,,,https://www.masonline.com.ar/espumante-dulce-dolores-navarro-correas-x750ml-2/p
1,Jumbo,espumoso,Espumante Navarro Correas Spark E Brut 187x4,NAVARRO CORREAS,396,396,https://www.jumbo.com.ar/espumante-navarro-correas-spark-e-brut-187x4/p
1,Jumbo,espumoso,Espumante Navarro Correas Spark E Brut X187ml,NAVARRO CORREAS,4150,4150,https://www.jumbo.com.ar/espumante-navarro-correas-spark-e-brut-x187ml/p
1,Jumbo,espumoso,Espumante Navarro Correas Sparkling Ebrut 1500 Ml,NAVARRO CORREAS,,,https://www.jumbo.com.ar/espumante-navarro-correas-sparkling-ebrut-1500-ml/p
1,ChangoMás,espumoso,Espumante Nebiolo 750ml,Dante Robino,,,https://www.masonline.com.ar/espumante-nebiolo-amable-robino-750-cc-2/p
1,Jumbo,espumoso,Espumante Nicasia Dulce 750 Cc,NICASIA,10621,10621,https://www.jumbo.com.ar/espumante-nicasia-dulce-750-cc/p
1,ChangoMás,espumoso,Espumante Nieto Seneteiner Brut 750 Ml,Nieto Senetiner,,,https://www.masonline.com.ar/espumante-nieto-seneteiner-brut-750-ml/p
1,Jumbo,espumoso,Espumante Nieto Senetiner Grand Cuvée Brut Nature 750 Cc,NIETO & SENETINER,23800,23800,https://www.jumbo.com.ar/espumante-nieto-senetiner-brut-nature-750cc/p
1,Jumbo,espumoso,Espumante Norton Brut Rose 750 Cc,NORTON,1607,1607,https://www.jumbo.com.ar/espumante-norton-brut-rose-750-cc/p
1,Jumbo,espumoso,Espumante Norton Gambei Extra Brut 750 Ml,NORTON,7950,7950,https://www.jumbo.com.ar/espumante-extra-brut-750-ml-gambei/p
1,ChangoMás,espumoso,Espumante Novecento Rosado 750 Ml,Novecento,,,https://www.masonline.com.ar/espumante-novecento-rosado-750-ml-2/p
1,Jumbo,espumoso,Espumante Ogio Prosecco 750 Ml,OGIO,28350,28350,https://www.jumbo.com.ar/vino-ogio-prosecco-750ml/p
1,ChangoMás,espumoso,Espumante Pascual Toso Alta Brut Natural 750 Ml,Pascual Toso,,,https://www.masonline.com.ar/espumante-pascual-toso-alta-brut-natural-750-ml/p
1,Jumbo,espumoso,Espumante Pascual Toso Alta Brut Nature Chardonnay 750 Cc,PASCUAL TOSO,24050,24050,https://www.jumbo.com.ar/espumante-alta-brut-nature-x-750-cc-pascual-toso/p
1,ChangoMás,espumoso,Espumante Pascual Toso Alta Brut Rose 750 Ml,Pascual Toso,,,https://www.masonline.com.ar/espumante-pascual-toso-alta-brut-rose-750-ml/p
1,Jumbo,espumoso,Espumante Pascual Toso Brut Nature 750 Cc,PASCUAL TOSO,316,316,https://www.jumbo.com.ar/espumante-pascual-toso-brut-nature-750-cc/p
1,ChangoMás,espumoso,Espumante Pascual Toso Dulce 750 Ml,Pascual Toso,,,https://www.masonline.com.ar/espumante-pascual-toso-dulce-750-ml/p
1,Jumbo,espumoso,Espumante Pascual Toso Extra Brut Chardonnay 750 Cc,PASCUAL TOSO,15650,15650,https://www.jumbo.com.ar/espumante-pascual-toso-extra-brut-750cc/p
1,ChangoMás,espumoso,Espumante Pascual Toso Rose Brut 750 Ml,Pascual Toso,,,https://www.masonline.com.ar/espumante-pascual-toso-rose-brut-750-ml/p
1,Jumbo,espumoso,Espumante Perro Callejero Extra Brut Rosé Pinot Noir 750 Cc,PERRO,10700,10700,https://www.jumbo.com.ar/espumante-perro-callejero-extra-brut-rose-750-cc/p
1,Jumbo,espumoso,Espumante Philippe Caraguel Extra Brut 750 Cc,PHILIPPE,19950,19950,https://www.jumbo.com.ar/espumante-extra-brut-x-750-cc-philippe-caraguel/p
1,Jumbo,espumoso,Espumante Philippe Caraguel Extra Brut Rosé Pinot Noir 750 Cc,PHILIPPE,19950,19950,https://www.jumbo.com.ar/espumante-extra-brut-rosado-x-750-cc-philippe-caraguel/p
1,Jumbo,espumoso,Espumante Piatelli Brut Nature 750 Cc,PIATELLI,34350,34350,https://www.jumbo.com.ar/espumante-brut-nature-x-750-cc-piatelli/p
1,Jumbo,espumoso,Espumante Pommery Brut Royal 1500ml,POMMERY,23816,23816,https://www.jumbo.com.ar/espumante-pommery-brut-royal-1500ml/p
1,Jumbo,espumoso,Espumante Postales Extra Brut-bot-cc.-750,POSTALES,82,82,https://www.jumbo.com.ar/espumante-postales-extra-brut-bot-cc-750/p
1,Jumbo,espumoso,Espumante Progenie Extra Brut,PROGENIE,1573,1573,https://www.jumbo.com.ar/espumante-progenie-extra-brut/p
1,Jumbo,espumoso,Espumante Progenie Extra Brut Rose 750 Ml,PROGENIE,13500,13500,https://www.jumbo.com.ar/espumante-progenie-extra-brut-rose-750-ml/p
1,Jumbo,espumoso,Espumante Prosecco Martini-bot-cc.-750,MARTINI,107,107,https://www.jumbo.com.ar/espumante-prosecco-martini/p
1,Jumbo,espumoso,Espumante Putruele Rose Dulce 750 Cc,PUTRUELE,1982,1982,https://www.jumbo.com.ar/espumante-putruele-rose-dulce-750-cc/p
1,Jumbo,espumoso,Espumante Putruele Tardío de Abril 750 Ml,PUTRUELE,10300,10300,https://www.jumbo.com.ar/espumante-putruele-tardio-de-abril-750-ml-2/p
1,ChangoMás,espumoso,Espumante Putruele Tardio De Abril Dulce Natural 750 Ml,Putruele,,,https://www.masonline.com.ar/espumante-putruele-tardio-de-abril-dulce-natural-750-ml/p
1,ChangoMás,espumoso,Espumante Rosado Maria Codorniu Brut Rose 750 Ml,Maria Codorniu,,,https://www.masonline.com.ar/espumante-rosado-maria-codorniu-brut-rose-750-ml/p
1,Jumbo,espumoso,Espumante Rosell Boher Brut 750 Cc,ROSELL BOHER,50850,50850,https://www.jumbo.com.ar/champana-rosell-boher-brut-estuche-750-cc/p
1,Jumbo,espumoso,Espumante Rosell Boher Rosé Pinot Noir 750 Cc,ROSELL BOHER,62500,62500,https://www.jumbo.com.ar/espumante-rose-x-750-cc-rosell-boher/p
1,Jumbo,espumoso,Espumante Rutini Extra Brut 750 Cc,RUTINI,33000,33000,https://www.jumbo.com.ar/espumante-rutini-extra-brut-750cc/p
1,Jumbo,espumoso,Espumante Salentein Blanc De Blanc 750cc,SALENTEIN,2463,2463,https://www.jumbo.com.ar/espumante-salentein-blanc-de-blanc-750cc/p
1,Jumbo,espumoso,Espumante Salentein Brut Nature Bot-1500cc,SALENTEIN,2080,2080,https://www.jumbo.com.ar/espumante-salentein-brut-nature-bot-1500cc/p
1,Jumbo,espumoso,Espumante Salentein Brut Nature con Estuche 750 Ml,SALENTEIN,19900,19900,https://www.jumbo.com.ar/espumante-salentein-brut-nature-est/p
1,Jumbo,espumoso,Espumante Salentein Cuvée Spéciale Extra Brut 750 Ml,SALENTEIN,15600,15600,https://www.jumbo.com.ar/espumante-salentein-extra-brut-750-ml/p
1,Jumbo,espumoso,Espumante Salentein Cuvée Spéciale Extra Brut con Estuche 750 Ml,SALENTEIN,19050,19050,https://www.jumbo.com.ar/espumante-salentein-extra-brut-est/p
1,ChangoMás,espumoso,Espumante San Telmo Ext Brut 750 Ml,San Telmo,7529,7529,https://www.masonline.com.ar/espumante-san-telmo-ext-brut-750-ml-2/p
1,Jumbo,espumoso,Espumante San Telmo Extra Brut 750 Ml,SAN TELMO,7150,7150,https://www.jumbo.com.ar/espumante-extra-brut-750-ml-san-telmo/p
1,Jumbo,espumoso,Espumante San Telmo Sparkling Extra Dulce 750cc,SAN TELMO,7500,7500,https://www.jumbo.com.ar/espumante-san-telmo-sparkling-extra-dulce-750cc/p
1,Jumbo,espumoso,Espumante Santa Julia Cuvée Chardonnay y Pinot Noir 750 Ml,SANTA JULIA,13700,13700,https://www.jumbo.com.ar/espumante-santa-julia-cuve-750-ml/p
1,Jumbo,espumoso,Espumante Santa Julia Dulce Natural 750 Ml,SANTA JULIA,15000,15000,https://www.jumbo.com.ar/espumante-julia-dulce-natural-750-ml/p
1,Jumbo,espumoso,Espumante Schroeder  Brut Nature X 75 Cl-bot-cc.-750,SIN MARCA,355,355,https://www.jumbo.com.ar/espumante-schroeder-brut-nature-x-75-cl-bot-cc-750/p
1,Jumbo,espumoso,Espumante Segura Viudas Reserva Brut 750 Cc,SEGURA VIUDAS,929,929,https://www.jumbo.com.ar/espumante-segura-viudas-reserva-brut-750-cc/p
1,ChangoMás,espumoso,Espumante Signum Extra Brut 750 Ml,Signum,8909,8909,https://www.masonline.com.ar/espumante-signum-extra-brut-750-ml/p
1,ChangoMás,espumoso,Espumante Suter Extra Brut 750ml,Suter,7529,7529,https://www.masonline.com.ar/espumante-suter-extra-brut-750ml-2/p
1,Jumbo,espumoso,Espumante Sweet Aime X 750,AIMÉ,625,625,https://www.jumbo.com.ar/espumante-sweet-aime-x-750/p
1,Jumbo,espumoso,Espumante Sweet Rose Aime X 750,AIMÉ,232,232,https://www.jumbo.com.ar/espumante-sweet-rose-aime-x-750/p
1,Jumbo,espumoso,Espumante Tocornal Extra Brut X 750 Cc,TOCORNAL,127,127,https://www.jumbo.com.ar/espumante-tocornal-extra-brut-x-750-cc/p
1,Jumbo,espumoso,Espumante Trapiche Allegro 750 Cc,TRAPICHE,162,162,https://www.jumbo.com.ar/espumante-trapiche-allegro-750-cc/p
1,Jumbo,espumoso,Espumante Trumpeter Brut Nature 750cc,TRUMPETER,15300,15300,https://www.jumbo.com.ar/espumante-trumpeter-brut-nature-750cc/p
1,Jumbo,espumoso,Espumante Trumpeter Extra Brut 750 Cc,TRUMPETER,13500,13500,https://www.jumbo.com.ar/champana-trumpeter-extra-brut-750-cc/p
1,Jumbo,espumoso,Espumante Trumpeter Rosé de Malbec 750 Cc,TRUMPETER,14200,14200,https://www.jumbo.com.ar/champana-trumpeter-rose-750-cc/p
1,Jumbo,espumoso,Espumante Unlimited Rosé Extra Dulce X 750 Ccfederico De Alvear,FEDERICO DE ALVEAR,7567,7567,https://www.jumbo.com.ar/espumante-unlimited-rose-extra-dulce-x-750-ccfederico-de-alvear/p
1,Jumbo,espumoso,Espumante Uxmal Extra Brut 750 Cc,UXMAL,537,537,https://www.jumbo.com.ar/espumante-uxmal-extra-brut-750-cc/p
1,Jumbo,espumoso,Espumante Veuve Clicquot Arrow Ed.limitada,VEUVE CLICQUOT,2164,2164,https://www.jumbo.com.ar/espumante-veuve-clicquot-arrow-ed-limitada/p
1,Jumbo,espumoso,Espumante Veuve Clicquot Rich-bot-cc.-750,VEUVE CLICQUOT,208700,208700,https://www.jumbo.com.ar/espumante-veuve-clicquot-rich-bot-cc-750/p
1,ChangoMás,espumoso,Espumante Wampa Dulce Natural 750 Ml,Wampa,,,https://www.masonline.com.ar/espumante-wampa-dulce-natural-750-ml/p
1,Jumbo,espumoso,Espumante X Dulce 750 Cc,X,138,138,https://www.jumbo.com.ar/espumante-x-dulce-750-cc/p
1,Jumbo,espumoso,Espumoso Tardío X 750 Cc Callia,CALLIA,11067,11067,https://www.jumbo.com.ar/espumoso-tardio-x-750-cc-callia/p
1,Jumbo,espumoso,Estuche Champa¤a Omnium,OMNIUM,70,70,https://www.jumbo.com.ar/estuche-champana-omnium-290355/p
1,Jumbo,espumoso,Estuche Chandon Extra Brut Ed. Limitada Eoy 20,CHANDON,5291,5291,https://www.jumbo.com.ar/estuche-chandon-extra-brut-ed-limitada-eoy-20/p
1,Jumbo,espumoso,Estuche Espumante Brut Nature Nieto Senetiner X750 Ml,NIETO & SENETINER,58,58,https://www.jumbo.com.ar/estuche-espumante-brut-nature-nieto-senetiner-x750-ml/p
1,Jumbo,espumoso,Estuche Espumante Extra Brut Emilia X750 Ml,EMILIA,136,136,https://www.jumbo.com.ar/estuche-espumante-extra-brut-emilia-x750-ml/p
1,Jumbo,espumoso,Four Pack Santa Julia Extra Brut X 4 Uni De 187cc-pck-un.-4,SANTA JULIA,0,0,https://www.jumbo.com.ar/four-pack-santa-julia-extra-brut-x-4-uni-de-187cc/p
1,Jumbo,espumoso,Frizante Bubble Mood X 1000 Cc Frizze,FRIZZE,4450,4450,https://www.jumbo.com.ar/frizante-bubble-mood-x-1000-cc-frizze/p
1,Jumbo,espumoso,Frizante Frizze Clasicc Tinto    Bot-750-cc.,FRIZZE,67,67,https://www.jumbo.com.ar/frizante-frizze-clasicc-tinto-bot-750-cc/p
1,Jumbo,espumoso,Frizante New Age White Sleeve 750cc,NEW AGE,1400,1400,https://www.jumbo.com.ar/frizante-new-age-white-sleeve-750cc/p
1,Jumbo,espumoso,Frizzante Sabor Pomelata 1000 Cc Frizze,FRIZZE,3900,3900,https://www.jumbo.com.ar/frizante-frizze-italian-pomelata-new-1000cc/p
1,Jumbo,espumoso,Frizze Blue Frost-bot-cc.-750,FRIZZE,98,98,https://www.jumbo.com.ar/frizze-blue-frost-bot-cc-750/p
1,Jumbo,espumoso,Frizze Evolution Blue 1 L,FRIZZE,168,168,https://www.jumbo.com.ar/frizze-evolution-blue-1-l/p
1,Jumbo,espumoso,Frizze Italian Limonata 750 Cc,FRIZZE,98,98,https://www.jumbo.com.ar/frizze-italian-limonata-750-cc/p
1,ChangoMás,espumoso,Frutillita Fiesta Sin Alcohol Para Niños 1 L,Fiesta,,,https://www.masonline.com.ar/frutillita-fiesta-sin-alcohol-para-ninos-1-l/p
1,Winery,espumoso,FUEGO BLANCO ESPUMANTE CHARMAT LUNGO &#8211; Caja x 6 X 750 ML,,0,0,https://tiendadevinos.ar/fuego-blanco-espumante-charmat-lungo-caja-x-6-x-750-ml/
1,Jumbo,espumoso,Gancia Italian Dolce-bot-cc.-750,MARTINI,68,68,https://www.jumbo.com.ar/gancia-italian-dolce/p
1,Jumbo,espumoso,Gancia Italian Secco-bot-cc.-750,MARTINI,69,69,https://www.jumbo.com.ar/gancia-italian-secco/p
1,Jumbo,espumoso,Gift Pack Santa Julia 2exbrut+1 Chenin-pck-un.-3,SANTA JULIA,161,161,https://www.jumbo.com.ar/gift-pack-santa-julia-2exbrut-1-chenin-pck-un-3-2/p
1,Jumbo,espumoso,Krug Grande Cuvée 750 Ml,SIN MARCA,793400,793400,https://www.jumbo.com.ar/krug-grande-cuvee-750-ml/p
1,Jumbo,espumoso,Lata Champaña Norton Cosecha Especial Extra Brut 750 Ml X  1,NORTON,106,106,https://www.jumbo.com.ar/lata-champana-norton-cosecha-especial-extra-brut-750-ml-x-1/p
1,ChangoMás,espumoso,Lata Dilema Sparkly Pink 269 Cc,Generico,,,https://www.masonline.com.ar/lata-dilema-sparkly-pink-269-cc-2/p
1,ChangoMás,espumoso,Lata Dilema Sparkly White 269 Cc,Dilema,,,https://www.masonline.com.ar/lata-dilema-sparkly-white-269-cc-2/p
1,Jumbo,espumoso,Lpqtp Espumante V750 Ow X6,DANTE ROBINO,487,487,https://www.jumbo.com.ar/lpqtp-espumante-v750-ow-x6/p
1,Winery,espumoso,LUIGI BOSCA ESPUMANTE BRUT NATURE &#8211; Caja x 6 X 750ML,,21199,21199,https://tiendadevinos.ar/luigi-bosca-espumante-brut-nature-caja-x-6-x-750ml/
1,ChangoMás,espumoso,Manzana Fiesta De Los Niños Cars,Generico,,,https://www.masonline.com.ar/manzana-fiesta-de-los-ninos-cars-2/p
1,ChangoMás,espumoso,Manzana Fiesta Fizz Sin Alcohol 710 Ml,Fiesta,,,https://www.masonline.com.ar/manzana-fiesta-fizz-sin-alcohol-710-ml/p
1,ChangoMás,espumoso,Manzana Fizz Fiesta Sin Alcohol Para Niños 1 L,Fiesta,,,https://www.masonline.com.ar/manzana-fizz-fiesta-sin-alcohol-para-ninos-1-l/p
1,Jumbo,espumoso,Navarro Correas Sparkling Grand Cuvee  X 750 Cc,SALENTEIN,1964,1964,https://www.jumbo.com.ar/navarro-correas-sparkling-grand-cuvee-x-750-cc/p
1,Jumbo,espumoso,Novecento Esp Extra Dulce Night 750cc X6,NOVECENTO,5350,5350,https://www.jumbo.com.ar/novecento-esp-extra-dulce-night-750cc-x6/p
1,Jumbo,espumoso,Oroujo Martin Codax Bco,OROUYO MARTIN CODAS,103,103,https://www.jumbo.com.ar/oroujo-martin-codax-bco/p
1,Jumbo,espumoso,Pascual Toso Extra Brut Con Copa,PASCUAL TOSO,146,146,https://www.jumbo.com.ar/pascual-toso-extra-brut-con-copa/p
1,Jumbo,espumoso,Perrier-jouët Champagne Francés Belle Epoque 2007 Botella De 750 Ml,PERRIER,997,997,https://www.jumbo.com.ar/champana-perrier-jouet-extra-brut/p
1,Winery,espumoso,PETIT FLEUR BRUT NATURE &#8211; Caja x 6 X 750ML,,0,0,https://tiendadevinos.ar/petit-fleur-brut-nature-caja-x-6-x-750ml/
1,ChangoMás,espumoso,Pyrus Sidra Manzana 473cc,Generico,,,https://www.masonline.com.ar/pyrus-sidra-manzana-473cc-2/p
1,Jumbo,espumoso,Reservado Concha Y Toro Extra Brut X 750 Cc,CONCHA Y TORO,44,44,https://www.jumbo.com.ar/reservado-concha-y-toro-extra-brut-x-750-cc/p
1,ChangoMás,espumoso,Sidra 1888 500cc,1888,,,https://www.masonline.com.ar/sidra-1888-500cc-2/p
1,ChangoMás,espumoso,Sidra 1888 Botanica 750 Ml,1888,,,https://www.masonline.com.ar/sidra-1888-botanica-750-ml/p
1,ChangoMás,espumoso,Sidra 1888 Saenz Briones 473ml,Saenz Briones,,,https://www.masonline.com.ar/sidra-1888-saenz-briones-473ml-2/p
1,ChangoMás,espumoso,Sidra 1888 Saenz Briones Rose 473 Ml,Saenz Briones,,,https://www.masonline.com.ar/sidra-1888-saenz-briones-rose-473ml-2/p
1,ChangoMás,espumoso,Sidra 1930 Rose 355ml Pack 6 Unidades,1930,,,https://www.masonline.com.ar/sidra-1930-rose-355ml-2/p
1,ChangoMás,espumoso,Sidra 1930 Rosé Saccani 750 Ml,Saccani,,,https://www.masonline.com.ar/sidra-1930-rose-ow-750ml-2/p
1,ChangoMás,espumoso,Sidra 1930 Saccani Cosecha Especial 500 Ml,Sidra Saccani,,,https://www.masonline.com.ar/sidra-1930-saccani-cosecha-especial-500-ml-2/p
1,ChangoMás,espumoso,Sidra 1930 Saccani Del Valle 750 Ml,Saccani,,,https://www.masonline.com.ar/sidra-1930-saccani-del-valle-720-cc-2/p
1,ChangoMás,espumoso,Sidra 1930 Saccani Dolce 500 Ml,Sidra Saccani,,,https://www.masonline.com.ar/sidra-1930-saccani-dolce-500-ml-2/p
1,ChangoMás,espumoso,Sidra 1930 Saccani Pera 750ml,Sidra Saccani,,,https://www.masonline.com.ar/sidra-1930-saccani-pera-750ml-2/p
1,ChangoMás,espumoso,Sidra Anana Fizz Corcho Real 750 Cc,Real,,,https://www.masonline.com.ar/sidra-anana-fizz-corcho-real-750-cc-2/p
1,ChangoMás,espumoso,Sidra Anana Fizz Real 720 Cc,Real,,,https://www.masonline.com.ar/sidra-anana-fizz-real-720-cc-2/p
1,ChangoMás,espumoso,Sidra Artesanal Pyrus Cider 500 Cc.,Pyrus,,,https://www.masonline.com.ar/sidra-artesanal-pyrus-cider-500-cc-2/p
1,ChangoMás,espumoso,Sidra Artesanal Pyrus Pear X 500 Cc,Pyrus,,,https://www.masonline.com.ar/sidra-artesanal-pyrus-pear-x-500-cc-2/p
1,ChangoMás,espumoso,Sidra Blanca Del Valle 710 Cc,Del Valle,3700,3700,https://www.masonline.com.ar/sidra-blanca-del-valle-710-cc-2/p
1,ChangoMás,espumoso,Sidra Cider Pyrus 750ml,Pyrus,,,https://www.masonline.com.ar/sidra-cider-pyrus-750ml-2/p
1,ChangoMás,espumoso,Sidra Citrus Real 473ml,Real,,,https://www.masonline.com.ar/sidra-citrus-real-473ml-2/p
1,ChangoMás,espumoso,Sidra De Manzana La Victoria 720ml,La Victoria,3629,3629,https://www.masonline.com.ar/sidra-de-manzana-la-victoria-720-cc-2/p
1,ChangoMás,espumoso,Sidra De Pera Pyrus 750 Ml,Pyrus,,,https://www.masonline.com.ar/sidra-de-pera-pyrus-750ml-2/p
1,ChangoMás,espumoso,Sidra Del Valle  720 Ml,Del Valle,3569,3569,https://www.masonline.com.ar/sidra-del-valle-720-ml-2/p
1,ChangoMás,espumoso,Sidra Del Valle Durazno Fizz 720 Cc,Del Valle,,,https://www.masonline.com.ar/sidra-del-valle-durazno-fizz-720-cc-2/p
1,ChangoMás,espumoso,Sidra Del Valle Fresa Fizz 473ml,Del Valle,,,https://www.masonline.com.ar/sidra-del-valle-fresa-fizz-473ml-2/p
1,ChangoMás,espumoso,Sidra Del Valle Gold 750 Ml,Del Valle,5550,5550,https://www.masonline.com.ar/sidra-del-valle-gold-750-ml-2/p
1,ChangoMás,espumoso,Sidra Del Valle Sabor Fresa 710 Ml,Del Valle,,,https://www.masonline.com.ar/sidra-del-valle-sabor-fresa-710-cc-2/p
1,ChangoMás,espumoso,Sidra Del Valle Sin Alcohol 720 Ml,Del Valle,,,https://www.masonline.com.ar/sidra-del-valle-sin-alcohol-720-ml-2/p
1,ChangoMás,espumoso,Sidra En Estuche Pyrus Pear Patagonia Argentina 750ml + 2 Vasos,Pyrus,,,https://www.masonline.com.ar/sidra-en-estuche-pyrus-pear-patagonia-argentina-750ml-2-vasos-2/p
1,ChangoMás,espumoso,Sidra En Lata Del Valle 473 Cc.,Del Valle,,,https://www.masonline.com.ar/sidra-en-lata-del-valle-473-cc-2/p
1,ChangoMás,espumoso,Sidra Fiestita Sin Alcohol Para Niños Anana 1 L,Generico,,,https://www.masonline.com.ar/sidra-fiestita-sin-alcohol-para-ninos-anana-1-l/p
1,ChangoMás,espumoso,Sidra Fiestita Sin Alcohol Sabor Frutilla 1 L,Fiestita,,,https://www.masonline.com.ar/sidra-fiestita-sin-alcohol-sabor-frutilla-1-l/p
1,ChangoMás,espumoso,Sidra Fresas La Victoria 720cc,La Victoria,,,https://www.masonline.com.ar/sidra-fresas-la-victoria-720cc-2/p
1,ChangoMás,espumoso,Sidra Frutada Patagonia 750ml,Patagonia,,,https://www.masonline.com.ar/sidra-frutada-patagonia-750ml-2/p
1,ChangoMás,espumoso,Sidra Frutita Sin Alcohol Para Niños 1 L,Genérico,,,https://www.masonline.com.ar/sidra-frutita-sin-alcohol-para-ninos-1-l-2/p
1,ChangoMás,espumoso,Sidra La Romeria 720 Ml 1u,La Romeria,,,https://www.masonline.com.ar/sidra-la-romeria-720cc-e-b-2/p
1,ChangoMás,espumoso,Sidra Negra Real 750 Ml,Real,,,https://www.masonline.com.ar/sidra-negra-real-750cc-2/p
1,ChangoMás,espumoso,Sidra Pehuenia Dry 500 Ml,Pehuenia,,,https://www.masonline.com.ar/sidra-pehuenia-dry-500ml-2/p
1,ChangoMás,espumoso,Sidra Pehuenia Extracto Vegetal Jengibre 473 Ml,Pehuenia,,,https://www.masonline.com.ar/sidra-pehuenia-extracto-vegetal-jengibre-473ml-2/p
1,ChangoMás,espumoso,Sidra Pehuenia Ginger De Jengibre 473 Ml,Pehuenia,,,https://www.masonline.com.ar/sidra-pehuenia-ginger-de-jengibre-473-ml/p
1,ChangoMás,espumoso,Sidra Pera Pyrus 473 Cc,Pyrus,,,https://www.masonline.com.ar/sidra-pera-pyrus-473-cc-2/p
1,Winery,espumoso,SIDRA PULKU MANZANA DULCE &#8211; 12 X 355ML,,0,0,https://tiendadevinos.ar/sidra-pulku-manzana-dulce-12-x-355ml/
1,Winery,espumoso,SIDRA PULKU MANZANA DULCE &#8211; 6 X 750ML,,0,0,https://tiendadevinos.ar/sidra-pulku-manzana-dulce-6-x-750ml/
1,Winery,espumoso,SIDRA PULKU MANZANA SECA &#8211; 6 X 750ML,,0,0,https://tiendadevinos.ar/sidra-pulku-manzana-seca-6-x-750ml/
1,Winery,espumoso,SIDRA PULKU PERA &#8211; 6 X 750ML,,2560,2560,https://tiendadevinos.ar/sidra-pulku-pera-6-x-750ml/
1,Winery,espumoso,SIDRA PULKU SAUCO &#8211; 6 X 750ML,,0,0,https://tiendadevinos.ar/sidra-pulku-sauco-6-x-750ml/
1,ChangoMás,espumoso,Sidra Rama Caida Demi Sec 710 Ml,Rama Caída,,,https://www.masonline.com.ar/sidra-rama-caida-demi-sec-710-ml/p
1,ChangoMás,espumoso,Sidra Rama Caida Fresa Fizz 710 Ml,Rama Caída,,,https://www.masonline.com.ar/sidra-rama-caida-fresa-fizz-710-ml/p
1,ChangoMás,espumoso,Sidra Rama Caida Oro Premium 710 Ml,Generico,,,https://www.masonline.com.ar/sidra-rama-caida-oro-premium-710-ml/p
1,ChangoMás,espumoso,Sidra Real Blanca 750cc,Real,,,https://www.masonline.com.ar/sidra-real-blanca-750cc-2/p
1,ChangoMás,espumoso,Sidra Real Citrus 473 Ml,Real,,,https://www.masonline.com.ar/sidra-real-citrus-473-ml/p
1,ChangoMás,espumoso,Sidra Reina España 720ml,Reina España,,,https://www.masonline.com.ar/sidra-reina-espana-720-cc-2/p
1,ChangoMás,espumoso,Sidra Sabor Anana Del Valle 710 Cc,Del Valle,,,https://www.masonline.com.ar/sidra-sabor-anana-del-valle-710-cc-2/p
1,ChangoMás,espumoso,Sidra Saccani 1930 Demi Sec 355 Cc,Sidra Saccani,,,https://www.masonline.com.ar/sidra-saccani-1930-demi-sec-355-cc-2/p
1,ChangoMás,espumoso,Sidra Saccani 1930 Dolce 355 Cc,Sidra Saccani,,,https://www.masonline.com.ar/sidra-saccani-1930-dolce-355-cc-2/p
1,ChangoMás,espumoso,Sidra Saccani 1930 Dolce 355 Cc X 6 Un,Sidra Saccani,,,https://www.masonline.com.ar/sidra-saccani-1930-dolce-355-cc-x-6-un-2/p
1,ChangoMás,espumoso,Sidra Saccani 1930 Pera 355 Cc,Sidra Saccani,,,https://www.masonline.com.ar/sidra-saccani-1930-pera-355-cc-2/p
1,ChangoMás,espumoso,Sidra Saccani Sabor Pera 1930 355ml 6u,Saccani,,,https://www.masonline.com.ar/sidra-pera-saccani-1930-355-cc-2/p
1,ChangoMás,espumoso,Sidra Saenz Briones 1888 Rose 750 Ml,1888,,,https://www.masonline.com.ar/sidra-saenz-briones-1888-rose-750-ml-2/p
1,ChangoMás,espumoso,Sidra Sin Alcohol Disney Pet Multifruta 710 Cc,Disney,,,https://www.masonline.com.ar/sidra-sin-alcohol-disney-pet-multifruta-710-cc-2/p
1,ChangoMás,espumoso,Sidra Sin Alcohol Fiesta De Los Niños Ananá 1 Lt,Fiesta de los Niños,,,https://www.masonline.com.ar/sidra-sin-alcohol-fiesta-de-los-ninos-anana-1-lt-2/p
1,ChangoMás,espumoso,Sidra Sin Alcohol Manzana Disney 710cc,Generico,,,https://www.masonline.com.ar/sidra-sin-alcohol-manzana-disney-710cc-2/p
1,Jumbo,espumoso,Snob Fresh-bot-cc.-750,SNOB,,,https://www.jumbo.com.ar/snob-fresh-bot-cc-750-2/p
1,Jumbo,espumoso,Snob Rouge-bot-cc.-750,SNOB,,,https://www.jumbo.com.ar/snob-rouge-bot-cc-750-2/p
1,Jumbo,espumoso,Snob-bot-cc.-750,SNOB,55,55,https://www.jumbo.com.ar/snob/p
1,Winery,espumoso,SUSCRIPCIÓN MENSUAL: CAVA DEGUSTACIÓN,,0,0,https://tiendadevinos.ar/suscripcion-mensual-cava-degustacion/
1,Winery,espumoso,SUSCRIPCIÓN MENSUAL: CAVA EXCLUSIVA,,0,0,https://tiendadevinos.ar/suscripcion-mensual-cava-exclusiva/
1,Winery,espumoso,TRIVENTO ESPUMANTE BRUT NATURE &#8211; Caja x 6 X 750 ML,,0,0,https://tiendadevinos.ar/trivento-espumante-brut-nature-caja-x-6-x-750-ml/
1,Jumbo,espumoso,Vino Atilio Avena Blanco 750 Cc,ATILIO AVENA,19,19,https://www.jumbo.com.ar/vino-atilio-avena-blanco-clasico-botella-750-cc/p
1,Jumbo,espumoso,Vino B&m Espumante  750ml,B&M,3644,3644,https://www.jumbo.com.ar/vino-b-m-espumante-750ml-2/p
1,Jumbo,espumoso,Vino Blanco Canoso Chardonnay Altamira,ALTAMIRA,20750,20750,https://www.jumbo.com.ar/vino-blanco-canoso-chardonnay-altamira/p
1,ChangoMás,espumoso,Vino Blanco Dulce New Age Lata 269 Cc,New Age,,,https://www.masonline.com.ar/vino-blanco-dulce-new-age-lata-269-cc-2/p
1,Jumbo,espumoso,Vino Blanco Frizze Evolution Cocktail 750 Cc,FRIZZE,75,75,https://www.jumbo.com.ar/vino-blanco-frizze-evolution-cocktail-750-cc/p
1,Jumbo,espumoso,Vino Blanco Frizze Evolution Ultra Blue 750 Cc,FRIZZE,98,98,https://www.jumbo.com.ar/vino-blanco-frizze-evolution-ultra-blue-750-cc/p
1,Jumbo,espumoso,Vino Blanco Frizze New Touch Anana Dulce 750 Cc,FRIZZE,73,73,https://www.jumbo.com.ar/frizze-new-touch-anana-dulce/p
1,Jumbo,espumoso,Vino Blanco Frizze New Touch Durazno Dulce 750 Cc,FRIZZE,78,78,https://www.jumbo.com.ar/frizze-new-touch-durazno-dulce/p
1,Jumbo,espumoso,Vino Bonomo Montiel Espumante 750ml,B&M,11450,11450,https://www.jumbo.com.ar/vino-bonomo-montiel-espumante-750ml/p
1,Jumbo,espumoso,Vino Crispy,CRISPI,29,29,https://www.jumbo.com.ar/vino-crispy/p
1,Jumbo,espumoso,Vino Cruz Diablo Freez Blanco,SIN MARCA,13,13,https://www.jumbo.com.ar/vino-cruz-diablo-freez-blanco-290834/p
1,Jumbo,espumoso,Vino Dante Robino Gamba Rosso Botella 750mlx1,ROBINO,3200,3200,https://www.jumbo.com.ar/vino-dante-robino-gamba-rosso-botella-750mlx1/p
1,Jumbo,espumoso,Vino Dante Robino Nebiolo Amable Botella 750mlx1,ROBINO,3500,3500,https://www.jumbo.com.ar/vino-dante-robino-nebiolo-amable-botella-750mlx1/p
1,Jumbo,espumoso,Vino Dulce Natural Chardonnay Viognier Partridge 750 Cc,PARTRIDGE,8400,8400,https://www.jumbo.com.ar/vino-chardonnay-viognier-dulce-natural-750-cc-partridge/p
1,Jumbo,espumoso,Vino Esp Finca El Retiro Ext Br X 750ml,TITTARELLI,37,37,https://www.jumbo.com.ar/vino-esp-finca-el-retiro-ext-br-x-750ml/p
1,ChangoMás,espumoso,Vino Espumante 7 Sweet Sparkling Dada 750ml,Dada,10829,10829,https://www.masonline.com.ar/vino-espumante-7-sweet-sparkling-dada-750cc-2/p
1,Jumbo,espumoso,Vino Espumante Animal Tinto Bot 750 Cc.,ANIMAL,130,130,https://www.jumbo.com.ar/vino-espumante-animal-tinto-bot-750-cc/p
1,Jumbo,espumoso,Vino Espumante Bess Blanco X 750cc   Bot 750 Cc.,BESS,29,29,https://www.jumbo.com.ar/vino-espumante-bess-blanco-x-750-ml/p
1,Jumbo,espumoso,Vino Espumante Bess X  750cc Melón  Bot 750 Cc.,BESS,24,24,https://www.jumbo.com.ar/cocktail-gasificado-bess-melon/p
1,Jumbo,espumoso,Vino Espumante Bess X 750cc Durazno  Bot 750 Cc.,BESS,30,30,https://www.jumbo.com.ar/cocktail-gasificado-bess-durazno/p
1,ChangoMás,espumoso,Vino Espumante Brut Luigi Bosca 750cc,Luigi Bosca,,,https://www.masonline.com.ar/vino-espumante-brut-luigi-bosca-750cc-2/p
1,ChangoMás,espumoso,Vino Espumante Dulcet Navarro Correas 750 Ml,Navarro Correas,14129,14129,https://www.masonline.com.ar/vino-espumante-dulcet-navarro-correas-750-cc-2/p
1,ChangoMás,espumoso,Vino Espumante Extra Brut Mumm 187 Cc,Mumm,,,https://www.masonline.com.ar/vino-espumante-extra-brut-mumm-187-cc-2/p
1,ChangoMás,espumoso,Vino Espumante Extra Brut Trapiche 750ml,Trapiche,,,https://www.masonline.com.ar/vino-espumante-extra-brut-trapiche-750-cc-2/p
1,ChangoMás,espumoso,Vino Espumante Fresita 750cc,Fresita,13600,13600,https://www.masonline.com.ar/vino-espumante-fresita-750cc-2/p
1,Jumbo,espumoso,Vino Espumante Gamba Di Pernice Rosado X 750 Cc,GAMBA DI PERNICE,18,18,https://www.jumbo.com.ar/vino-espumante-gamba-di-pernice-rosado-x-750-cc-51387/p
1,Jumbo,espumoso,Vino Espumante Gato Negro   Bot 750 Cc.,GATO NEGRO,32,32,https://www.jumbo.com.ar/vino-espumante-gato-negro/p
1,ChangoMás,espumoso,Vino Espumante Grand Cuvee Nieto Senetiner 750cc,Nieto Senetiner,,,https://www.masonline.com.ar/vino-espumante-grand-cuvee-nieto-senetiner-750cc-2/p
1,Jumbo,espumoso,Vino Espumante Medici Lambrusc,MEDICI,13,13,https://www.jumbo.com.ar/vino-espumante-medici-lambrusco-reggiano-x-750-ml-245996/p
1,ChangoMás,espumoso,Vino Espumante Mum Cuvee Extra Brut 750 Cc,Mumm,11809,11809,https://www.masonline.com.ar/vino-espumante-cuvee-extra-brut-mumm-750-cc-2/p
1,Jumbo,espumoso,Vino Espumante O2 Blanco X 750 Cc-zero-sin Azúcar-bot-cc.-750,O2,,,https://www.jumbo.com.ar/vino-espumante-o2-blanco-x-750-cc-zero-sin-azucar-bot-cc-750-365241/p
1,ChangoMás,espumoso,Vino Espumante Putruele 750cc,Putruele,,,https://www.masonline.com.ar/vino-espumante-putruele-750cc-2/p
1,ChangoMás,espumoso,Vino Espumante Putruele Extrabrut 750 Cc,Putruele,,,https://www.masonline.com.ar/vino-espumante-putruele-extrabrut-750-cc-2/p
1,ChangoMás,espumoso,Vino Espumante Putruele Sweet Rose 750 Cc,Putruele,,,https://www.masonline.com.ar/vino-espumante-putruele-sweet-rose-750-cc-2/p
1,Jumbo,espumoso,Vino Espumante Salentein Champenoise 750 Ml,SALENTEIN,523,523,https://www.jumbo.com.ar/vino-espumante-salentein-champenoise-750-ml/p
1,Jumbo,espumoso,Vino Espumante Santa Florentina Torrontés X 750 Cc,SANTA FLORENTINA,26,26,https://www.jumbo.com.ar/vino-espumante-santa-florentina-torrontes-x-750-cc-2/p
1,Jumbo,espumoso,Vino Espumante Strip Tease Blanco X 750 Cc,STRIP TEASE,27,27,https://www.jumbo.com.ar/vino-espumante-strip-tease-blanco-x-750-cc/p
1,ChangoMás,espumoso,Vino Espumante Sweet Sparkling Mumm 750 Cc,Mumm,,,https://www.masonline.com.ar/vino-espumante-sweet-sparkling-mumm-750-cc-2/p
1,Jumbo,espumoso,Vino Espumoso La Vuelta Extra Dolce Rose De Malbec,LA VUELTA,385,385,https://www.jumbo.com.ar/vino-espumoso-la-vuelta-extra-dolce-rose-de-malbec/p
1,ChangoMás,espumoso,Vino Federico Alvear Sparkling Extra Dulce 750 Cc,Federico De Alvear,,,https://www.masonline.com.ar/vino-federico-alvear-sparkling-extra-dulce-750-cc-2/p
1,ChangoMás,espumoso,Vino Federico De Alvear Celebration 750 Cc,Federico De Alvear,,,https://www.masonline.com.ar/vino-federico-de-alvear-celebration-750-cc-2/p
1,Jumbo,espumoso,Vino Fino New Age Tinto,NEW AGE,36,36,https://www.jumbo.com.ar/vino-fino-new-age-tinto/p
1,Jumbo,espumoso,Vino Fino New Age Tinto Bloody Botella 750 Cc,NEW AGE,84,84,https://www.jumbo.com.ar/frizante-new-age-rosado-750-ml/p
1,Jumbo,espumoso,Vino Frizante Frizze Evolution 750 Cc,FRIZZE,103,103,https://www.jumbo.com.ar/vino-frizante-frizze-evolution-750-cc/p
1,Jumbo,espumoso,Vino Frizante Frizze Evolution Blue-bot-cc.-250,FRIZZE,17,17,https://www.jumbo.com.ar/cocktail-gasificado-frizze-evolution-blue-6-x-250/p
1,Jumbo,espumoso,Vino Frizante Frizze Evolution Cja X 6-cja-cc.-790,FRIZZE,,,https://www.jumbo.com.ar/vino-frizante-frizze-evolution-cja-x-6-cja-cc-790/p
1,Jumbo,espumoso,Vino Frizante Frizze Evolution Cja X6-cja-cc.-790,FRIZZE,438,438,https://www.jumbo.com.ar/vino-frizante-frizze-evolution-cja-x6-cja-cc-790/p
1,Jumbo,espumoso,Vino Frizante Frizze Evolution Cjax6-cja-cc.-790,FRIZZE,600,600,https://www.jumbo.com.ar/vino-frizante-frizze-evolution-cjax6-cja-cc-790/p
1,Jumbo,espumoso,Vino Frizante Frizze Evolution Green X 750 Ml C/u,FRIZZE,23,23,https://www.jumbo.com.ar/cocktail-gasificado-frizze-evolution-grenn-6-x-750/p
1,Jumbo,espumoso,Vino Frizante Frizze Evolution Orange X 750 Ml C/u,FRIZZE,38,38,https://www.jumbo.com.ar/vino-frizante-frizze-evolution-orange-x-750-ml-c-u/p
1,Jumbo,espumoso,Vino Frizante Frizze Evolution Orange-bot-cc.-250,FRIZZE,14,14,https://www.jumbo.com.ar/vino-frizante-frizze-evolution-orange-bot-cc-250-2/p
1,Jumbo,espumoso,Vino Frizee New Touch Blanco  Melon Botella 750 Cc,FRIZZE,32,32,https://www.jumbo.com.ar/frizze-new-touch-melon-dulce/p
1,Jumbo,espumoso,Vino Frizee New Touch Blanco Frutos Del Bosque Botella 750 Cc,FRIZZE,29,29,https://www.jumbo.com.ar/frizze-new-touch-frutos-del-bosque-dulce/p
1,Jumbo,espumoso,Vino Frizee New Touch Rojo Frutilla Botella 750 Cc,FRIZZE,60,60,https://www.jumbo.com.ar/vino-frizee-new-touch-rojo-frutilla-botella-750-cc/p
1,Día,espumoso,Vino Frizzé Blue Evolution 473 Ml.,FRIZZE,2647,2647,https://diaonline.supermercadosdia.com.ar/vino-frizze-blue-evolution-473-ml-267039/p
1,Jumbo,espumoso,Vino Frizze Evolution Black.,FRIZZE,39,39,https://www.jumbo.com.ar/vino-frizze-evolution-black/p
1,Jumbo,espumoso,Vino Frizze Italian Pomelata 1 L,FRIZZE,156,156,https://www.jumbo.com.ar/vino-frizze-italian-pomelata-1-l/p
1,Jumbo,espumoso,Vino Frizze New Touch Maracuyá.,FRIZZE,81,81,https://www.jumbo.com.ar/vino-frizze-new-touch-maracuya/p
1,Jumbo,espumoso,Vino New Age Revolution Orange Relax-bot-cc.-750,NEW AGE,37,37,https://www.jumbo.com.ar/cocktail-gasificado-new-age-orange-relax/p
1,Jumbo,espumoso,Vino Santa Florentina Espumante,SANTA FLORENTINA,17,17,https://www.jumbo.com.ar/vino-santa-florentina-espumante-2/p
1,Jumbo,espumoso,Vino Sua Espumante X 750cc,SUA,24,24,https://www.jumbo.com.ar/vino-sua-espumante-x-750cc/p
1,Jumbo,espumoso,Vino Tinto Saurus Patagonia Extra Brut Chardonnay Pinot 750 Cc,SAURUS,150,150,https://www.jumbo.com.ar/vino-tinto-saurus-patagonia-extra-brut-chardonnay-pinot-750-cc/p
1,Jumbo,rosado,Buenalma Rose Malbec Organico,BUENALMA,140,140,https://www.jumbo.com.ar/buenalma-rose-malbec-organico/p
1,ChangoMás,rosado,Cocktail De Vino Emilia Rosé 200 Ml,Emilia,,,https://www.masonline.com.ar/cocktail-de-vino-emilia-rose-200-ml/p
1,ChangoMás,rosado,Cocktail De Vino Emilia Spritz 200 Ml,Emilia,,,https://www.masonline.com.ar/cocktail-de-vino-emilia-spritz-200-ml/p
1,Jumbo,rosado,Cocktail de Vino Rosado Dulce Syrah 750 Cc Colon,COLON,6900,6900,https://www.jumbo.com.ar/vino-colon-selecto-dulce-fresco-rose-750cc/p
1,Día,rosado,Coctel Sangria Emilia 750 Ml.,EMILIA,10990,10990,https://diaonline.supermercadosdia.com.ar/coctel-sangria-emilia-750-ml-306148/p
1,Winery,rosado,Colección Rutini Rosé de Malbec,,9199,9199,https://tiendadevinos.ar/rutini-rose-de-malbec/
1,Winery,rosado,COQUENA ROSADO &#8211; Caja x 6 X 750 ML,,11300,11300,https://tiendadevinos.ar/coquena-rosado-caja-x-6-x-750-ml/
1,Jumbo,rosado,Espumante Extra Brut 750 Cc Animal,ANIMAL,18800,18800,https://www.jumbo.com.ar/vino-rosado-organico-x-750-cc-animal/p
1,Día,rosado,Espumante Rose Sweet Puska 750 Ml.,PUSKA,4990,4990,https://diaonline.supermercadosdia.com.ar/espumante-rose-sweet-puska-750-ml-296656/p
1,Winery,rosado,FAMILIA GASCÓN ROSÉ &#8211; Caja x 6 X 750 ML,,10340,10340,https://tiendadevinos.ar/familia-gascon-rose-caja-x-6-x-750-ml/
1,Winery,rosado,FESTIVO ROSÉ &#8211; Caja x 6 X 750 ML,,0,0,https://tiendadevinos.ar/festivo-rose-caja-x-6-x-750-ml/
1,Jumbo,rosado,Gancia Frutos Rojos 750 Ml,GANCIA,470,470,https://www.jumbo.com.ar/gancia-frutos-rojos-750-ml/p
1,Winery,rosado,L&#8217;ARGENTINE DE MALARTIC ROSE 2019 Caja x 6 X 750ML,,24300,24300,https://tiendadevinos.ar/largentine-de-malartic-rose-2019-caja-x-6-x-750ml/
1,Winery,rosado,LA POSTA ROSÉ DE MALBEC &#8211; CAJA X 6 X 750 ML,,11200,11200,https://tiendadevinos.ar/la-posta-rose-de-malbec-caja-x-12-x-750-ml/
1,Winery,rosado,MONTFLEURY PINOT NOIR ROSE &#8211; IG GUALTALLARY Caja 6 x 750ML,,0,0,https://tiendadevinos.ar/montfleury-pinot-noir-rose-ig-gualtallary-caja-6-x-750ml/
1,Winery,rosado,TOMERO ROSÉ &#8211; Caja x 6 X 750 ML,,12375,12375,https://tiendadevinos.ar/tomero-rose-caja-x-6-x-750-ml/
1,Jumbo,rosado,Vina Fino Septiembre Rose  750  Cc,TRAPICHE,100,100,https://www.jumbo.com.ar/vino-alaris-rose/p
1,Jumbo,rosado,"Vino ""rincón Famoso"" Rosado X 750 Cc.",RINCON FAMOSO,1435,1435,https://www.jumbo.com.ar/vino-rincon-famoso-rosado-x-750-cc/p
1,Jumbo,rosado,Vino Aberdeen Angus Beaujolais Botella 750 Cc,ABERDEEN ANGUS,7,7,https://www.jumbo.com.ar/vino-aberdeen-angus-beaujolais/p
1,Jumbo,rosado,Vino Aberdeen Angus Beaujolais-bot-cc.-700,ABERDEEN ANGUS,10,10,https://www.jumbo.com.ar/vino-aberdeen-angus-beaujolais-bot-cc-700-2/p
1,Jumbo,rosado,Vino Aberdeen Angus Rosado Botella 750 Cc,ABERDEEN ANGUS,7,7,https://www.jumbo.com.ar/vino-aberdeen-angus-rosado-botella-750-cc/p
1,Jumbo,rosado,Vino Alfredo Roca Rose,ALFREDO ROCA,19,19,https://www.jumbo.com.ar/vino-alfredo-roca-rose/p
1,Jumbo,rosado,Vino Alta Vista Rose X 750 Cc,ALTA VISTA,44,44,https://www.jumbo.com.ar/vino-alta-vista-rose-x-750-cc/p
1,Jumbo,rosado,Vino Andeluna Rosado Malbec-bot-cc.-750,ANDELUNA,76,76,https://www.jumbo.com.ar/andeluna-1300-malbec-rose-bot-750-cc/p
1,Jumbo,rosado,Vino Argento Organico Rose,ARGENTO,1415,1415,https://www.jumbo.com.ar/vino-argento-organico-rose/p
1,Jumbo,rosado,Vino Aristides Blend Rose-bot-cc.-750,ARISTIDES,229,229,https://www.jumbo.com.ar/vino-aristides-blend-rose-bot-cc-750/p
1,Jumbo,rosado,Vino Balbo Rose Malbec Botella  750 Cc,BALBO,17,17,https://www.jumbo.com.ar/vino-balbo-rose-malbec-x-750-cc/p
1,Jumbo,rosado,Vino Believe In Rosé Nieto Senetiner X750 Ml,NIETO & SENETINER,226,226,https://www.jumbo.com.ar/vino-believe-in-rose-nieto-senetiner-x750-ml/p
1,Jumbo,rosado,Vino Benjamin Colección Tardía Rosado 750ml,BENJAMIN,6750,6750,https://www.jumbo.com.ar/vino-benjamin-coleccion-tardia-rosado-750ml/p
1,Jumbo,rosado,Vino Blasfemia Rosado Lat-269cc,BLASFEMIA,950,950,https://www.jumbo.com.ar/vino-blasfemia-rosado-lat-269cc-2/p
1,Jumbo,rosado,Vino Bordolino Rosado Sin Atributo Sin Atributo Sin Atributo Sin Atributo,BORDOLINO,15,15,https://www.jumbo.com.ar/vino-bordolino-rosado-sin-atributo-sin-atributo-sin-atributo-sin-atributo-2/p
1,Jumbo,rosado,Vino Callia Amable Rose 750cc,CALLIA,856,856,https://www.jumbo.com.ar/vino-callia-amable-rose-750cc-2/p
1,Jumbo,rosado,Vino Calvet Rosé X 750 Cc,CALVET,17,17,https://www.jumbo.com.ar/vino-calvet-rose-x-750-cc/p
1,Jumbo,rosado,Vino Caoba Rose Malbec,CAOBA,56,56,https://www.jumbo.com.ar/vino-caoba-rose-malbec/p
1,Jumbo,rosado,Vino Casa Petrini Rose 500cc,CASA PETRINI,3460,3460,https://www.jumbo.com.ar/vino-casa-petrini-rose-500cc/p
1,Jumbo,rosado,Vino Chacabuco Rose 500cc,CHACABUCO,2561,2561,https://www.jumbo.com.ar/vino-chacabuco-rose-500cc/p
1,Jumbo,rosado,Vino Chakana Nuna Rose Organico & Biodinamico 750cc,CHAKANA,1721,1721,https://www.jumbo.com.ar/vino-chakana-nuna-rose-organico-biodinamico-750cc/p
1,Día,rosado,Vino Coctel Rose Emilia 750 Ml.,EMILIA,9490,9490,https://diaonline.supermercadosdia.com.ar/vino-coctel-rose-emilia-750-ml-32706/p
1,Jumbo,rosado,Vino Colon Beaujolais Bot 750 Cc.,COLON,15,15,https://www.jumbo.com.ar/vino-colon-beaujolais-bot-750-cc/p
1,Jumbo,rosado,Vino Colon Rose 750 Cc,COLON,174,174,https://www.jumbo.com.ar/vino-colon-rose-750-cc/p
1,Jumbo,rosado,Vino Colon Selecto Dulce Fresco Frutos Rojos 7,COLON,6850,6850,https://www.jumbo.com.ar/vino-colon-selecto-dulce-fresco-frutos-rojos-7/p
1,Jumbo,rosado,Vino Concha Y Toro Rose 750cc,CONCHA Y TORO,20,20,https://www.jumbo.com.ar/vino-concha-y-toro-rose-750cc/p
1,Jumbo,rosado,Vino Crios Rose Of Malbec Botella 750 Cc,CRIOS,1859,1859,https://www.jumbo.com.ar/vino-crios-rose-of-malbec-botella-750-cc/p
1,Jumbo,rosado,Vino D/ Mesa Pecari Ros,PECARI,2,2,https://www.jumbo.com.ar/vino-d-mesa-pecari-ros-290181/p
1,Jumbo,rosado,Vino De Mesa Promocion Rosado Comun. X 1 Lt.,PROMOCION,2,2,https://www.jumbo.com.ar/vino-de-mesa-promocion-rosado/p
1,Jumbo,rosado,Vino DoÏa Paula Rose Twin Pack.,DOÑA PAULA,379,379,https://www.jumbo.com.ar/vino-dona-paula-rose-twin-pack/p
1,Jumbo,rosado,Vino Doña Paula Rose,DOÑA PAULA,417,417,https://www.jumbo.com.ar/vino-dona-paula-rose-2/p
1,Jumbo,rosado,Vino El Porvenir Rosa Rosa,SIN MARCA,,,https://www.jumbo.com.ar/vino-el-porvenir-rosa-rosa/p
1,Jumbo,rosado,Vino Elementos Malbec-rose,ELEMENTOS,57,57,https://www.jumbo.com.ar/vino-elementos-malbec-rose/p
1,Jumbo,rosado,Vino Espumante J.p.chenet Rosa,SIN MARCA,13,13,https://www.jumbo.com.ar/vino-espumante-j-p-chenet-rosa-290853/p
1,Día,rosado,Vino Espumoso Spritz Federico Alvear 750 Ml.,FEDERICO DE ALVEAR,7628,7628,https://diaonline.supermercadosdia.com.ar/vino-espumoso-spritz-federico-alvear-750-ml-299314/p
1,Jumbo,rosado,Vino Estate Pinot Rose De Corte 750ml Garzon,GARZON,,,https://www.jumbo.com.ar/vino-estate-pinot-rose-de-corte-750ml-garzon/p
1,Jumbo,rosado,Vino Famiglia Bianchi Rosé Blend 750 Ml,FAMIGLIA BIANCHI,2500,2500,https://www.jumbo.com.ar/vino-famiglia-bianchi-rose-blend-750-ml/p
1,Jumbo,rosado,Vino Finca Flichman Beaujolais Jubile Botella 700 Cc,FINCA FLICHMAN,10,10,https://www.jumbo.com.ar/vino-finca-flichman-beaujolais-jubile-botella-700-cc/p
1,Jumbo,rosado,Vino Finca Flichman Roble Rosé 750 Ml,FINCA FLICHMAN,188,188,https://www.jumbo.com.ar/vino-finca-flichman-roble-rose-750-ml/p
1,Jumbo,rosado,Vino Finca La Anita Malbec Rosé 750cc,FINCA LA ANITA,3350,3350,https://www.jumbo.com.ar/vino-finca-la-anita-malbec-rose-750cc/p
1,Jumbo,rosado,Vino Finca Las Moras Rose X 750 Cc,FINCA LAS MORAS,38,38,https://www.jumbo.com.ar/vino-finca-las-moras-rose-x-750-cc/p
1,Jumbo,rosado,Vino Finca Los Primos Rose Blend750,CHACABUCO,2500,2500,https://www.jumbo.com.ar/vino-finca-los-primos-rose-blend750/p
1,Jumbo,rosado,Vino Finca Natalina Pink Blend 750cc,PUTRUELE,2621,2621,https://www.jumbo.com.ar/vino-finca-natalina-pink-blend-750cc/p
1,Jumbo,rosado,Vino Fino Colon Rosado X 750  Cc.,COLON,8,8,https://www.jumbo.com.ar/vino-fino-colon-rosado-x-750-cc/p
1,Jumbo,rosado,Vino Fino Cuvee Rosado Selecci¢n X 750  Cc.,CUVEE,,,https://www.jumbo.com.ar/vino-cuvee-rosado-seleccion-13141/p
1,Jumbo,rosado,Vino Fino Fiancee Beaujolais X 750  Cc.,FIANCEE,,,https://www.jumbo.com.ar/vino-fiancee-beaujolais/p
1,Jumbo,rosado,Vino Fino M. Torino Rosado Selección X 700  Cc.,MICHEL TORINO,10,10,https://www.jumbo.com.ar/vino-michel-torino-rosado-seleccion/p
1,Jumbo,rosado,Vino Hereford Dulce Rosado-bot-cc.-750,HEREFORD,83,83,https://www.jumbo.com.ar/vino-hereford-dulce-rosado-bot-cc-750/p
1,Jumbo,rosado,Vino Kaiken Rose-bot-cc.-750,KAIKEN,150,150,https://www.jumbo.com.ar/vino-kaiken-rose/p
1,Día,rosado,Vino La Celia Reserva Rose 750 Cc.,LA CELIA,10790,10790,https://diaonline.supermercadosdia.com.ar/vino-la-celia-reserva-rose-750-cc-295302/p
1,Jumbo,rosado,Vino La Poderosa Rosé 750 Ml,LA PODEROSA,9700,9700,https://www.jumbo.com.ar/vino-la-poderosa-rose-750-ml/p
1,Jumbo,rosado,Vino Las Perdices Malbec Ice,LAS PERDICES,2420,2420,https://www.jumbo.com.ar/vino-las-perdices-malbec-ice/p
1,Jumbo,rosado,Vino Latitud 33 Pinot Noir Rose X 750cc,LATITUD 33,27,27,https://www.jumbo.com.ar/vino-latitud-33-pinot-noir-rose-x-750cc-2/p
1,ChangoMás,rosado,Vino Latitud 33° Malbec Rose 750ml,Latitud 33,,,https://www.masonline.com.ar/vino-latitud-33-malbec-rose-750-cc-2/p
1,Jumbo,rosado,Vino Luigi Bosca Rose Emblema,LUIGI BOSCA,17407,17407,https://www.jumbo.com.ar/vino-luigi-bosca-rose-emblema/p
1,Jumbo,rosado,Vino Malbec De Angeles Rosado Dulce-bot-cc.-750,SIN MARCA,98,98,https://www.jumbo.com.ar/vino-malbec-de-angeles-rosado-dulce-bot-cc-750/p
1,Jumbo,rosado,Vino Mandala Rosé Lata 269cc,MANDALA,787,787,https://www.jumbo.com.ar/vino-mandala-rose-lata-269cc/p
1,Jumbo,rosado,Vino Melipal Rose-bot-cc.-750,SIN MARCA,85,85,https://www.jumbo.com.ar/vino-melipal-rose-bot-cc-750/p
1,ChangoMás,rosado,Vino Merlot Rose Goyenechea 700 Cc,Goyenechea,,,https://www.masonline.com.ar/vino-merlot-rose-goyenechea-700-cc-2/p
1,Jumbo,rosado,Vino Montefleury Rosado Botella 750 Cc,MONTFLEURY,34,34,https://www.jumbo.com.ar/vino-montefleury-rosado/p
1,Jumbo,rosado,Vino Neo Rosado X 750 Cc,NEO,9,9,https://www.jumbo.com.ar/vino-neo-rosado-x-750-cc-2/p
1,Jumbo,rosado,Vino Pascual Toso Estate Bottled Rosé 750ml,TOSO,1694,1694,https://www.jumbo.com.ar/vino-pascual-toso-estate-bottled-rose-750ml/p
1,Jumbo,rosado,Vino Pipone Rose 750cc,PIPONE,1714,1714,https://www.jumbo.com.ar/vino-pipone-rose-750cc/p
1,Jumbo,rosado,Vino Rosado 750ml Susana B.,SUSANA B.,20557,20557,https://www.jumbo.com.ar/vino-rosado-750ml-susana-b/p
1,ChangoMás,rosado,Vino Rosado Aime Blend Syrah Bonarda 750ml,Aimé,,,https://www.masonline.com.ar/vino-aime-rose-750ml-2/p
1,Jumbo,rosado,Vino Rosado Blend 750 Ml Chateau Lauzade,CHATEAU LAUZADE,16698,16698,https://www.jumbo.com.ar/vino-rosado-chateau-lauzade-c-tes-de-provence/p
1,Jumbo,rosado,Vino Rosado Blend 750 Ml Mil Rosas Norton,NORTON,5850,5850,https://www.jumbo.com.ar/vino-rosado-750-cc-mil-rosas/p
1,Jumbo,rosado,Vino Rosado Blend Dulce 750 Ml Humberto Canale,HUMBERTO CANALE,10300,10300,https://www.jumbo.com.ar/vino-humberto-canale-blush-rose/p
1,Jumbo,rosado,Vino Rosado Blush 750 Cc Humberto Canale,HUMBERTO CANALE,1290,1290,https://www.jumbo.com.ar/vino-rosado-humberto-canale-blush-750-cc/p
1,Jumbo,rosado,Vino Rosado Cabernet Franc 750 Cc Andeluna,ANDELUNA,16700,16700,https://www.jumbo.com.ar/vino-blanc-de-franc-750-cc-andeluna-2/p
1,ChangoMás,rosado,Vino Rosado Cafayate Blend Malbec 750ml,Cafayate,5879,5879,https://www.masonline.com.ar/vino-rose-cafayate-750-ml-2/p
1,Día,rosado,Vino Rosado Callia 750 Gr.,CALLIA,5729,5729,https://diaonline.supermercadosdia.com.ar/vino-rosado-callia-750-gr-306991/p
1,ChangoMás,rosado,Vino Rosado Caprone Rose 750 Ml,Caprone,,,https://www.masonline.com.ar/vino-rosado-caprone-rose-750-ml-2/p
1,Jumbo,rosado,Vino Rosado Carmela Benegas Cabernet Franc 750 Cc,BENEGAS,729,729,https://www.jumbo.com.ar/vino-rose-carmela-benegas-cabernet-franc/p
1,ChangoMás,rosado,Vino Rosado Casa Petrini Blend Malbec Tannat 500ml,Casa Petrini,,,https://www.masonline.com.ar/vino-rosado-casa-petrini-500-cc-2/p
1,ChangoMás,rosado,Vino Rosado Chac Chac Malbec Rosé 750 Ml,Chac Chac,12679,12679,https://www.masonline.com.ar/vino-rosado-chac-chac-malbec-rose-750-ml/p
1,ChangoMás,rosado,Vino Rosado Colon Selecto Rose 750 Ml,Colon,,,https://www.masonline.com.ar/vino-rosado-selecto-rose-colon-750-cc-2/p
1,ChangoMás,rosado,Vino Rosado Cordero Con Piel De Lobo Cabernet Franc 750 Ml,Cordero con piel de Lobo,6599,6599,https://www.masonline.com.ar/vino-rosado-cordero-con-piel-de-lobo-cabernet-franc-750-ml-2/p
1,Jumbo,rosado,Vino Rosado Criolla 750 Cc El Bautismo,EL BAUTISMO,6350,6350,https://www.jumbo.com.ar/vino-el-bautismo-rosado-750cc/p
1,ChangoMás,rosado,Vino Rosado Dilema Blend Chardonnay Malbec Sauvignon Blanc 750ml,Dilema,,,https://www.masonline.com.ar/vino-rosado-dilema-750ml-2/p
1,Jumbo,rosado,Vino Rosado Dulce Sabor Durazno 750 Ml Colon,COLON,6850,6850,https://www.jumbo.com.ar/vino-colon-selectodulce-fresco-durazno-750ml/p
1,ChangoMás,rosado,Vino Rosado Famiglia Bianchi Rose 750 Ml,Famiglia Bianchi,,,https://www.masonline.com.ar/vino-rosado-famiglia-bianchi-rose-750-ml/p
1,ChangoMás,rosado,Vino Rosado Federico De Alvear Blend Dulce Chardonnay Chenin Ugni Blanc Malbec 750ml,Federico De Alvear,,,https://www.masonline.com.ar/vino-federico-de-alvear-sparkling-rosa-dulce-750-cc-2/p
1,ChangoMás,rosado,Vino Rosado Finca Natalina Blend Syrah Tempranillo Ancellotta 750ml,Finca Natalina,,,https://www.masonline.com.ar/vino-pink-blend-finca-natalina-750ml-2/p
1,ChangoMás,rosado,Vino Rosado Florio Blend Dulce Syrah 750ml,Florio,,,https://www.masonline.com.ar/vino-florio-rosado-dulce-natural-750ml-2/p
1,ChangoMás,rosado,Vino Rosado Florio Blend Pedro Jiménez Syrah 750ml,Florio,,,https://www.masonline.com.ar/vino-florio-rosato-750ml-2/p
1,ChangoMás,rosado,Vino Rosado Foster Pink Malbec Rosé 750 Ml,Foster,9999,9999,https://www.masonline.com.ar/vino-rosado-foster-pink-malbec-rose-750-ml/p
1,ChangoMás,rosado,Vino Rosado Fraternal Blend Criollas Moscateles 700ml,Fraternal,,,https://www.masonline.com.ar/vino-rosado-fraternal-tetra-700cc-2/p
1,Jumbo,rosado,Vino Rosado Grenache Syrah y Cinsault 750 Cc Mirabeau,MIRABEAU,61400,61400,https://www.jumbo.com.ar/vino-rose-x-750-cc-mirabeau-pure/p
1,Jumbo,rosado,Vino Rosado Grenache y Syrah y Malbec 750 Ml Saint Felicien,SAINT FELICIEN,41950,41950,https://www.jumbo.com.ar/vino-rose-750-ml-saint-felicien-2/p
1,ChangoMás,rosado,Vino Rosado La Celia Reserva Blend Pinot Noir Pinot Grigio 750ml,La Celia,10789,10789,https://www.masonline.com.ar/vino-rosado-la-celia-750-ml-2/p
1,ChangoMás,rosado,Vino Rosado La Linda Rosé Malbec 750ml,Luigi Bosca,,,https://www.masonline.com.ar/vino-rosado-la-linda-rose-malbec-750ml-2/p
1,ChangoMás,rosado,Vino Rosado Los Primos Blend Pinot Noir Malbec 750ml,Los Primos,,,https://www.masonline.com.ar/vino-rosado-rose-blend-finca-los-primos-750-ml-2/p
1,ChangoMás,rosado,Vino Rosado Luigi Bosca Blend Pinot Noir Pinot Gris 750ml,Luigi Bosca,,,https://www.masonline.com.ar/vino-rosado-luigi-bosca-rose-750ml-2/p
1,Jumbo,rosado,Vino Rosado Malbec 750 Cc Enrique Foster,FOSTER,8100,8100,https://www.jumbo.com.ar/vino-rosado-malbec-750-cc-foster/p
1,Jumbo,rosado,Vino Rosado Malbec 750 Cc Jardin Enchante,JARDIN ENCHANTE,30250,30250,https://www.jumbo.com.ar/vino-enchante-rosado-x-750-cc-jardin/p
1,Jumbo,rosado,Vino Rosado Malbec 750 Cc L' Argentin de Malartic,L?ARGENTIN DE MALARTIC,15100,15100,https://www.jumbo.com.ar/vino-rosado-750-cc-l-argentin-de-malartic/p
1,Jumbo,rosado,Vino Rosado Malbec 750 Ml Perdriel,PERDRIEL,18800,18800,https://www.jumbo.com.ar/vino-perdriel-series-rosado/p
1,Jumbo,rosado,Vino Rosado Merlot 750 Ml J.P. Chenet,J.P. CHENET,14520,14520,https://www.jumbo.com.ar/vino-j-p-chenet-merlot-rose-750ml/p
1,ChangoMás,rosado,Vino Rosado Nina Blend Cabernet Sauvignon Syrah Petit Verdot 750ml,Nina,,,https://www.masonline.com.ar/vino-rosado-nina-natural-750cc-2/p
1,Jumbo,rosado,Vino Rosado Nolita Malbec & Frutos Del Bosque 750 Cc,NOLITA,79,79,https://www.jumbo.com.ar/vino-rosado-nolita-malbec-frutos-del-bosque-750-cc/p
1,ChangoMás,rosado,Vino Rosado Norton Blend Merlot 750ml,Norton,,,https://www.masonline.com.ar/vino-rosado-merlot-norton-mil-rosas-750-cc-2/p
1,Jumbo,rosado,Vino Rosado Omnium Rosato 750 Cc,OMNIUM,39,39,https://www.jumbo.com.ar/vino-rosado-omnium-rosato/p
1,Día,rosado,Vino Rosado Orgánico Santa Julia en lata 269 Ml.,SANTA JULIA,3085,3085,https://diaonline.supermercadosdia.com.ar/vino-rosado-organico-santa-julia-en-lata-269-ml-282736/p
1,ChangoMás,rosado,Vino Rosado Partridge Dulce Natural Malbec 750 Ml,Partridge,8049,8049,https://www.masonline.com.ar/vino-rosado-partridge-dulce-natural-malbec-rosado-750-ml/p
1,ChangoMás,rosado,Vino Rosado Perro Callejero Rose 750 Ml,Perro Callejero,,,https://www.masonline.com.ar/vino-rosado-perro-callejero-rose-750-ml-3/p
1,Jumbo,rosado,Vino Rosado Pinot Noir 1500 Cc Montfleury,MONTFLEURY,73500,73500,https://www.jumbo.com.ar/vino-montfleury-pinot-noir-rose-magnum-1500cc/p
1,Jumbo,rosado,Vino Rosado Pinot Noir Rose X 750 Cc Montfleury,MONTFLEURY,11175,11175,https://www.jumbo.com.ar/vino-rosado-pinot-noir-rose-x-750-cc-montfleury/p
1,ChangoMás,rosado,Vino Rosado Resero Suave 700 Ml,Resero,,,https://www.masonline.com.ar/vino-rosado-resero-suave-700-ml/p
1,ChangoMás,rosado,Vino Rosado Rincón Famoso Blend Malbec Pinot Noir 750ml,Rincón Famoso,,,https://www.masonline.com.ar/vino-rosado-rincon-famoso-750-ml-2/p
1,Jumbo,rosado,Vino Rosado Rosadía 750 Cc Mendel,MENDEL,49300,49300,https://www.jumbo.com.ar/vino-mendel-rosadia/p
1,Jumbo,rosado,Vino Rosado Rosé 750 Ml Nieto Senetiner,NIETO & SENETINER,10500,10500,https://www.jumbo.com.ar/vino-nieto-senetiner-rose-750ml/p
1,ChangoMás,rosado,Vino Rosado San Huberto Blend Dulce Natural Malbec Cabernet Sauvignon 750ml,San Huberto,,,https://www.masonline.com.ar/vino-rosado-san-huberto-clasico-dulce-750cc-2/p
1,ChangoMás,rosado,Vino Rosado Santa Julia Orgánico Syrah 269ml,Santa Julia,,,https://www.masonline.com.ar/vino-rosado-santa-julia-rose-organico-lata-269-cc-2/p
1,ChangoMás,rosado,Vino Rosado Signum Malbec Rosé 750 Ml,Signum,,,https://www.masonline.com.ar/vino-rosado-signum-malbec-rose-750-ml/p
1,ChangoMás,rosado,Vino Rosado Tribu Blend Malbec Merlot 750ml,Tribu,,,https://www.masonline.com.ar/vino-fino-tribu-rose-750-ml-2/p
1,Jumbo,rosado,Vino Rose 750 Cc Casillero Del Diablo,CASILLERO DEL DIABLO,10000,10000,https://www.jumbo.com.ar/vino-rose-750-cc-casillero-del-diablo-2/p
1,Jumbo,rosado,Vino Rose 750 Cc Cordero Con Piel De Lobo,CORDERO CON PIEL DE LOBO,6950,6950,https://www.jumbo.com.ar/vino-rose-750-cc-cordero-con-piel-de-lobo/p
1,Jumbo,rosado,Vino Rose Blend 750 Ml Nicasia,NICASIA,16090,16090,https://www.jumbo.com.ar/vino-rose-blend-750-ml-nicasia/p
1,Jumbo,rosado,Vino Rose Blend X 750 Cc Estandon Lumiere,ESTANDON,18245,18245,https://www.jumbo.com.ar/vino-rose-blend-x-750-cc-estandon-lumiere/p
1,Día,rosado,Vino Rose Wampa 750 Ml.,WAMPA,5465,5465,https://diaonline.supermercadosdia.com.ar/vino-rose-wampa-750-ml-305387/p
1,ChangoMás,rosado,Vino Rosé Wampa Dulce Natural 750 Ml,Wampa,,,https://www.masonline.com.ar/vino-rose-wampa-dulce-natural-750-ml/p
1,Jumbo,rosado,Vino Rose X 750 Cc Conclave Nocturno,CONCLAVE,16200,16200,https://www.jumbo.com.ar/vino-rose-x-750-cc-conclave-nocturno/p
1,Jumbo,rosado,Vino Rosé X 750 Cc Il Caprone,IL CAPRONE,7400,7400,https://www.jumbo.com.ar/vino-rose-x-750-cc-il-caprone/p
1,Jumbo,rosado,Vino Rue De Perle Rose 750ml,RUE DE PERLE,28350,28350,https://www.jumbo.com.ar/vino-rue-de-perle-rose-750ml/p
1,Jumbo,rosado,Vino San Felipe Rose Malbec Botella 500 Cc,SAN FELIPE,19,19,https://www.jumbo.com.ar/vino-san-felipe-rose-malbec-x-750-cc/p
1,Jumbo,rosado,Vino San Huberto Dulce Blnaco Bot-750cc-,CHACABUCO,441,441,https://www.jumbo.com.ar/vino-san-huberto-dulce-blnaco-bot-750cc/p
1,Jumbo,rosado,Vino Santa Ana Abocado   750 Cc,SANTA ANA,54,54,https://www.jumbo.com.ar/vino-santa-ana-abocado-750-cc/p
1,Jumbo,rosado,Vino Tomero Rose-bot-cc.-750,TOMERO,284,284,https://www.jumbo.com.ar/vino-tomero-rose-bot-cc-750-2/p
1,Jumbo,rosado,Vino Trapiche Puro Rose 750cc,TRAPICHE PURO,11750,11750,https://www.jumbo.com.ar/vino-trapiche-puro-rose-750cc/p
1,Jumbo,rosado,Vino Trumpeter Reserva Rose Malbec 750cc,TRUMPETER,14200,14200,https://www.jumbo.com.ar/vino-trumpeter-reserva-rose-malbec-750cc/p
1,Jumbo,rosado,Vino Veraprima X 750 Ml Artesano,ARTESANO,16000,16000,https://www.jumbo.com.ar/vino-veraprima-x-750-ml-artesano/p
1,Jumbo,rosado,Vino Vin Up Rosado Brk,VIN UP,39,39,https://www.jumbo.com.ar/vino-vin-up-rosado-brk/p
1,Jumbo,rosado,Vino Viña Mayor Rosado Bot 700 Cc.,VIÑA MAYOR,9,9,https://www.jumbo.com.ar/vino-vina-mayor-rosado-bot-700-cc/p
1,Jumbo,rosado,Vino Viñas De Alto Salvador Rosado Organico-bot-cc.-750,SIN MARCA,355,355,https://www.jumbo.com.ar/vino-vinas-de-alto-salvador-rosado-organico/p
1,Jumbo,rosado,Vino Viñas Riojanas Rosado X750cc-bot-cc.-750,SAENZ,,,https://www.jumbo.com.ar/vino-vinas-riojanas-rosado-x750cc-bot-cc-750-439869/p
1,Jumbo,rosado,Vino Zuccardi Brazos Rosé 750cc,ZUCCARDI,13600,13600,https://www.jumbo.com.ar/vino-zuccardi-brazos-rose-750cc/p
1,Jumbo,rosado,Vinos Finos Ampakama Syrah Rose,AMPAKAMA,12,12,https://www.jumbo.com.ar/vinos-finos-ampakama-syrah-rose-2/p
1,Jumbo,tinto,2 Vinos Mora Negra + Decanter-pck-un.-1,FINCA LAS MORAS,826,826,https://www.jumbo.com.ar/2-vinos-mora-negra-decanter-pck-un-1/p
1,Winery,tinto,ABRAS MALBEC &#8211; Caja x 6 X 750 ML,,0,0,https://tiendadevinos.ar/abras-malbec-2017-caja-x-6-x-750-ml/
1,Winery,tinto,ABRASADO HISTORIC BLEND CABERNET MALBEC MERLOT &#8211; CAJA X 6 X 750 ML,,0,0,https://tiendadevinos.ar/abrasado-historic-blend-cabernet-malbec-merlot-caja-x-6-x-750-ml/
1,Winery,tinto,ABRASADO HISTORIC BLEND MALBEC BONARDA &#8211; Caja 6 X 750 ML,,0,0,https://tiendadevinos.ar/abrasado-historic-blend-malbec-bonarda-caja-6-x-750-ml/
1,Winery,tinto,ABRASADO TERROIR SELECTION CABERNET SAUVIGNON &#8211; CAJA X 6 X 750 ML,,0,0,https://tiendadevinos.ar/abrasado-terroir-selection-cabernet-sauvignon-caja-x-6-x-750-ml/
1,Winery,tinto,ABRASADO UNIQUE PARCEL GRAN CABERNET FRANC &#8211; CAJA X 3 X 750 ML,,0,0,https://tiendadevinos.ar/abrasado-unique-parcel-gran-cabernet-franc-caja-x-3-x-750-ml/
1,Winery,tinto,ABRASADO UNIQUE PARCEL GRAN MALBEC &#8211;  Caja x 3 X 750 ML,,0,0,https://tiendadevinos.ar/abrasado-unique-parcel-gran-malbec-caja-x-3-x-750-ml/
1,Winery,tinto,ALANDES CALCHAQUI VALLEY &#8211; MALBEC &#8211; Caja x 6 X 750ML,,6999,6999,https://tiendadevinos.ar/alandes-calchaqui-valley-malbec-2018-caja-x-6-x-750ml/
1,Winery,tinto,ALTALAND CABERNET SAUVIGNON (SALTA) &#8211; Caja x 6 X 750 ML,,9990,9990,https://tiendadevinos.ar/altaland-cabernet-sauvignon-salta-caja-x-6-x-750-ml/
1,Winery,tinto,ALTALAND MERLOT &#8211; Caja x 6 X 750 ML,,9990,9990,https://tiendadevinos.ar/altaland-merlot-caja-x-6-x-750-ml/
1,Winery,tinto,ALTALAND PINOT NOIR (PATAGONIA) &#8211; Caja x 6 X 750 ML,,9990,9990,https://tiendadevinos.ar/altaland-pinot-noir-patagonia-caja-x-6-x-750-ml/
1,Winery,tinto,ALTALAND SYRAH (LA RIOJA) &#8211; Caja x 6 X 750 ML,,9990,9990,https://tiendadevinos.ar/altaland-syrah-la-rioja-caja-x-6-x-750-ml/
1,Winery,tinto,ALTALAND TINTO HISTÓRICO MALBEC PETIT VERDOT (MENDOZA) &#8211; Caja 6 X 750 ML,,9990,9990,https://tiendadevinos.ar/altaland-tinto-historico-malbec-petit-verdot-mendoza-caja-6-x-750-ml/
1,Winery,tinto,ALTOCEDRO AÑO CERO MALBEC 2018 Caja x 6 X 750ML,,0,0,https://tiendadevinos.ar/altocedro-ano-cero-malbec-2018-caja-x-6-x-750ml/
1,Winery,tinto,ALTOCEDRO AÑO CERO TEMPRANILLO 2018 &#8211; Caja x 6 X 750 ML,,0,0,https://tiendadevinos.ar/altocedro-ano-cero-tempranillo-2018-caja-x-6-x-750-ml/
1,Winery,tinto,ALTOS LAS HORMIGAS &#8211; BLEND TINTO 2018 Caja x 6 x 750ML,,0,0,https://tiendadevinos.ar/altos-las-hormigas-blend-tinto-2018-caja-x-6-x-750ml/
1,Winery,tinto,ALTOS LAS HORMIGAS &#8211; MALBEC APPELATION ALTAMIRA 2018 Caja x 6 x 750ML,,13199,13199,https://tiendadevinos.ar/altos-las-hormigas-malbec-appelation-altamira-2018-caja-x-6-x-750ml/
1,Winery,tinto,ALTOS LAS HORMIGAS &#8211; MALBEC APPELATION GUALTALLARY Caja x 6 x 750ML,,63399,63399,https://tiendadevinos.ar/altos-las-hormigas-malbec-appelation-gualtallary-2018-caja-x-6-x-750ml/
1,Winery,tinto,ALTOS LAS HORMIGAS &#8211; MALBEC CLASICO 2018 Caja x 6 x 750ML,,0,0,https://tiendadevinos.ar/altos-las-hormigas-malbec-clasico-2018-caja-x-6-x-750ml/
1,Winery,tinto,ALTOS LAS HORMIGAS &#8211; MALBEC LUJAN DE CUYO ORGANIC 2017 Caja x 6 x 750ML,,5099,5099,https://tiendadevinos.ar/altos-las-hormigas-malbec-lujan-de-cuyo-organic-2017-caja-x-6-x-750ml/
1,Winery,tinto,ALTOS LAS HORMIGAS &#8211; MALBEC RESERVA VALLE DE UCO 2018 Caja x 6 x 750ML,,0,0,https://tiendadevinos.ar/altos-las-hormigas-malbec-reserva-valle-de-uco-2018-caja-x-6-x-750ml/
1,Winery,tinto,AMALAYA MALBEC 6X750ML,,13130,13130,https://tiendadevinos.ar/amalaya-malbec-6x750ml/
1,Winery,tinto,Angelica Zapata Cabernet Franc,,0,0,https://tiendadevinos.ar/angelica-zapata-cabernet-franc/
1,Winery,tinto,Angelica Zapata Cabernet Suavignon,,0,0,https://tiendadevinos.ar/angelica-zapata-cabernet-suavignon/
1,Winery,tinto,ARGENTO SINGLE VINEYARD MALBEC ALTAMIRA Caja x 6 x 750ml,,0,0,https://tiendadevinos.ar/argento-single-vineyard-malbec-altamira-caja-x-6-x-750ml/
1,Winery,tinto,ARTESANO DE ARGENTO ORGANIC CABERNET FRANC Caja x 6 X 750 ML,,0,0,https://tiendadevinos.ar/artesano-de-argento-organic-cabernet-franc-caja-x-6-x-750-ml/
1,Winery,tinto,ARTESANO DE ARGENTO ORGANIC MALBEC Caja x 6X750 ML,,0,0,https://tiendadevinos.ar/artesano-de-argento-organic-malbec-caja-x-6x750-ml/
1,Winery,tinto,ARUMA MALBEC &#8211; Caja x 6 X 750 ML,,29499,29499,https://tiendadevinos.ar/aruma-malbec-caja-x-6-x-750-ml/
1,Día,tinto,Bebida Alcohólica Vin Up Rojo brik 1 Lt.,VIN UP,1700,1700,https://diaonline.supermercadosdia.com.ar/bebida-alcoholica-vin-up-rojo-brik-1-lt-236574/p
1,Jumbo,tinto,Bj Malbec Est 6x1x750cc-bot-cc.-750,BENJAMIN NIETO,50,50,https://www.jumbo.com.ar/bj-malbec-est-6x1x750cc-bot-cc-750/p
1,Winery,tinto,BRAMARE LUJÁN DE CUYO CABERNET SAUVIGNON &#8211; Caja x 6 X 750 ML,,95550,95550,https://tiendadevinos.ar/bramare-lujan-de-cuyo-cabernet-sauvignon-caja-x-6-x-750-ml/
1,Winery,tinto,BRAMARE VALLE DE UCO MALBEC &#8211; Caja x 6 X 750 ML,,95550,95550,https://tiendadevinos.ar/bramare-valle-de-uco-malbec-caja-x-6-x-750-ml/
1,Winery,tinto,BRAMARE VD TOUZA MALBEC &#8211; Caja x 6 X 750 ML,,0,0,https://tiendadevinos.ar/bramare-vd-touza-malbec-caja-x-6-x-750-ml/
1,Jumbo,tinto,Cafayate Gran Linaje Torrontés Botella De 750 Ml Con Estuche,CAFAYATE GRAN LINAJE,102,102,https://www.jumbo.com.ar/cafayate-gran-linaje-torrontes-botella-de-750-ml-con-estuche-2/p
1,Jumbo,tinto,Canciller Blend Vii 750cc,CANCILLER,850,850,https://www.jumbo.com.ar/canciller-blend-vii-750cc/p
1,Winery,tinto,CARMELO PATTI CABERNET SAUVIGNON Caja x 6 x 750ML,,6599,6599,https://tiendadevinos.ar/carmelo-patti-cabernet-sauvignon-caja-x-6-x-750ml/
1,Jumbo,tinto,Casillero Del Diablo Cabernet Sauvignon X 750 Cc,CASILLERO DEL DIABLO,9800,9800,https://www.jumbo.com.ar/casillero-del-diablo-cabernet-sauvignon-x-750-cc/p
1,Jumbo,tinto,Casillero Del Diablo Red Blend X 750 Cc,CASILLERO DEL DIABLO,9800,9800,https://www.jumbo.com.ar/casillero-del-diablo-red-blend-x-750-cc/p
1,Winery,tinto,Catena Malbec Argentino,,0,0,https://tiendadevinos.ar/catena-malbec-argentino/
1,Winery,tinto,Colección Rutini Cabernet Franc,,0,0,https://tiendadevinos.ar/rutini-cabernet-franc/
1,Winery,tinto,Colección Rutini Cabernet Merlot,,2810,2810,https://tiendadevinos.ar/rutini-cabernet-merlot/
1,Winery,tinto,COLOMÉ &#8211; ESTATE MALBEC 6X750ML,,20155,20155,https://tiendadevinos.ar/colome-estate-malbec-6x750ml/
1,Winery,tinto,COLOMÉ AUTÉNTICO &#8211; MALBEC 6X750ML,,28145,28145,https://tiendadevinos.ar/colome-autentico-malbec-6x750ml/
1,Jumbo,tinto,Colome Estate Malbec,COLOME,49700,49700,https://www.jumbo.com.ar/colome-estate-malbec/p
1,Winery,tinto,COLONIA LAS LIEBRES &#8211; CABERNET FRANC RESERVA 2019 Caja x 6 x 750ML,,0,0,https://tiendadevinos.ar/colonia-las-liebres-cabernet-franc-reserva-2019-caja-x-6-x-750ml/
1,Winery,tinto,COLONIA LAS LIEBRES &#8211; MALBEC RESERVA 2018 Caja x 6 x 750ML,,0,0,https://tiendadevinos.ar/colonia-las-liebres-malbec-reserva-2018-caja-x-6-x-750ml/
1,Jumbo,tinto,Conclave Reserva Malbec X 750 Cc,CONCLAVE,3245,3245,https://www.jumbo.com.ar/conclave-reserva-malbec-x-750-cc/p
1,Winery,tinto,COPA CABERNET &#8211; MERLOT RIEDEL SET x 2,,0,0,https://tiendadevinos.ar/copa-merlot-cabernet-riedel-x-2/
1,Winery,tinto,Copa Riedel Veritas Single Pack Old World Pinot Noir SET x 2,,0,0,https://tiendadevinos.ar/copa-riedel-veritas-single-pack-old-world-pinot-noir-set-x-2/
1,Winery,tinto,DIAMANDES DE UCO CABERNET SAUVIGNON &#8211; Caja x 6 x 750ML,,0,0,https://tiendadevinos.ar/diamandes-de-uco-cabernet-sauvignon-caja-x-6-x-750ml/
1,Winery,tinto,DIAMANDES DE UCO MALBEC MAGNUM 1.5 LTS &#8211; Caja x 6 X 1500 ML,,0,0,https://tiendadevinos.ar/diamandes-de-uco-malbec-magnum-1-5-lts-caja-x-6-x-1500-ml/
1,Winery,tinto,DIAMANDES DE UCO-MALBEC  Caja 6 X 750 ML,,38300,38300,https://tiendadevinos.ar/diamandes-de-uco-malbec-2015-caja-6-x-750-ml/
1,Jumbo,tinto,Dos Tonos Crespi Con Cola-bot-cc.-700,CRESPI,8,8,https://www.jumbo.com.ar/dos-tonos-crespi-con-cola-bot-cc-700-2/p
1,Jumbo,tinto,Dralion Cabernet. - Syrah 750cc,ESTANCIA MENDOZA,1300,1300,https://www.jumbo.com.ar/dralion-cabernet-syrah-750cc/p
1,Winery,tinto,DV Catena Adrianna Vineyard Malbec,,0,0,https://tiendadevinos.ar/dv-catena-adrianna-vineyard-malbec/
1,Winery,tinto,DV Catena La Piramide Vineyard Cabernet Sauvignon,,0,0,https://tiendadevinos.ar/dv-catena-la-piramide-vineyard-cabernet-sauvignon/
1,Winery,tinto,DV Catena Nicasia Vineyard Malbec,,0,0,https://tiendadevinos.ar/dv-catena-nicasia-vineyard-malbec/
1,Winery,tinto,Enemigo Cabernet Franc,,0,0,https://tiendadevinos.ar/enemigo-cabernet-franc/
1,Winery,tinto,ESCORIHUELA GASCON CABERNET FRANC &#8211; CAJA X 6 X 750 ML,,16300,16300,https://tiendadevinos.ar/escorihuela-gascon-cabernet-franc-caja-x-6-x-750-ml/
1,Winery,tinto,ESCORIHUELA GASCÓN ORGANIC VINEYARD MALBEC &#8211; Caja x 6 X 750 ML,,0,0,https://tiendadevinos.ar/escorihuela-gascon-organic-vineyard-malbec-caja-x-6-x-750-ml/
1,Jumbo,tinto,Est X 1 Bota Magna Malbec X 6-est-cc.-750,SANTA JULIA,,,https://www.jumbo.com.ar/est-x-1-bota-magna-malbec-x-6-est-cc-750/p
1,Jumbo,tinto,Estuche DoÏa Paula  Estate Malbec + Delantal,DOÑA PAULA,,,https://www.jumbo.com.ar/estuche-dona-paula-estate-malbec-delantal/p
1,Jumbo,tinto,Estuche Fond De Cave Malbec Reserva X750cc-+ Copa-est-un.-2,TRAPICHE,174,174,https://www.jumbo.com.ar/estuche-fond-de-cave-malbec-reserva-x750cc-copa-est-un-2/p
1,Jumbo,tinto,Estuche Mora Negra Malbec + Bonardax750cc-+ Copa-+ Jak 3-pck-un.-3,FINCA LAS MORAS,382,382,https://www.jumbo.com.ar/estuche-mora-negra-malbec-bonardax750cc-copa-jak-3-pck-un-3/p
1,Jumbo,tinto,Estuche Santa Julia Varietal Agregados Ii +sauvignon Blanc Sin Atributo Sin Atributo,SANTA JULIA,,,https://www.jumbo.com.ar/estuche-santa-julia-varietal-agregados-ii-sauvignon-blanc-sin-atributo-sin-atributo-191171/p
1,Jumbo,tinto,Estuche Tripack Amalaya Colome-est-un.-3,AMALAYA COLOME,204,204,https://www.jumbo.com.ar/estuche-tripack-amalaya-colome-est-un-3/p
1,Jumbo,tinto,Estuche Vino Blend Of Vineyards Malbec Cadus,CADUS,195,195,https://www.jumbo.com.ar/estuche-vino-blend-of-vineyards-malbec-cadus/p
1,Jumbo,tinto,Estuche Vino Terra,TERRA,38,38,https://www.jumbo.com.ar/estuche-vino-terra-290356/p
1,Winery,tinto,FAMILIA GASCÓN ROBLE MALBEC &#8211; Caja 6 X 750 ML,,11640,11640,https://tiendadevinos.ar/familia-gascon-roble-malbec-caja-6-x-750-ml/
1,Jumbo,tinto,Fcbarcelona Reserva Cabernet 750cc,BARCELONA,526,526,https://www.jumbo.com.ar/fcbarcelona-reserva-cabernet-750cc/p
1,Jumbo,tinto,Fcbarcelona Rva Malbec 750cc,BARCELONA,526,526,https://www.jumbo.com.ar/fcbarcelona-rva-malbec-750cc/p
1,Winery,tinto,FELINO CABERNET SAUVIGNON &#8211; 6 X 750 ML,,19500,19500,https://tiendadevinos.ar/felino-cabernet-sauvignon-6-x-750-ml/
1,Winery,tinto,FELINO MALBEC &#8211; Caja x 6 X 750 ML,,33890,33890,https://tiendadevinos.ar/felino-malbec-caja-x-6-x-750-ml/
1,Winery,tinto,FESTIVO MALBEC 2019 Caja x 6 X 750ML,,25500,25500,https://tiendadevinos.ar/festivo-malbec-2019-caja-x-6-x-750ml/
1,Jumbo,tinto,Finca Magnolia Malbec X 750,MAGNOLIA,1700,1700,https://www.jumbo.com.ar/finca-magnolia-malbec-x-750/p
1,ChangoMás,tinto,Finca Natalina Blue Blend  X 750cc,Finca Natalina,,,https://www.masonline.com.ar/finca-natalina-blue-blend-x-750cc-2/p
1,ChangoMás,tinto,Finca Natalina Red Blend  X 750cc,Finca Natalina,,,https://www.masonline.com.ar/finca-natalina-red-blend-x-750cc-2/p
1,ChangoMás,tinto,Finca Natalina Sweet Blend  X 750cc,Finca Natalina,,,https://www.masonline.com.ar/finca-natalina-sweet-blend-x-750cc-2/p
1,Winery,tinto,FINCA SUAREZ MALBEC &#8211; Caja x 6 X 750 ML,,0,0,https://tiendadevinos.ar/finca-suarez-malbec-caja-x-6-x-750-ml/
1,Winery,tinto,FINCA SUAREZ MALBEC DE PARCELA &#8211; Caja x 6 X 750 ML,,0,0,https://tiendadevinos.ar/finca-suarez-malbec-de-parcela-caja-x-6-x-750-ml/
1,Jumbo,tinto,Frontera Cabernet Sauvignon X 750 Cc,FRONTERA,5500,5500,https://www.jumbo.com.ar/frontera-cabernet-sauvignon-x-750-cc/p
1,Jumbo,tinto,Garzon Single Vineyard Petit Verdot X 750cc,GARZON,,,https://www.jumbo.com.ar/garzon-single-vineyard-petit-verdot-x-750cc/p
1,ChangoMás,tinto,Gran Aminga Blend De Origen 750 Ml,AMINGA,,,https://www.masonline.com.ar/gran-aminga-blend-de-origen-750cc-2/p
1,Winery,tinto,HUMBERTO CANALE ESTATE CABERNET FRANC Caja x 6 x 750ML,,0,0,https://tiendadevinos.ar/humberto-canale-estate-cabernet-franc-caja-x-6-x-750ml/
1,Winery,tinto,HUMBERTO CANALE ESTATE MERLOT &#8211; Caja x 6 X 750.ML,,0,0,https://tiendadevinos.ar/humberto-canale-estate-merlot-caja-x-6-x-750-ml/
1,Winery,tinto,HUMBERTO CANALE ESTATE PINOT NOIR Caja x 6 x 750ML,,0,0,https://tiendadevinos.ar/humberto-canale-estate-pinot-noir-caja-x-6-x-750ml/
1,Winery,tinto,HUMBERTO CANALE GRAN RESERVA MALBEC &#8211; Caja x 6 x 750ML,,0,0,https://tiendadevinos.ar/humberto-canale-gran-reserva-malbec-caja-x-6-x-750ml/
1,Jumbo,tinto,Killka Salentein Art & Wine Malbec 4 Pack-cja-un.-4,SALENTEIN,169,169,https://www.jumbo.com.ar/killka-salentein-art-wine-malbec-4-pack-cja-un-4/p
1,Jumbo,tinto,La Poderosa Viognier-bot-cc.-750,LA PODEROSA,265,265,https://www.jumbo.com.ar/la-poderosa-viognier-bot-cc-750/p
1,Winery,tinto,LA POSTA ARMANDO BONARDA &#8211; Caja x 6 X 750 ML,,14999,14999,https://tiendadevinos.ar/la-posta-armando-bonarda-caja-x-12-x-750-ml/
1,Winery,tinto,LA POSTA FAZZIO MALBEC &#8211; Caja x 6 X 750 ML,,24999,24999,https://tiendadevinos.ar/la-posta-fazzio-malbec-caja-x-12-x-750-ml/
1,Winery,tinto,LA POSTA GLORIETA PINOT NOIR &#8211; Caja x 6 X 750 ML,,14999,14999,https://tiendadevinos.ar/la-posta-glorieta-pinot-noir-caja-x-12-x-750-ml/
1,Winery,tinto,LA POSTA PAULUCCI MALBEC &#8211; Caja x 6 X 750 ML,,24999,24999,https://tiendadevinos.ar/la-posta-paulucci-malbec-caja-x-12-x-750-ml/
1,Winery,tinto,LA POSTA PIZZELLA MALBEC &#8211; Caja x 6 X 750 ML,,24999,24999,https://tiendadevinos.ar/la-posta-pizzella-malbec-caja-x-12-x-750-ml/
1,Winery,tinto,LA POSTA TINTO RED BLEND &#8211; Caja x 6 X 750 ML,,11999,11999,https://tiendadevinos.ar/la-posta-tinto-red-blend-caja-x-12-x-750-ml/
1,Jumbo,tinto,Lata Vin Up Tinto 473cc,PICO DE ORO,1215,1215,https://www.jumbo.com.ar/lata-vin-up-tinto-473cc/p
1,Winery,tinto,LINDA FLOR MALBEC &#8211; Caja x 6 X 750 ML,,204000,204000,https://tiendadevinos.ar/linda-flor-malbec-caja-x-6-x-750-ml/
1,Winery,tinto,LUCA LABORDE DOUBLE SELECT SYRAH &#8211; Caja x 6 X 750 ML,,0,0,https://tiendadevinos.ar/luca-laborde-double-select-syrah-6-x-750-ml/
1,Winery,tinto,LUCA OLD VINE MALBEC &#8211; Caja x 6 X 750 ML,,28900,28900,https://tiendadevinos.ar/luca-old-vine-malbec-caja-x-6-x-750-ml/
1,Winery,tinto,LUCA OLD VINE MALBEC MAGNUM 1.5 LTS &#8211;  6 X 1500 ML,,49999,49999,https://tiendadevinos.ar/luca-old-vine-malbec-magnum-1-5-lts-6-x-1500-ml/
1,Winery,tinto,LUCA PINOT NOIR G LOT -Caja x 6 X 750 ML,,0,0,https://tiendadevinos.ar/luca-pinot-noir-g-lot-caja-x-6-x-750-ml/
1,Jumbo,tinto,Luigi Bosca Cabernet Malbec-bot-cc.-750,LUIGI BOSCA,,,https://www.jumbo.com.ar/luigi-bosca-cabernet-malbec-bot-cc-750/p
1,Winery,tinto,LUIGI BOSCA CABERNET SAUVIGNON &#8211; Caja x 6 X 750ML,,20930,20930,https://tiendadevinos.ar/luigi-bosca-cabernet-sauvignon-caja-x-6-x-750ml/
1,Winery,tinto,LUIGI BOSCA DE SANGRE MALBEC DOC- Caja x 6 X 750 ML,,23999,23999,https://tiendadevinos.ar/luigi-bosca-de-sangre-malbec-doc-caja-x-6-x-750-ml/
1,Día,tinto,Malbec Phebu 750 Ml.,PHEBUS,12690,12690,https://diaonline.supermercadosdia.com.ar/malbec-phebu-750-ml-305569/p
1,Día,tinto,Malbec Viognier Hermanos 750 Ml.,HERMANOS TORMENTA,8490,8490,https://diaonline.supermercadosdia.com.ar/malbec-viognier-hermanos-750-ml-307323/p
1,Jumbo,tinto,Mandinos Malbec Gran Reservx750,MONTES ANDINOS,75,75,https://www.jumbo.com.ar/mandinos-malbec-gran-reservx750/p
1,Winery,tinto,MANTRA MALBEC RESERVA &#8211; Caja x 6 X 750 ML,,0,0,https://tiendadevinos.ar/mantra-malbec-reserva-caja-x-6-x-750-ml/
1,Winery,tinto,MANTRA PINOT NOIR &#8211; LINEA CLÁSICA &#8211; Caja x 6 X 750 ML,,0,0,https://tiendadevinos.ar/mantra-pinot-noir-linea-clasica-caja-x-6-x-750-ml/
1,Winery,tinto,MANTRA REBEL PINOT NOIR &#8211; Caja x 6 X 750 ML,,0,0,https://tiendadevinos.ar/mantra-rebel-pinot-noir-caja-x-6-x-750-ml/
1,Winery,tinto,MARIFLOR MALBEC Caja x 6 X 750ML,,44300,44300,https://tiendadevinos.ar/mariflor-malbec-caja-x-6-x-750ml/
1,Winery,tinto,METAMORFOSIS DE UN MALBEC &#8211; Caja x  6 X 750 ML,,0,0,https://tiendadevinos.ar/metamorfosis-de-un-malbec-caja-x-6-x-750-ml/
1,Jumbo,tinto,Mismo Art Que  12264238002,SALENTEIN,1600,1600,https://www.jumbo.com.ar/mismo-art-que-12264238002/p
1,Jumbo,tinto,Montechez Edicion Limitada Malbec-bot-cc.-750,MONTECHEZ,277,277,https://www.jumbo.com.ar/montechez-edicion-limitada-malbec-bot-cc-750/p
1,Jumbo,tinto,Montechez Reserva Chardonnay-bot-cc.-750,MONTECHEZ,171,171,https://www.jumbo.com.ar/montechez-reserva-chardonnay-bot-cc-750/p
1,Jumbo,tinto,Montechez Vivo Malbec-bot-cc.-750,MONTECHEZ,117,117,https://www.jumbo.com.ar/montechez-vivo-malbec-bot-cc-750/p
1,Winery,tinto,Nicasia Vineyard Malbec,,0,0,https://tiendadevinos.ar/nicasia-vineyards-malbec/
1,Winery,tinto,NICO BY LUCA MALBEC &#8211; Caja x 3 X 750 ML,,84999,84999,https://tiendadevinos.ar/nico-by-luca-malbec-caja-x-3-x-750-ml/
1,Winery,tinto,NICOLA CATENA BONARDA &#8211; Caja x 4 X 750ML,,55630,55630,https://tiendadevinos.ar/nicola-catena-bonarda-caja-x-4-x-750ml/
1,Winery,tinto,OLD VINEYARD PINOT NOIR Caja x 6 x 750ML,,0,0,https://tiendadevinos.ar/old-vineyard-pinot-noir-caja-x-6-x-750ml/
1,Winery,tinto,PASARISA CABERNET SAUVIGNON (SALTA) &#8211; Caja x 6 X 750 ML,,0,0,https://tiendadevinos.ar/pasarisa-cabernet-sauvignon-salta-caja-x-6-x-750-ml/
1,Winery,tinto,PASARISA MERLOT &#8211; Caja x 6 X 750 ML,,0,0,https://tiendadevinos.ar/pasarisa-merlot-caja-x-6-x-750-ml/
1,Winery,tinto,PASARISA PINOT NOIR (PATAGONIA) &#8211; Caja x 6 X 750 ML,,9600,9600,https://tiendadevinos.ar/pasarisa-pinot-noir-patagonia-caja-x-6-x-750-ml/
1,Winery,tinto,PASARISA SYRAH (LA RIOJA) &#8211; Caja x 6 X 750 ML,,9600,9600,https://tiendadevinos.ar/pasarisa-syrah-la-rioja-6-x-750-ml/
1,Winery,tinto,PEQUEÑAS PRODUCCIONES MALBEC &#8211; Caja x 4 X 750 ML,,46599,46599,https://tiendadevinos.ar/pequenas-producciones-malbec-caja-x-4-x-750-ml/
1,ChangoMás,tinto,Pia Blend By Putruele X 750cc,Putruele,8989,8989,https://www.masonline.com.ar/pia-blend-by-putruele-x-750cc-2/p
1,Jumbo,tinto,Promo Vinos Bajos,SIN MARCA,0,0,https://www.jumbo.com.ar/promo-vinos-bajos/p
1,Jumbo,tinto,Promo Vinos Medios,SIN MARCA,0,0,https://www.jumbo.com.ar/promo-vinos-medios/p
1,ChangoMás,tinto,Putruele Reserva Cabernet Sauvignon 750c,Putruele,,,https://www.masonline.com.ar/putruele-reserva-cabernet-sauvignon-750c-2/p
1,Jumbo,tinto,Regalo Dia Del Padre Don David Reserva Malbec-bot-cc.-750,DON DAVID,96,96,https://www.jumbo.com.ar/regalo-dia-del-padre-don-david-reserva-malbec-bot-cc-750/p
1,Jumbo,tinto,Resero Tinto Edición Especial 6x1125,RESERO,950,950,https://www.jumbo.com.ar/resero-tinto-edicion-especial-6x1125/p
1,Jumbo,tinto,Reservado Concha Y Toro Malbec X 750 Cc,CONCHA Y TORO,617,617,https://www.jumbo.com.ar/reservado-concha-y-toro-malbec-x-750-cc/p
1,Jumbo,tinto,Rioja Cosecha Tempranillo X 750 Ml Nuntius,NUNTIUS,32960,32960,https://www.jumbo.com.ar/rioja-cosecha-tempranillo-x-750-ml-nuntius/p
1,ChangoMás,tinto,Spritzer Tinto De Verano Sabor A Lima 355 Ml,Generico,,,https://www.masonline.com.ar/spritzer-tinto-de-verano-sabor-a-lima-355-ml-2/p
1,Jumbo,tinto,Suter 120 Años,SUTER,118,118,https://www.jumbo.com.ar/suter-120-anos/p
1,Winery,tinto,TAPIZ ALTA COLLECTION MALBEC &#8211; Caja 6 X 750 ML,,23255,23255,https://tiendadevinos.ar/tapiz-alta-collection-malbec-caja-6-x-750-ml/
1,Winery,tinto,TAPIZ CLASICO MALBEC &#8211; Caja x 6 X 750 ML,,2799,2799,https://tiendadevinos.ar/tapiz-clasico-malbec-caja-x-6-x-750-ml/
1,Winery,tinto,TERRAZAS DE LOS ANDES APELACION LA CHACAYES MALBEC 2017 &#8211; Caja x 6 X 750ML,,35699,35699,https://tiendadevinos.ar/terrazas-de-los-andes-apelacion-la-chacayes-malbec-2017-caja-x-6-x-750ml/
1,Winery,tinto,TERRAZAS DE LOS ANDES APELACIÓN LAS COMPUERTAS MALBEC 2017 &#8211; Caja x 6 X 750 ML,,35699,35699,https://tiendadevinos.ar/terrazas-de-los-andes-apelacion-las-compuertas-malbec-2017-caja-x-6-x-750-ml/
1,Winery,tinto,TERRAZAS DE LOS ANDES APELACION PARAJE ALTAMIRA MALBEC -CABERNET SAUVIGNON MALBEC 2016 Caja x 6 750ML,,35699,35699,https://tiendadevinos.ar/terrazas-de-los-andes-apelacion-paraje-altamira-malbec-cabernet-sauvignon-malbec-2016-caja-x-6-750ml/
1,Jumbo,tinto,Texto Subito Malbec Cabernet Franc 750cc,TEXTO SUBITO,9050,9050,https://www.jumbo.com.ar/texto-subito-malbec-cabernet-franc-750cc/p
1,Winery,tinto,TINTO ROMANCE &#8211; Caja x 3 X 750 ML,,0,0,https://tiendadevinos.ar/tinto-romance-caja-x-3-x-750-ml/
1,Winery,tinto,TITO ZUCCARDI PARAJE ALTAMIRA MALBEC &#8211; 6 X 750 ML,,0,0,https://tiendadevinos.ar/tito-zuccardi-paraje-altamira-malbec-6-x-750-ml/
1,Winery,tinto,TOMERO CABERNET FRANC &#8211; Caja x 6 X 750 ML,,12375,12375,https://tiendadevinos.ar/tomero-cabernet-franc-caja-x-6-x-750-ml/
1,Winery,tinto,TRASLAPIEDRA MALBEC &#8211; Caja x 6 X 750 ML,,0,0,https://tiendadevinos.ar/traslapiedra-malbec-caja-x-6-x-750-ml/
1,Winery,tinto,TRASLAPIEDRA MALBEC MAGNUM 2018 &#8211; Caja x 4 X 1.125 ML,,0,0,https://tiendadevinos.ar/traslapiedra-malbec-2018-caja-x-4-x-1-125-ml/
1,Winery,tinto,TRIVENTO EOLO MALBEC &#8211; Caja x 6 X 750 ML,,62300,62300,https://tiendadevinos.ar/trivento-eolo-malbec-caja-x-6-x-750-ml/
1,Winery,tinto,TRIVENTO GOLDEN RESERVE BLACK SERIES MALBEC &#8211; Caja x 6 X 750 ML,,12999,12999,https://tiendadevinos.ar/trivento-golden-reserve-black-series-malbec-caja-x-6-x-750-ml/
1,Jumbo,tinto,Trivento Golden Reserve Malbec X 750 Cc,TRIVENTO,23450,23450,https://www.jumbo.com.ar/trivento-golden-reserve-malbec-x-750-cc-2/p
1,Winery,tinto,TRIVENTO LEJANAMENTE JUNTOS BLEND TINTO &#8211; Caja x 6 X 750 ML,,12999,12999,https://tiendadevinos.ar/trivento-lejanamente-juntos-blend-tinto-caja-x-6-x-750-ml/
1,Jumbo,tinto,Trivento Tribu  Rose 750ml,TRIBU,1700,1700,https://www.jumbo.com.ar/trivento-tribu-rose-750ml/p
1,Jumbo,tinto,V Atilio Avena Malbec X 750cc,ATILIO AVENA,11,11,https://www.jumbo.com.ar/v-atilio-avena-malbec-x-750cc/p
1,Jumbo,tinto,V Finca Martha Cabernet Suavignon,FINCA MARTHA,30,30,https://www.jumbo.com.ar/v-finca-martha-cabernet-suavignon/p
1,Jumbo,tinto,V Finca Martha Malbec X 750,FINCA MARTHA,30,30,https://www.jumbo.com.ar/v-finca-martha-malbec-x-750/p
1,Jumbo,tinto,V. Sottano Blend-bot-cc.-750,SOTTANO,,,https://www.jumbo.com.ar/v-sottano-blend-bot-cc-750/p
1,Winery,tinto,VAL DE FLORES MALBEC &#8211; 6 X 750 ML,,238000,238000,https://tiendadevinos.ar/val-de-flores-malbec-6-x-750-ml/
1,ChangoMás,tinto,Vendimiario Mendoza 750cc,VENDIMIARIO,,,https://www.masonline.com.ar/vendimiario-mendoza-750cc-2/p
1,ChangoMás,tinto,Vendimiario San Juan 750cc,VENDIMIARIO,,,https://www.masonline.com.ar/vendimiario-san-juan-750cc-2/p
1,Jumbo,tinto,Vi Concha Y Toro Caber Sauvi X 1500cc,CONCHA Y TORO,38,38,https://www.jumbo.com.ar/vi-concha-y-toro-caber-sauvi-x-1500cc/p
1,Jumbo,tinto,Viejo Solar Bonarda X 1125cc-bot-cc.-251,VIEJO SOLAR,28,28,https://www.jumbo.com.ar/viejo-solar-bonarda-x-1125cc-bot-cc-251/p
1,Jumbo,tinto,Viña Maipú Sangiovesse-bonarda,VIÑA MAIPU,5,5,https://www.jumbo.com.ar/vina-maipu-sangiovesse-bonarda/p
1,Jumbo,tinto,Vino  Ampakama Inte Cabernet Sauvignon,AMPAKAMA,159,159,https://www.jumbo.com.ar/vino-ampakama-inte-cabernet-sauvignon/p
1,Jumbo,tinto,Vino  Bianchi Tinto Don Valentin Lacrado Estuche X2-est-un.-2,DON VALENTIN,86,86,https://www.jumbo.com.ar/vino-bianchi-tinto-don-valentin-lacrado-estuche-x2-est-un-2/p
1,Jumbo,tinto,Vino  Finca Algarrobo Syrah X 750 Cc Sin Atributo Sin Atributo Sin Atributo Sin Atributo,FINCA LOS ALGARROBOS,,,https://www.jumbo.com.ar/vino-finca-los-algarrobos-syrah-x-750-cc-170092/p
1,Jumbo,tinto,Vino  Riglos Gran Cabernet Sauvignon Tinto X 750-bot-cc.-750,RIGLOS,140,140,https://www.jumbo.com.ar/vino-riglos-gran-cabernet-sauvignon-tinto-x-750-bot-cc-750/p
1,Jumbo,tinto,Vino  Simonassi Cabernet X 750 Cc Sin Atributo Sin Atributo Sin Atributo Sin Atributo,SIMONASSI,,,https://www.jumbo.com.ar/vino-simonassi-cabernet-169990/p
1,Jumbo,tinto,Vino  Simonassi Tto Milenio X 750 Cc Tipo Milenium Sin Atributo Sin Atributo,SIMONASSI,,,https://www.jumbo.com.ar/vino-fino-simonassi-tinto-169988/p
1,Jumbo,tinto,Vino  Tinto Alegria De La Peña Sin Atributo Sin Atributo Sin Atributo Sin Atributo,ALEGRIA DE LA PEÑA,,,https://www.jumbo.com.ar/vino-fino-alegria-de-la-pena-tinto-170204/p
1,Jumbo,tinto,Vino 'crotta' Tinto 5 Litros,CROTTA,18,18,https://www.jumbo.com.ar/vino-crotta-tinto-5-litros/p
1,Jumbo,tinto,Vino 1895 Clasico Tinto Bot-375-ml.,NORTON,330,330,https://www.jumbo.com.ar/vino-1895-clasico-tinto-bot-375-ml/p
1,Jumbo,tinto,Vino 1895 Col Cabernet Sauv Bot-750-ml,TIERRA DEL FUEGO,667,667,https://www.jumbo.com.ar/vino-1895-col-cabernet-sauv-bot-750-ml/p
1,Jumbo,tinto,Vino 1895 Red Blend 750 Cc,NORTON,187,187,https://www.jumbo.com.ar/vino-1895-red-blend-750-cc/p
1,ChangoMás,tinto,Vino 1895 Red Blend X750cc,Norton,,,https://www.masonline.com.ar/vino-1895-red-blend-x750cc-2/p
1,Jumbo,tinto,Vino 33 Davalos 750cc,DAVALOS,76650,76650,https://www.jumbo.com.ar/vino-33-davalos-750cc-2/p
1,Jumbo,tinto,Vino A Lisa Malbec   Bot 750 Cc.,A,169,169,https://www.jumbo.com.ar/vino-a-lisa-malbec/p
1,Jumbo,tinto,Vino A-crux Malbec Botella 750 Cc,MEDITERRANEO,234,234,https://www.jumbo.com.ar/vino-a-crux-malbec-botella-750-cc-2/p
1,Jumbo,tinto,Vino Aberdeen Angus Borgoña Botella 750 Cc,ABERDEEN ANGUS,7,7,https://www.jumbo.com.ar/vino-aberdeen-angus-borgona-botella-750-cc/p
1,Jumbo,tinto,Vino Aberdeen Angus Cabernet Sauvignon 750 Cc+ Malbec  750 Cc Pack 2 U,ABERDEEN ANGUS,36,36,https://www.jumbo.com.ar/vino-aberdeen-angus-cabernet-sauvignon-x-2-un/p
1,Jumbo,tinto,Vino Abito Cabernet Franc 750ml,ABITO,3113,3113,https://www.jumbo.com.ar/vino-abito-cabernet-franc-750ml-2/p
1,Jumbo,tinto,Vino Abito Malbec 750ml,ABITO,4324,4324,https://www.jumbo.com.ar/vino-abito-malbec-750ml-2/p
1,Jumbo,tinto,Vino Abito Malbec Juventud 750ml,ABITO,1901,1901,https://www.jumbo.com.ar/vino-abito-malbec-juventud-750ml-2/p
1,Jumbo,tinto,Vino Abito Petit Verdot  750ml,ABITO,1999,1999,https://www.jumbo.com.ar/vino-abito-petit-verdot-750ml-2/p
1,Jumbo,tinto,Vino Agrelo X 750 Cc Gran Enemigo,GRAN ENEMIGO,74550,74550,https://www.jumbo.com.ar/vino-agrelo-x-750-cc-gran-enemigo/p
1,Jumbo,tinto,Vino Aguijon De Abeja Obrera Malbec 750 Cc,SIN MARCA,287,287,https://www.jumbo.com.ar/vino-aguijon-de-abeja-obrera-malbec-750-cc/p
1,Jumbo,tinto,Vino Aguijon De Abeja Reina Malbec 750 Cc,SIN MARCA,400,400,https://www.jumbo.com.ar/vino-aguijon-de-abeja-reina-malbec-750-cc/p
1,Jumbo,tinto,Vino Ala Colorada Cabernet Franc 750 Cc Las Perdices,LAS PERDICES,21350,21350,https://www.jumbo.com.ar/vino-ala-colorada-cabernet-franc-750-cc-las-perdices/p
1,Jumbo,tinto,Vino Alamos Cabernet Sauvignon Estuche X 2u-est-cc.-150,ALAMOS,117,117,https://www.jumbo.com.ar/vino-alamos-cabernet-sauvignon-estuche-x-2u-est-cc-150/p
1,Jumbo,tinto,Vino Alamos Maceración Atenuada Malbec X 375cc,ALAMOS,47,47,https://www.jumbo.com.ar/vino-alamos-maceracion-atenuada-malbec-x-375cc/p
1,Jumbo,tinto,Vino Alamos Malbec X2 Un,ALAMOS,367,367,https://www.jumbo.com.ar/vino-alamos-malbec-x2-un/p
1,Jumbo,tinto,Vino Alamos Pinot Noir X 750 Cc,ALAMOS,41,41,https://www.jumbo.com.ar/vino-alamos-pinot-noir-x-750-cc-256137/p
1,Jumbo,tinto,Vino Alamos Seleccion De Viñedos Merlot-bot-cc.-750,ALAMOS,50,50,https://www.jumbo.com.ar/vino-alamos-seleccion-de-vinedos-merlot-bot-cc-750/p
1,Jumbo,tinto,Vino Alamos Selección De Viñedos Syrah 750 Cc,ALAMOS,50,50,https://www.jumbo.com.ar/vino-alamos-seleccion-de-vinedos-syrah-750-cc/p
1,Jumbo,tinto,Vino Alamos Tempranillo Res,ALAMOS,37,37,https://www.jumbo.com.ar/vino-alamos-tempranillo-res/p
1,Jumbo,tinto,Vino Alavida Malbec 750,ALAVIDA,13750,13750,https://www.jumbo.com.ar/vino-alavida-malbec-750/p
1,Jumbo,tinto,Vino Alba De Luces Tempranillo Reserva Doc Rio,ALBA DE LUCES,25894,25894,https://www.jumbo.com.ar/vino-alba-de-luces-tempranillo-reserva-doc-rio/p
1,Jumbo,tinto,Vino Alchimia Malbec 750 Cc.,ALCHIMIA,2300,2300,https://www.jumbo.com.ar/vino-alchimia-malbec-750-cc/p
1,Jumbo,tinto,Vino Alfredo Roca Res Malb 750cc,ALFREDO ROCA,44,44,https://www.jumbo.com.ar/vino-alfredo-roca-res-malb-750cc/p
1,Jumbo,tinto,Vino Alfredo Roca Syrah,ALFREDO ROCA,19,19,https://www.jumbo.com.ar/vino-alfredo-roca-syrah-289873/p
1,Jumbo,tinto,Vino Alma Mora Blend Be Artistic-est-cc.-750,ALMA MORA,51,51,https://www.jumbo.com.ar/vino-alma-mora-blend-be-artistic-est-cc-750/p
1,Jumbo,tinto,Vino Alma Mora Malbec Caja X 6-cja-cc.-790,ALMA MORA,172,172,https://www.jumbo.com.ar/vino-alma-mora-malbec-caja-x-6-cja-cc-790/p
1,Jumbo,tinto,Vino Alma Mora Malbec-+ Malbec 750 Cc-est-un.-2,ALMA MORA,448,448,https://www.jumbo.com.ar/vino-alma-mora-malbec-malbec-750-cc-est-un-2/p
1,Jumbo,tinto,Vino Alma Mora Pinot Gris-bot-cc.-750,ALMA MORA,38,38,https://www.jumbo.com.ar/vino-alma-mora-pinot-gris/p
1,Jumbo,tinto,Vino Alma Mora Pinot Negro-bot-cc.-750,ALMA MORA,38,38,https://www.jumbo.com.ar/vino-alma-mora-pinot-negro/p
1,Jumbo,tinto,Vino Alma Negra Pinot Noir-bot-cc.-750,ALMA NEGRA,191,191,https://www.jumbo.com.ar/vino-alma-negra-pinot-noir-bot-cc-750/p
1,Jumbo,tinto,Vino Alma Negra Tinto 750cc,ALMA NEGRA,36360,36360,https://www.jumbo.com.ar/vino-alma-negra-tinto-750cc/p
1,Jumbo,tinto,Vino Alta Malbec 750 Ml Pascual Toso,TOSO,28850,28850,https://www.jumbo.com.ar/vino-alta-malbec-750-ml-pascual-toso/p
1,Jumbo,tinto,Vino Alta Vista Classic Malbec,ALTA VISTA,55,55,https://www.jumbo.com.ar/vino-alta-vista-classic-malbec-2/p
1,Jumbo,tinto,Vino Alta Vista Malbec-cab,ALTA VISTA,114,114,https://www.jumbo.com.ar/vino-alta-vista-malbec-cab/p
1,Jumbo,tinto,Vino Altaland Syrah 750 Ml,ALTALAND,16150,16150,https://www.jumbo.com.ar/vino-altaland-syrah-750-ml/p
1,Jumbo,tinto,Vino Altaland Tinto Historico 750 Ml,ALTALAND,16150,16150,https://www.jumbo.com.ar/vino-altaland-tinto-historico-750-ml-2/p
1,Jumbo,tinto,Vino Altas Cumbres Cabernet Malbec Botella 750 Cc,LAGARDE,12,12,https://www.jumbo.com.ar/vino-altas-cumbres-cabernet-malbec-botella-750-cc/p
1,Jumbo,tinto,Vino Alto Molino Cabernet X750cc,PIATELLI,8550,8550,https://www.jumbo.com.ar/vino-alto-molino-cabernet-x750cc-2/p
1,Jumbo,tinto,Vino Alto Salvador Cab Sauv Dulc Nat,SIN MARCA,13,13,https://www.jumbo.com.ar/vino-alto-salvador-cab-sauv-dulc-nat/p
1,Jumbo,tinto,Vino Alto Salvador Tinto Organico Syrah 750ml,ALTO SALVADOR,356,356,https://www.jumbo.com.ar/vino-alto-salvador-tinto-organico-syrah-750ml/p
1,Jumbo,tinto,Vino Altocedro Año Cero Cabernet Sauvignon,ALTOCEDRO,6109,6109,https://www.jumbo.com.ar/vino-altocedro-ano-cero-cabernet-sauvignon/p
1,Jumbo,tinto,Vino Altocedro La Consulta Red Blend,ALTOCEDRO,7605,7605,https://www.jumbo.com.ar/vino-altocedro-la-consulta-red-blend/p
1,Jumbo,tinto,Vino Altus Cab Sua Varietal-bot-cc.-750,ALTUS,34,34,https://www.jumbo.com.ar/vino-altus-cab-sua-varietal-bot-cc-750-2/p
1,Jumbo,tinto,Vino Altus Cabernet Sauvignon,ALTUS,54,54,https://www.jumbo.com.ar/vino-altus-cabernet-sauvignon/p
1,Jumbo,tinto,Vino Altus Merlot X 750 Cc   Bot 750 Cc.,ALTUS,13,13,https://www.jumbo.com.ar/vino-altus-merlot-x-750-cc/p
1,Jumbo,tinto,Vino Alzamora Reserva Malbec Bot750,FOSTER,915,915,https://www.jumbo.com.ar/vino-alzamora-reserva-malbec-bot750/p
1,Jumbo,tinto,Vino Amalaya Malbec 750cc,AMALAYA,12250,12250,https://www.jumbo.com.ar/vino-amalaya-malbec-750cc/p
1,Jumbo,tinto,Vino Amalia Cabernet Malbec Botella 750 Cc,AMALIA,46,46,https://www.jumbo.com.ar/vino-amalia-cabernet-malbec-botella-750-cc/p
1,Jumbo,tinto,Vino Amauta  Cab-merlot X750,AMAUTA,1500,1500,https://www.jumbo.com.ar/vino-amauta-cab-merlot-x750-2/p
1,Jumbo,tinto,Vino Amauta  Malbec-cabernet 750 Ml,AMAUTA,7900,7900,https://www.jumbo.com.ar/vino-amauta-malbec-cabernet-750-ml/p
1,Jumbo,tinto,Vino Amauta Absoluto Malbec-bot-ml.-750,AMAUTA,20000,20000,https://www.jumbo.com.ar/vino-amauta-absoluto-malbec-bot-ml-750-2/p
1,Jumbo,tinto,Vino Ameri Red Blend 750,AMERI,44850,44850,https://www.jumbo.com.ar/vino-ameri-red-blend-750/p
1,Jumbo,tinto,Vino Aminga Gran Blend 750 Ml,AMINGA,7816,7816,https://www.jumbo.com.ar/vino-aminga-gran-blend-750-ml-2/p
1,Jumbo,tinto,Vino Amuta Malb-cab-syr X 750,AMAUTA,46,46,https://www.jumbo.com.ar/vino-amuta-malb-cab-syr-x-750-340475/p
1,Jumbo,tinto,Vino Anastacia Malbec Bot 750 Cc.,ANASTASIA,13,13,https://www.jumbo.com.ar/vino-anastacia-malbec-bot-750-cc/p
1,Jumbo,tinto,Vino Andeluna  Malbec X 375cc-bot-cc.-375,ANDELUNA,50,50,https://www.jumbo.com.ar/vino-andeluna-malbec-x-375cc-bot-cc-375/p
1,Jumbo,tinto,Vino Angelus Cabernet,SUTER,15,15,https://www.jumbo.com.ar/vino-angelus-cabernet/p
1,Jumbo,tinto,Vino Antologða Xxxvi?-bot-cc.-750,RUTINI ANTOLOGIA,884,884,https://www.jumbo.com.ar/vino-antolog-a-xxxvi-bot-cc-750/p
1,Jumbo,tinto,Vino Antologia Xxxiv-bot-cc.-750,RUTINI,697,697,https://www.jumbo.com.ar/vino-antologia-xxxiv-bot-cc-750/p
1,Jumbo,tinto,Vino Antología Xxxvi,RUTINI ANTOLOGIA,1448,1448,https://www.jumbo.com.ar/vino-antologia-xxxvi/p
1,Jumbo,tinto,Vino Antucura Blend Selection-bot-cc.-750,SIN MARCA,148,148,https://www.jumbo.com.ar/vino-antucura-blend-selection-bot-cc-750/p
1,Jumbo,tinto,Vino Antucura Grand Vin-bot-cc.-750,SIN MARCA,,,https://www.jumbo.com.ar/vino-antucura-grand-vin-bot-cc-750/p
1,Jumbo,tinto,Vino Araucana Malbec 750 Cc,ARAUCANA,41350,41350,https://www.jumbo.com.ar/vino-araucana-malbec-750-cc/p
1,Jumbo,tinto,Vino Argento Bonarda-bot-cc.-750,ARGENTO,150,150,https://www.jumbo.com.ar/vino-argento-bonarda-bot-cc-750/p
1,Jumbo,tinto,Vino Argento Estate Reserva Orgánico Cab Fra 7,ARGENTO,1094,1094,https://www.jumbo.com.ar/vino-argento-estate-reserva-organico-cab-fra-7/p
1,Jumbo,tinto,Vino Argento Malbec Malbec Estuche-est-cc.-150,ARGENTO,,,https://www.jumbo.com.ar/vino-argento-malbec-malbec-estuche-est-cc-150-405483/p
1,Jumbo,tinto,Vino Argento S Vineyard Organico Malbec Altami,ARGENTO,3741,3741,https://www.jumbo.com.ar/vino-argento-s-vineyard-organico-malbec-altami/p
1,Jumbo,tinto,Vino Aristides Blend Gold-bot-cc.-750,ARISTIDES,327,327,https://www.jumbo.com.ar/vino-aristides-blend-gold-bot-cc-750/p
1,Jumbo,tinto,Vino Aristides Confidencial Cabernet Franc,ARISTIDES,4644,4644,https://www.jumbo.com.ar/vino-aristides-confidencial-cabernet-franc-2/p
1,Jumbo,tinto,Vino Aristides Confidencial Malbec,ARISTIDES,4954,4954,https://www.jumbo.com.ar/vino-aristides-confidencial-malbec/p
1,Jumbo,tinto,Vino Aristides Malbec Reserva-reserve-bot-cc.-750,ARISTIDES,278,278,https://www.jumbo.com.ar/vino-aristides-malbec-reserva-reserve-bot-cc-750/p
1,ChangoMás,tinto,Vino Arizu Tinto 1 L,ARIZU,,,https://www.masonline.com.ar/vino-arizu-tinto-1-l-2/p
1,Jumbo,tinto,Vino Armando Bonarda 750ml La Posta,LA POSTA,,,https://www.jumbo.com.ar/vino-armando-bonarda-750ml-la-posta/p
1,Jumbo,tinto,Vino Arrogante Vicentin Malbec X 750 Ml,VICENTIN,487,487,https://www.jumbo.com.ar/vino-arrogante-vicentin-malbec-x-750-ml/p
1,Jumbo,tinto,Vino Artadi Tempranillo-bot-cc.-750,ARTADI,135,135,https://www.jumbo.com.ar/vino-artadi-tempranillo-bot-cc-750/p
1,Jumbo,tinto,Vino Artesano Malbec Cab Franc Orgánico,ARTESANO,5534,5534,https://www.jumbo.com.ar/vino-artesano-malbec-cab-franc-organico/p
1,Jumbo,tinto,Vino As Malbec-bot-cc.-750,SIN MARCA,24,24,https://www.jumbo.com.ar/vino-as-malbec-bot-cc-750-2/p
1,Jumbo,tinto,Vino As Malbec-roble-bot-cc.-750,SIN MARCA,36,36,https://www.jumbo.com.ar/vino-as-malbec-roble-bot-cc-750/p
1,Jumbo,tinto,Vino Astica Malbec Merlot X 6 Un 750 Cc  Cja 6 Un.,ASTICA,23,23,https://www.jumbo.com.ar/vino-astica-malbec-merlot-x-6-un-750-cc-cja-6-un/p
1,Jumbo,tinto,Vino Atilio Avena Cabernet Sauv X750cc,ATILIO AVENA,11,11,https://www.jumbo.com.ar/vino-atilio-avena-cabernet-sauv-x750cc/p
1,Jumbo,tinto,Vino Atilio Avena Finca V Cabernet,ATILIO AVENA,13,13,https://www.jumbo.com.ar/vino-atilio-avena-finca-v-cabernet-325042/p
1,Jumbo,tinto,Vino Atilio Avena Syrah-roble-bot-cc.-750,ATILIO AVENA,52,52,https://www.jumbo.com.ar/vino-atilio-avena-syrah-roble-bot-cc-750/p
1,Jumbo,tinto,Vino Auka Cabernet Sauvignon-bot-cc.-750,SIN MARCA,,,https://www.jumbo.com.ar/vino-auka-cabernet-sauvignon-bot-cc-750/p
1,Jumbo,tinto,Vino Ayres De Cafayate Cabernet,ETCHART,26,26,https://www.jumbo.com.ar/vino-ayres-de-cafayate-cabernet/p
1,Jumbo,tinto,Vino B-crux Tempranillo X 750 Cc   Bot 750 Cc.,B-CRUX,207,207,https://www.jumbo.com.ar/vino-b-crux-tempranillo-x-750-cc-bot-750-cc/p
1,Jumbo,tinto,Vino B&m Cabernet Franc 750ml,B&M,3643,3643,https://www.jumbo.com.ar/vino-b-m-cabernet-franc-750ml-2/p
1,Jumbo,tinto,Vino B&m Malbec  750ml,B&M,3643,3643,https://www.jumbo.com.ar/vino-b-m-malbec-750ml-2/p
1,Jumbo,tinto,Vino Balbo  Syrah  750 Cc,BALBO,13,13,https://www.jumbo.com.ar/vino-balbo-syrah-750-cc/p
1,Jumbo,tinto,Vino Balbo  Syrah- Cab X 750 Cc,VIÑAS DE BALBO,10,10,https://www.jumbo.com.ar/vino-balbo-syrah-cab-x-750-cc-2/p
1,Jumbo,tinto,Vino Balbo Cabernet Malbec X 750 Cc,BALBO,10,10,https://www.jumbo.com.ar/vino-balbo-cabernet-malbec-x-750-cc/p
1,Jumbo,tinto,Vino Barda Pinot Noir-bot-cc.-750,BARDA,290,290,https://www.jumbo.com.ar/vino-barda-pinot-noir-bot-cc-750/p
1,Jumbo,tinto,Vino Barral Y Roca Borgo¤a Exclusivo  Bot 700 Cc.,BARRAL Y ROCA,,,https://www.jumbo.com.ar/vino-barral-y-roca-borgona/p
1,Jumbo,tinto,Vino Barrandica Cabernet Sauvignon-bot-cc.-750,BARRANDICA,83,83,https://www.jumbo.com.ar/vino-barrandica-cabernet-sauvignon-bot-cc-750/p
1,Jumbo,tinto,Vino Benjamin Bonarda-bot-cc.-750,BENJAMIN NIETO,56,56,https://www.jumbo.com.ar/vino-benjamin-bonarda-bot-cc-750/p
1,Jumbo,tinto,Vino Benjamin Senetiner Cabernet Sauvignon - Botella 750cc.,BENJAMIN,1550,1550,https://www.jumbo.com.ar/vino-benjamin-senetiner-cabernet-sauvignon-botella-750cc/p
1,Jumbo,tinto,Vino Benmarco Cabernet Sauvignon-bot-cc.-750,BENMARCO,130,130,https://www.jumbo.com.ar/vino-benmarco-cabernet-sauvignon-bot-cc-750/p
1,Jumbo,tinto,Vino Benmarco Expresivo-bot-cc.-750,BENMARCO,,,https://www.jumbo.com.ar/vino-benmarco-expresivo-bot-cc-750/p
1,Jumbo,tinto,Vino Bianchi Cabernet Suavignon   Bot 750 Cc.,BIANCHI,,,https://www.jumbo.com.ar/vino-bianchi-cabernet-suavignon-bot-750-cc/p
1,Jumbo,tinto,Vino Bianchi Doc Syrah  Botella 750 Cc,BIANCHI,17,17,https://www.jumbo.com.ar/vino-bianchi-doc-syrah-botella-750-cc/p
1,Jumbo,tinto,Vino Bianchi Iv Generacion Corte Cosecha 2021,SIN MARCA,56724,56724,https://www.jumbo.com.ar/vino-bianchi-iv-generacion-corte-cosecha-2021/p
1,Jumbo,tinto,Vino Bianchi Iv Generacion Malbec Cosecha 2019,SIN MARCA,56724,56724,https://www.jumbo.com.ar/vino-bianchi-iv-generacion-malbec-cosecha-2019/p
1,Jumbo,tinto,Vino Bizantino Cabernet Montepulciano X 750 Cc.,CHACRA,1275,1275,https://www.jumbo.com.ar/vino-chacra-32-pinot-noir/p
1,Jumbo,tinto,Vino Blancat Malbec Bot-750cc,BLAN CAT,699,699,https://www.jumbo.com.ar/vino-blancat-malbec-bot-750cc/p
1,Jumbo,tinto,Vino Blanco Torrontés Serie A 750 Cc Zuccardi,ZUCCARDI,17500,17500,https://www.jumbo.com.ar/vino-zuccardi-serie-a-torrontes-x-750-cc/p
1,Jumbo,tinto,Vino Blasfemia Tinto Lata 269mlx1,BLASFEMIA,1050,1050,https://www.jumbo.com.ar/vino-blasfemia-tinto-lata-269mlx1/p
1,Jumbo,tinto,Vino Blend 750 Cc Cheval Des Andes,CHANDON,173000,173000,https://www.jumbo.com.ar/vino-blend-750-cc-cheval-des-andes/p
1,Jumbo,tinto,Vino Blend De Extremos Mb-mlt,EL ESTECO,19550,19550,https://www.jumbo.com.ar/vino-blend-de-extremos-mb-mlt/p
1,Día,tinto,Vino Blend Malbec Killka 750 Ml.,KILLKA,9790,9790,https://diaonline.supermercadosdia.com.ar/vino-blend-malbec-killka-750-ml-306988/p
1,Jumbo,tinto,Vino Blend Ruca Malen Terroir Series X750 Ml,RUCA MALEN,1015,1015,https://www.jumbo.com.ar/vino-blend-ruca-malen-terroir-series-x750-ml/p
1,Jumbo,tinto,Vino Blend Ruca Malen X750 Ml,RUCA MALEN,1577,1577,https://www.jumbo.com.ar/vino-blend-ruca-malen-x750-ml/p
1,Jumbo,tinto,Vino Blend Sariel X 750 Cc Arcangel,ARCANGEL,177900,177900,https://www.jumbo.com.ar/vino-blend-sariel-x-750-cc-arcangel/p
1,Jumbo,tinto,Vino Boca Juniors Republica De La Boca,SIN MARCA,23952,23952,https://www.jumbo.com.ar/vino-boca-juniors-republica-de-la-boca/p
1,Jumbo,tinto,Vino Boca Juniors Xeneizes,SIN MARCA,12406,12406,https://www.jumbo.com.ar/vino-boca-juniors-xeneizes/p
1,Jumbo,tinto,Vino Bod.anicia Cab Franc -mer,BODEGA ANICIA,28,28,https://www.jumbo.com.ar/vino-bod-anicia-cab-franc-mer/p
1,Jumbo,tinto,Vino Bodega Uno Cabernet Suavignon,BODEGA UNO,12,12,https://www.jumbo.com.ar/vino-bodega-uno-cabernet-suavignon/p
1,Jumbo,tinto,Vino Bodega Uno Cabernet-sangiovese   Bot 750 Cc.,BODEGA UNO,19,19,https://www.jumbo.com.ar/vino-bodega-uno-cabernet-sangiovese-bot-750-cc/p
1,Jumbo,tinto,Vino Bodega Uno Roble Malbec,BODEGA UNO,23,23,https://www.jumbo.com.ar/vino-bodega-uno-roble-malbec/p
1,Día,tinto,Vino Bonarda Malbec Dadá 1 750 ml.,DADA,6790,6790,https://diaonline.supermercadosdia.com.ar/vino-bonarda-malbec-dada-1-750-ml-170288/p
1,Jumbo,tinto,Vino Bonomo Montiel Malbec 750ml,B&M,5414,5414,https://www.jumbo.com.ar/vino-bonomo-montiel-malbec-750ml/p
1,Jumbo,tinto,Vino Borbore Cabernet Suavignon   Bot 750 Cc.,BORBORE,9,9,https://www.jumbo.com.ar/vino-borbore-cabernet-suavignon/p
1,Jumbo,tinto,Vino Borbore Malbec   Bot 750 Cc.,BORBORE,10,10,https://www.jumbo.com.ar/vino-borbore-malbec/p
1,Jumbo,tinto,Vino Borbore Syrah X 750 Cc   Bot 750 Cc.,BORBORE,9,9,https://www.jumbo.com.ar/vino-borbore-syrah-x-750-cc-bot-750-cc/p
1,Jumbo,tinto,Vino Borgoña Privado Bot X 750 Cc Sin Atributo Sin Atributo Sin Atributo Sin Atributo,PRIVADO,,,https://www.jumbo.com.ar/vino-privado-borgona-168588/p
1,Jumbo,tinto,Vino Borgoña Privado Tipo Tradicional Sin Atributo Sin Atributo,PRIVADO,,,https://www.jumbo.com.ar/vino-privado-borgona-2-170196/p
1,Jumbo,tinto,Vino Bouza Monte Vide Eu Corte-bot-cc.-750,BOUZA,252,252,https://www.jumbo.com.ar/vino-bouza-monte-vide-eu-corte-bot-cc-750/p
1,Jumbo,tinto,Vino Bouza Tannat-bot-cc.-750,BOUZA,,,https://www.jumbo.com.ar/vino-bouza-tannat-bot-cc-750/p
1,Jumbo,tinto,Vino Breadbutter Pinot 750ml,BREAD&BUTTER,18800,18800,https://www.jumbo.com.ar/vino-breadbutter-pinot-750ml/p
1,Jumbo,tinto,Vino Broquel Cabernet Merlot,BROQUEL,34,34,https://www.jumbo.com.ar/vino-broquel-cabernet-merlot/p
1,Jumbo,tinto,Vino Broquel Malbec Syrah  1,TRAPICHE,19,19,https://www.jumbo.com.ar/vino-broquel-malbec-syrah-x-1-un-246401/p
1,Jumbo,tinto,Vino Brunello Di Montalcino Sangiovese-bot-cc.-750,BRUNELLO DI MONTALCINO,,,https://www.jumbo.com.ar/vino-brunello-di-montalcino-sangiovese-bot-cc-750/p
1,Jumbo,tinto,Vino Brunello Sangiovese X 750 Ml Talenti,TALENTI,,,https://www.jumbo.com.ar/vino-brunello-sangiovese-x-750-ml-talenti/p
1,Día,tinto,Vino Bubble Mood Frizze 1 Lt.,FRIZZE,3490,3490,https://diaonline.supermercadosdia.com.ar/vino-bubble-mood-frizze-1-lt-310078/p
1,Jumbo,tinto,Vino Cab Sauvignon 750 Ml Santa Julia,SANTA JULIA,7050,7050,https://www.jumbo.com.ar/vino-cab-sauvignon-750-ml-santa-julia/p
1,Jumbo,tinto,Vino Cab. Sauv. Cicchitti  X 750 Cc Sin Atributo Sin Atributo Sin Atributo Sin Atributo,J.A. CICCHITTI,,,https://www.jumbo.com.ar/vino-j-a-cicchitti-cabernet-sauvignon-168608/p
1,Jumbo,tinto,Vino Caballero D/la Cepa Cos/premid Est,CABALLERO DE LA CEPA,298,298,https://www.jumbo.com.ar/vino-caballero-d-la-cepa-cos-premid-est/p
1,Jumbo,tinto,Vino Caballero De La Cepa Cabernet Sauvignon,CABALLERO DE LA CEPA,90,90,https://www.jumbo.com.ar/vino-caballero-de-la-cepa-cabernet-sauvignon-2/p
1,Jumbo,tinto,Vino Caballero De La Cepa Cabernet Sauvignon Cosecha Premiada Bot 750 Cc.,CABALLERO DE LA CEPA,112,112,https://www.jumbo.com.ar/vino-caballero-de-la-cepa-cabernet-sauvignon-cosecha-premiada-bot-750-cc/p
1,Día,tinto,Vino Cabenet Putruele 750 Ml.,PUTRUELE,6790,6790,https://diaonline.supermercadosdia.com.ar/vino-cabenet-putruele-750-ml-298747/p
1,Jumbo,tinto,Vino Cabernet Cadenas 750 Cc Estancia Mendoza,ESTANCIA MENDOZA,4200,4200,https://www.jumbo.com.ar/vino-cabernet-cadenas-750-cc-estancia-mendoza/p
1,Jumbo,tinto,Vino Cabernet Franc 750 Ml Casa De Herrero,CASA DE HERRER0,16250,16250,https://www.jumbo.com.ar/vino-cabernet-franc-750-ml-casa-de-herrero/p
1,Jumbo,tinto,Vino Cabernet Franc 750cc La Celia Elite,LA CELIA,25350,25350,https://www.jumbo.com.ar/vino-cabernet-franc-750cc-la-celia-elite/p
1,Día,tinto,Vino Cabernet Franc Malbec Barrel Blend Salentein 750 Ml.,SALENTEIN,9490,9490,https://diaonline.supermercadosdia.com.ar/vino-cabernet-franc-malbec-barrel-blend-salentein-750-ml-313124/p
1,Jumbo,tinto,Vino Cabernet Franc Veraprima X 750 Ml Artesano,ARTESANO,12000,12000,https://www.jumbo.com.ar/vino-cabernet-franc-veraprima-x-750-ml-artesano/p
1,Jumbo,tinto,Vino Cabernet Franc X 750 Cc Alambrado,ALAMBRADO,11202,11202,https://www.jumbo.com.ar/vino-cabernet-franc-x-750-cc-alambrado/p
1,Jumbo,tinto,Vino Cabernet Franc X 750 Cc Durigutti,DURIGUTTI,17450,17450,https://www.jumbo.com.ar/vino-cabernet-franc-x-750-cc-durigutti/p
1,Jumbo,tinto,Vino Cabernet Franc X 750 Cc Gaia,GAIA,16400,16400,https://www.jumbo.com.ar/vino-cabernet-franc-x-750-cc-gaia/p
1,Jumbo,tinto,Vino Cabernet Franc X 750 Cc Guarda,GUARDA,29150,29150,https://www.jumbo.com.ar/vino-cabernet-franc-x-750-cc-guarda/p
1,Jumbo,tinto,Vino Cabernet Franc X 750 Ml El Enemigo,EL ENEMIGO,32900,32900,https://www.jumbo.com.ar/vino-cabernet-franc-x-750-ml-el-enemigo/p
1,Jumbo,tinto,Vino Cabernet Malbec X 700 Cc Gran Enemigo,GRAN ENEMIGO,74550,74550,https://www.jumbo.com.ar/vino-cabernet-malbec-x-700-cc-gran-enemigo/p
1,Jumbo,tinto,Vino Cabernet Paraje Altamira X 750 Ml D.v.catena,CATENA ZAPATA,44300,44300,https://www.jumbo.com.ar/vino-cabernet-paraje-altamira-x-750-ml-d-v-catena/p
1,Jumbo,tinto,Vino Cabernet Roble 750 Ml Escorihuela Gascon,GASCON,9500,9500,https://www.jumbo.com.ar/vino-cabernet-roble-750-ml-escorihuela-gascon/p
1,ChangoMás,tinto,Vino Cabernet Sauv Estate Franc Humberto Canale 750 Cc,Humberto Canale,,,https://www.masonline.com.ar/vino-cabernet-sauv-estate-franc-humberto-canale-750-cc-2/p
1,Jumbo,tinto,Vino Cabernet Sauvignon 750 Ml Pequeñas Producciones,ESCORIHUELA,36150,36150,https://www.jumbo.com.ar/vino-cabernet-sauvignon-750-ml-pequenas-producciones/p
1,Jumbo,tinto,Vino Cabernet Sauvignon Birth Of Cabernet X 750 Cc Catena Zapata,CATENA ZAPATA,112650,112650,https://www.jumbo.com.ar/vino-cabernet-sauvignon-birth-of-cabernet-x-750-cc-catena-zapata/p
1,ChangoMás,tinto,Vino Cabernet Sauvignon Coleccion 1895 X 750 Ml,1895,,,https://www.masonline.com.ar/vino-cabernet-sauvignon-coleccion-1895-x-750-ml-2/p
1,Jumbo,tinto,Vino Cabernet Sauvignon Estate X 750 Cc Humberto Canale,HUMBERTO CANALE,,,https://www.jumbo.com.ar/vino-cabernet-sauvignon-estate-x-750-cc-humberto-canale/p
1,ChangoMás,tinto,Vino Cabernet Sauvignon Graffigna Gres 750cc,Graffigna,,,https://www.masonline.com.ar/vino-cabernet-sauvignon-graffigna-gres-750cc-2/p
1,ChangoMás,tinto,Vino Cabernet Sauvignon Pet Verde Texto Subito 750 Cc,Texto Subito,,,https://www.masonline.com.ar/vino-cabernet-sauvignon-pet-verde-texto-subito-750-cc-2/p
1,Jumbo,tinto,Vino Cabernet Sauvignon X 750 Ml Chateau Ste. Michelle,CHATEAU STE. MICHELLE,,,https://www.jumbo.com.ar/vino-cabernet-sauvignon-x-750-ml-chateau-ste-michelle/p
1,Jumbo,tinto,Vino Cabernet Sauvignon X 750 Ml D.v. Catena,DV CATENA,,,https://www.jumbo.com.ar/vino-cabernet-sauvignon-x-750-ml-d-v-catena/p
1,Jumbo,tinto,Vino Cabernet Sauvignon X 750 Ml Intrinsic,INTRINSIC,,,https://www.jumbo.com.ar/vino-cabernet-sauvignon-x-750-ml-intrinsic/p
1,Jumbo,tinto,Vino Cabernet Sauvignon X 750 Ml Pacheco Pereda Estirpe,PACHECO PEREDA,,,https://www.jumbo.com.ar/vino-cabernet-sauvignon-x-750-ml-pacheco-pereda-estirpe/p
1,Jumbo,tinto,"Vino Cabernet Sauvignon, Malbec y Sauvignon Blanc 225 Ml x 3 Un Rutini",RUTINI,72100,72100,https://www.jumbo.com.ar/vino-rutini-estuche-x-3-cabernet-malbec-savignong-blanc-225-ml/p
1,ChangoMás,tinto,Vino Cabernet Savignon Uxmal Bravio 750 Cc,Uxmal,6939,6939,https://www.masonline.com.ar/vino-cabernet-savignon-uxmal-bravio-750-cc-2/p
1,ChangoMás,tinto,Vino Cabernet Y Malbec Estuche Finca Natalina 2x 750ml,Finca Natalina,,,https://www.masonline.com.ar/vino-cabernet-y-malbec-estuche-finca-natalina-2x-750ml-2/p
1,Jumbo,tinto,Vino Cabeza De Toro Tinto X 700cc,TORO,7,7,https://www.jumbo.com.ar/vino-cabeza-de-toro-tinto-x-700cc/p
1,Jumbo,tinto,Vino Cactus Clásico Tinto X 750c,CACTUS,11,11,https://www.jumbo.com.ar/vino-cactus-clasico-tinto-x-750c/p
1,Jumbo,tinto,Vino Cactus Res Malbec,CACTUS,29,29,https://www.jumbo.com.ar/vino-cactus-res-malbec/p
1,Jumbo,tinto,Vino Cactus Syrah X 750 Cc,CACTUS,21,21,https://www.jumbo.com.ar/vino-cactus-syrah-x-750-cc/p
1,Jumbo,tinto,Vino Cadus Cab-suav 750ml,CADUS,240,240,https://www.jumbo.com.ar/vino-cadus-cab-suav-750ml/p
1,Jumbo,tinto,Vino Cafayate Cabernet Torrontes + 1 Copa-copa-pck-un.-3,CAFAYATE,,,https://www.jumbo.com.ar/vino-cafayate-cabernet-torrontes-1-copa-copa-pck-un-3-409563/p
1,Jumbo,tinto,Vino Cafayate Cabernet X 750 Cc,CAFAYATE,15,15,https://www.jumbo.com.ar/vino-cafayate-cabernet-x-750-cc-2/p
1,Jumbo,tinto,Vino Cafayate Malbec Caja X 6-cja-cc.-790,CAFAYATE,300,300,https://www.jumbo.com.ar/vino-cafayate-malbec-caja-x-6-cja-cc-790/p
1,Jumbo,tinto,Vino Cafayate Martin Bruno Blend Malbecs 750 Ml,SIN MARCA,639,639,https://www.jumbo.com.ar/vino-cafayate-martin-bruno-blend-malbecs-750-ml/p
1,ChangoMás,tinto,Vino Cafayate Martin Bruno Malbec 750ml,Generico,,,https://www.masonline.com.ar/vino-cafayate-martin-bruno-malbec-750ml-2/p
1,Jumbo,tinto,Vino Cafayate Martin Bruno Malbec Caladoc 750 Ml,SIN MARCA,597,597,https://www.jumbo.com.ar/vino-cafayate-martin-bruno-malbec-caladoc-750-ml/p
1,Jumbo,tinto,Vino Cafayate Reserva 2 Botellas (cab Y Malbec)-est-cc.-150,CAFAYATE,108,108,https://www.jumbo.com.ar/vino-cafayate-reserva-2-botellas-cab-y-malbec-est-cc-150/p
1,Jumbo,tinto,Vino Cafayate Roble Malbec 750cc,CAFAYATE,8150,8150,https://www.jumbo.com.ar/vino-cafayate-roble-malbec-750cc/p
1,Jumbo,tinto,Vino Cafayate Rutas Elegante 750 Ml,CAFAYATE,383,383,https://www.jumbo.com.ar/vino-cafayate-rutas-elegante-750-ml/p
1,Jumbo,tinto,Vino Cafayate Terroir De Altura Cabernet Sauvi,CAFAYATE,8983,8983,https://www.jumbo.com.ar/vino-cafayate-terroir-de-altura-cabernet-sauvi/p
1,Jumbo,tinto,Vino Cafayate Terroir De Altura Malbec 750cc,CAFAYATE,15400,15400,https://www.jumbo.com.ar/vino-cafayate-terroir-de-altura-malbec-750cc/p
1,Jumbo,tinto,Vino Cafayate X 3 Varietales + Plato-+ Plato De Regalo-pck-un.-3,CAFAYATE,,,https://www.jumbo.com.ar/vino-cafayate-x-3-varietales-plato-plato-de-regalo-pck-un-3/p
1,Jumbo,tinto,Vino Caja Madre Malbec X 750 Ml Angelica Zapata,ANGELICA ZAPATA,59000,59000,https://www.jumbo.com.ar/vino-caja-madre-malbec-x-750-ml-angelica-zapata/p
1,Jumbo,tinto,Vino Callejón Del Crimen Malbec X 750 Ml,CALLEJON DEL CRIMEN,109,109,https://www.jumbo.com.ar/vino-callejon-del-crimen-malbec-x-750-ml/p
1,Jumbo,tinto,Vino Callia Alta Syrah Res- Cab Franc- Bonarda X 750 Cc,CALLIA,24,24,https://www.jumbo.com.ar/vino-callia-alta-syrah-res-cab-franc-bonarda-x-750-cc/p
1,Jumbo,tinto,Vino Callia Alta Syrah-malbec Caja 6x5-cja-un.-6,CALLIA,152,152,https://www.jumbo.com.ar/vino-callia-alta-syrah-malbec-caja-6x5-cja-un-6-2/p
1,Jumbo,tinto,Vino Callia Magna Tannat  750 Cc,CALLIA,38,38,https://www.jumbo.com.ar/vino-callia-magna-tannat-750-cc/p
1,Jumbo,tinto,Vino Callia Syrah X 6-cja-cc.-790,CALLIA,126,126,https://www.jumbo.com.ar/vino-callia-syrah-x-6-cja-cc-790-2/p
1,Jumbo,tinto,Vino Calvet Cabernet X 750 Cc,CALVET,15,15,https://www.jumbo.com.ar/vino-calvet-cabernet-x-750-cc-2/p
1,Jumbo,tinto,Vino Calvet Malbec-bot-cc.-750,CALVET,16,16,https://www.jumbo.com.ar/vino-calvet-malbec-bot-cc-750/p
1,Jumbo,tinto,Vino Calypso Malbec-bot-cc.-750,CALYPSO,141,141,https://www.jumbo.com.ar/vino-calypso-malbec-bot-cc-750/p
1,Jumbo,tinto,Vino Campo Alegre Tinto X 700 Cc-bot-cc.-700,CAMPO ALEGRE,6,6,https://www.jumbo.com.ar/vino-campo-alegre-tinto-x-700-cc-bot-cc-700/p
1,Jumbo,tinto,Vino Canciller Blend I Mer-sir-malb X 1125,CANCILLER,196,196,https://www.jumbo.com.ar/vino-canciller-blend-i-mer-sir-malb-x-1125/p
1,Jumbo,tinto,Vino Canciller Blend Tinto 1125cc 1,CANCILLER,4175,4175,https://www.jumbo.com.ar/vino-canciller-blend-tinto-1125cc-1/p
1,Jumbo,tinto,Vino Canciller Cab Sauv - Cadenas,MENDEL,1250,1250,https://www.jumbo.com.ar/vino-canciller-cab-sauv-cadenas/p
1,Jumbo,tinto,Vino Canciller Cabernet Bot-1125ml,CANCILLER,6300,6300,https://www.jumbo.com.ar/vino-canciller-cabernet-bot-1125ml/p
1,Jumbo,tinto,Vino Canciller Malbec - Cadenas,CANCILLER,1300,1300,https://www.jumbo.com.ar/vino-canciller-malbec-cadenas/p
1,Jumbo,tinto,Vino Canciller Merlot Sin Atributo Sin Atributo,CANCILLER,,,https://www.jumbo.com.ar/vino-canciller-merlot-sin-atributo-sin-atributo-187698/p
1,Jumbo,tinto,Vino Canciller Red Blend Iii Tinto - 750 Ml,CANCILLER,165,165,https://www.jumbo.com.ar/vino-canciller-red-blend-iii-tinto-750-ml/p
1,Jumbo,tinto,Vino Cantus Malbec 750cc - Bot-0.75-lt. - Sin Atributo,DV CATENA,4250,4250,https://www.jumbo.com.ar/vino-cantus-malbec-750cc-bot-0-75-lt-sin-atributo/p
1,Jumbo,tinto,Vino Cara Sucia Tinto 750 Cc,SIN MARCA,262,262,https://www.jumbo.com.ar/vino-cara-sucia-tinto-750-cc/p
1,Jumbo,tinto,Vino Carcassone 1884 Syrah X 7,CARCASSONNE,28,28,https://www.jumbo.com.ar/vino-carcassone-1884-syrah-x-7/p
1,Jumbo,tinto,Vino Carcassone Tempranillo Botella  750 Cc,CARCASSONNE,29,29,https://www.jumbo.com.ar/vino-carcassone-tempranillo-botella-750-cc/p
1,Jumbo,tinto,Vino Carcassonne Cabernet Malbec X 6 Uni 700 Cc  Cja 6 Un.,CARCASSONNE,37,37,https://www.jumbo.com.ar/vino-carcassonne-cabernet-malbec-x-6-uni-700-cc-cja-6-un/p
1,Jumbo,tinto,Vino Carcassonne Merlot Botella 750 Cc,CARCASSONNE,28,28,https://www.jumbo.com.ar/vino-carcassonne-merlot-botella-750-cc/p
1,Jumbo,tinto,Vino Carlos Basso Blend 750 Ml,CARLOS BASSO,39900,39900,https://www.jumbo.com.ar/vino-carlos-basso-blend-750-ml/p
1,Jumbo,tinto,Vino Carmelo Patti Malbec,CARMELO,393,393,https://www.jumbo.com.ar/vino-carmelo-patti-malbec/p
1,Jumbo,tinto,Vino Carmenere Misiones De Rengo Tinto Reserva Bot 750 Ml.,MISIONES DE RENGO,40,40,https://www.jumbo.com.ar/vino-carmenere-misiones-de-rengo-tinto-reserva-bot-750-ml/p
1,Jumbo,tinto,Vino Carranza Syrah Bot 750 Cc.,CARRANZA,25,25,https://www.jumbo.com.ar/vino-carranza-syrah-x-750-cc/p
1,Jumbo,tinto,Vino Carrascal Malbec 750cc,PUTRUELE,12100,12100,https://www.jumbo.com.ar/vino-carrascal-malbec-750cc/p
1,Jumbo,tinto,Vino Casa Agostino Cabernet Franc 750 Ml,CASA AGOSTINO,6900,6900,https://www.jumbo.com.ar/vino-casa-agostino-cabernet-franc-750-ml/p
1,Jumbo,tinto,Vino Casa Agostino Estate Syrah-malbec,AGOSTINO,22660,22660,https://www.jumbo.com.ar/vino-casa-agostino-estate-syrah-malbec/p
1,Jumbo,tinto,Vino Casa Agostino Familia Corte Uva Tintas,AGOSTINO,22660,22660,https://www.jumbo.com.ar/vino-casa-agostino-familia-corte-uva-tintas/p
1,Jumbo,tinto,Vino Casa Agostino Malbec,CASA AGOSTINO,7700,7700,https://www.jumbo.com.ar/vino-casa-agostino-malbec/p
1,Jumbo,tinto,Vino Casa De Campo Cabernet Sauvignon X 1.25 Lt,CASA DE CAMPO,27,27,https://www.jumbo.com.ar/vino-casa-de-campo-cabernet-sauvignon-x-1-25-lt/p
1,Jumbo,tinto,Vino Casa De Campo Malbec Botella 700 Cc,CASA DE CAMPO,14,14,https://www.jumbo.com.ar/vino-casa-de-campo-malbec-botella-700-cc/p
1,Jumbo,tinto,Vino Casa Petrini Iman 750 Ml,CASA PETRINI,37100,37100,https://www.jumbo.com.ar/vino-casa-petrini-iman-750-ml/p
1,Jumbo,tinto,Vino Casa Petrini Roca Volcaninca Malbec 750 Ml,CASA PETRINI,6282,6282,https://www.jumbo.com.ar/vino-casa-petrini-roca-volcaninca-malbec-750-ml/p
1,Jumbo,tinto,Vino Casa Petrini Talud Blend 750 Ml,CASA PETRINI,13276,13276,https://www.jumbo.com.ar/vino-casa-petrini-talud-blend-750-ml/p
1,Jumbo,tinto,Vino Casa Petrini Talud Cabernet Franc,CASA PETRINI,15345,15345,https://www.jumbo.com.ar/vino-casa-petrini-talud-cabernet-franc/p
1,Jumbo,tinto,Vino Casillero Del Diablo Merl,CASILLERO DEL DIABLO,66,66,https://www.jumbo.com.ar/vino-casillero-del-diablo-merl/p
1,Jumbo,tinto,Vino Castello Marcone Malbec Sin Atributo Sin Atributo Sin Atributo Sin Atributo,CASTELLO MARCONE,,,https://www.jumbo.com.ar/vino-castello-marcone-malbec-170199/p
1,Jumbo,tinto,Vino Catalpa Malbec,CATALPA,29750,29750,https://www.jumbo.com.ar/vino-catalpa-malbec/p
1,Jumbo,tinto,Vino Cava De Santos Malbec X 750cc   Bot 750 Cc.,CAVA DE SANTOS,,,https://www.jumbo.com.ar/vino-cava-de-santos-malbec-x-750cc-bot-750-cc/p
1,Jumbo,tinto,Vino Cava De Santos Syrah Bonarda,CAVA DE SANTOS,20,20,https://www.jumbo.com.ar/vino-cava-de-santos-syrah-bonarda-290623/p
1,Jumbo,tinto,Vino Cavas Andinas Roble Cabernetx750,CAVAS ANDINAS,36,36,https://www.jumbo.com.ar/vino-cavas-andinas-roble-cabernetx750/p
1,Jumbo,tinto,Vino Cavas De Cortez Tinto Cabernet Malbec Bot 750 Cc.,RENACER,390,390,https://www.jumbo.com.ar/vino-renacer/p
1,Jumbo,tinto,Vino Cavas Del Rey Tinto X 750 Cc.,CAVAS DEL REY,6,6,https://www.jumbo.com.ar/vino-cavas-del-rey-tinto-bot-750-cc/p
1,Jumbo,tinto,Vino Celler Vall Llach Embruix Tinto-bot-cc.-750,SIN MARCA,248,248,https://www.jumbo.com.ar/vino-celler-vall-llach-embruix-tinto-bot-cc-750/p
1,Jumbo,tinto,Vino Celsius-bot-cc.-750,DON DIEGO,61,61,https://www.jumbo.com.ar/vino-celsius-bot-cc-750/p
1,Jumbo,tinto,Vino Centenario Cabernet Estuche,CENTENARIO,31,31,https://www.jumbo.com.ar/vino-centenario-cabernet-estuche-2/p
1,Jumbo,tinto,Vino Cepa Tradicional Malbec,CEPA TRADICIONAL,9900,9900,https://www.jumbo.com.ar/vino-cepa-tradicional-malbec/p
1,Jumbo,tinto,Vino Chac Chac Malbec  Lata 269cc,CHAC CHAC,3400,3400,https://www.jumbo.com.ar/vino-chac-chac-malbec-lata-269cc/p
1,Jumbo,tinto,Vino Chac Chac Malbec Rose Lata269cc,CHAC CHAC,3400,3400,https://www.jumbo.com.ar/vino-chac-chac-malbec-rose-lata269cc/p
1,Jumbo,tinto,Vino Chacayes Appellation Malbec X750 Ml,CADUS,879,879,https://www.jumbo.com.ar/vino-chacayes-appellation-malbec-x750-ml/p
1,Jumbo,tinto,Vino Chakana Estate Selection Malbec 750cc,CHAKANA,2410,2410,https://www.jumbo.com.ar/vino-chakana-estate-selection-malbec-750cc/p
1,Jumbo,tinto,Vino Chakana Finca Los Cedros Organico 750cc,CHAKANA,2639,2639,https://www.jumbo.com.ar/vino-chakana-finca-los-cedros-organico-750cc/p
1,Jumbo,tinto,Vino Chakana Nuna Malbec Organico & Biodinamico 750cc,CHAKANA,1721,1721,https://www.jumbo.com.ar/vino-chakana-nuna-malbec-organico-biodinamico-750cc/p
1,Jumbo,tinto,Vino Champs Elysees Borgoña Botella 700 Cc,CHAMPS ELYSEES,9,9,https://www.jumbo.com.ar/vino-champs-elysees-borgona-botella-700-cc/p
1,Día,tinto,Vino Chardonay Talisman 750 Ml.,TALISMAN,4990,4990,https://diaonline.supermercadosdia.com.ar/vino-chardonay-talisman-750-ml-298702/p
1,Jumbo,tinto,Vino Chateau Signac Corte-bot-cc.-750,CHATEAU,,,https://www.jumbo.com.ar/vino-chateau-signac-corte-bot-cc-750/p
1,Jumbo,tinto,Vino Chateu Del Valle Bg¤a,CHATEU DEL VALLE,3,3,https://www.jumbo.com.ar/vino-chateu-del-valle-bgna-289878/p
1,Jumbo,tinto,Vino Chcayes Tinto-bot-cc.-750,CHACAYES,684,684,https://www.jumbo.com.ar/vino-chcayes-tinto-bot-cc-750/p
1,Jumbo,tinto,Vino Clarete X 750 Cc Giol,GIOL,6700,6700,https://www.jumbo.com.ar/vino-clarete-x-750-cc-giol/p
1,Jumbo,tinto,Vino Cold Creek Cabernet Sauvignon X 750 Ml Chateau Ste. Michelle,CHATEAU STE. MICHELLE,,,https://www.jumbo.com.ar/vino-cold-creek-cabernet-sauvignon-x-750-ml-chateau-ste-michelle/p
1,ChangoMás,tinto,Vino Colección Malbec Bodega Privada 750 Ml,Bodega Privada,,,https://www.masonline.com.ar/vino-coleccion-malbec-bodega-privada-750-ml-2/p
1,Jumbo,tinto,Vino Coleccion Michel Torino Tannat Tannat Botella 750 Cc,MICHEL TORINO,28,28,https://www.jumbo.com.ar/vino-coleccion-michel-torino-tannat-tannat-botella-750-cc/p
1,Jumbo,tinto,Vino Colome Amalaya Blend X 375cc-sin Atributo-bot-cc.-375,AMALAYA,52,52,https://www.jumbo.com.ar/vino-colome-amalaya-blend-x-375cc-sin-atributo-bot-cc-375-2/p
1,Jumbo,tinto,Vino Colon Bonarda-bot-cc.-750,COLON,71,71,https://www.jumbo.com.ar/vino-colon-bonarda-bot-cc-750/p
1,Jumbo,tinto,Vino Colon Borgoña Botella 750 Cc,COLON,8,8,https://www.jumbo.com.ar/vino-colon-borgona-botella-750-cc/p
1,Jumbo,tinto,Vino Colon Selecto Merlot Cab Sauvignon,COLON,5800,5800,https://www.jumbo.com.ar/vino-colon-selecto-merlot-cab-sauvignon/p
1,Jumbo,tinto,Vino Colosso Maldito,COLOSSO WINES,56100,56100,https://www.jumbo.com.ar/vino-colosso-maldito/p
1,Jumbo,tinto,Vino Colosso Tramposo Cabernet Franc 750 Ml,COLOSSO WINES,9450,9450,https://www.jumbo.com.ar/vino-colosso-tramposo-cabernet-franc-750-ml/p
1,ChangoMás,tinto,Vino Concha Y Toro  Reservado Malbec 750 Cc,Concha y Toro,,,https://www.masonline.com.ar/vino-concha-y-toro-reservado-malbec-750-cc-2/p
1,Jumbo,tinto,Vino Concha Y Toro Merlot Nacional Botella 750 Cc,CONCHA Y TORO,17,17,https://www.jumbo.com.ar/vino-concha-y-toro-merlot-nacional-botella-750-cc/p
1,Jumbo,tinto,Vino Concha Y Toro Syrah Cabernet Botella 750 Cc,CONCHA Y TORO,15,15,https://www.jumbo.com.ar/vino-concha-y-toro-syrah-cabernet-x-750-cc/p
1,Jumbo,tinto,Vino Concilio Tinto Tetrabrick 1 Lt,CONCILIO,1950,1950,https://www.jumbo.com.ar/vino-concilio-tinto-tetrabrick-1-lt/p
1,Jumbo,tinto,Vino Conclave Gran Corte,CONCLAVE,15907,15907,https://www.jumbo.com.ar/vino-conclave-gran-corte-2/p
1,Jumbo,tinto,Vino Conquista Malbec X 750cc,CONQUISTA,17,17,https://www.jumbo.com.ar/vino-conquista-malbec-x-750cc/p
1,Jumbo,tinto,Vino Conquista Syrah-bot-cc.-750,CONQUISTA,29,29,https://www.jumbo.com.ar/vino-conquista-syrah-bot-cc-750/p
1,Jumbo,tinto,Vino Cordero Con Piel De Lobo Bag In Box Malbe,Mosquita Muerta,4176,4176,https://www.jumbo.com.ar/vino-cordero-con-piel-de-lobo-bag-in-box-malbe/p
1,Jumbo,tinto,Vino Cordero Con Piel De Lobo Cabernet Sauvign,LAS PERDICES,2950,2950,https://www.jumbo.com.ar/vino-cordero-con-piel-de-lobo-cabernet-sauvign-2/p
1,Jumbo,tinto,Vino Cornejo Costas Bonarda-bot-cc.-251,CORNEJO COSTAS,20,20,https://www.jumbo.com.ar/vino-cornejo-costas-bonarda-bot-cc-251/p
1,Jumbo,tinto,Vino Cornejo Costas Borgoña-bot-cc.-251,CORNEJO COSTAS,20,20,https://www.jumbo.com.ar/vino-cornejo-costas-borgona-bot-cc-251/p
1,Jumbo,tinto,Vino Cornejo Costas Cabernet X 750 Cc,CORNEJO COSTAS,13,13,https://www.jumbo.com.ar/vino-cornejo-costas-cabernet-x-750-cc/p
1,Jumbo,tinto,Vino Cornejo Costas Malbec Botella 750 Cc,CORNEJO COSTAS,23,23,https://www.jumbo.com.ar/vino-cornejo-costas-malbec-botella-750-cc/p
1,Jumbo,tinto,Vino Crespi Tinto Brk,CRESPI,77,77,https://www.jumbo.com.ar/vino-crespi-tinto-brk/p
1,Jumbo,tinto,Vino Criolla 750cc Lagarde,LAGARDE,15750,15750,https://www.jumbo.com.ar/vino-criolla-750cc-lagarde/p
1,Jumbo,tinto,Vino Crios Syrah-bonarda,CRIOS,200,200,https://www.jumbo.com.ar/vino-crios-syrah-bonarda/p
1,Jumbo,tinto,Vino Crotta Bonar Syrah Malb,CROTTA,11,11,https://www.jumbo.com.ar/vino-crotta-bonar-syrah-malb-289880/p
1,Jumbo,tinto,Vino Crotta Cab Sauv,CROTTA,15,15,https://www.jumbo.com.ar/vino-crotta-cab-sauv-290167/p
1,Jumbo,tinto,Vino Crotta Malb Syrah Malb,CROTTA,,,https://www.jumbo.com.ar/vino-crotta-malb-syrah-malb/p
1,Jumbo,tinto,Vino Crotta Syrah,CROTTA,11,11,https://www.jumbo.com.ar/vino-crotta-syrah/p
1,Jumbo,tinto,Vino Crotta Tempranill,CROTTA,8,8,https://www.jumbo.com.ar/vino-crotta-tempranill/p
1,Jumbo,tinto,Vino Crux Cabernet Franc,CRUX,13850,13850,https://www.jumbo.com.ar/vino-crux-cabernet-franc/p
1,Jumbo,tinto,Vino Cruz Alta Blend-bot-cc.-750,CRUZ ALTA,77,77,https://www.jumbo.com.ar/vino-cruz-alta-blend-bot-cc-750/p
1,Jumbo,tinto,Vino Cruz Alta Cabernet Sauvignon-bot-cc.-750,CRUZ ALTA,8600,8600,https://www.jumbo.com.ar/vino-cruz-alta-cabernet-sauvignon-bot-cc-750/p
1,Jumbo,tinto,Vino Cuba Mayor Tinto X 1000 Ml,CUBA MAYOR,,,https://www.jumbo.com.ar/vino-cuba-mayor-tinto-x-1000-ml-266339/p
1,Jumbo,tinto,Vino Cuvee Tinto Seleccion Botella 700 Cc,CUVEE,13,13,https://www.jumbo.com.ar/vino-cuvee-tinto-seleccion/p
1,Jumbo,tinto,Vino Cuvelier Los Andes Grand Malb 750cc,CUVELIER LOS ANDES,79800,79800,https://www.jumbo.com.ar/vino-cuvelier-los-andes-grand-malb-750cc/p
1,Jumbo,tinto,Vino D/ Mesa Chateu Del Valle Bg¤a,CHATEU DEL VALLE,3,3,https://www.jumbo.com.ar/vino-d-mesa-chateu-del-valle-bgna-290157/p
1,Jumbo,tinto,Vino D/ Mesa Pecari Tinto,PECARI,3,3,https://www.jumbo.com.ar/vino-d-mesa-pecari-tinto-290182/p
1,Jumbo,tinto,Vino Dada Art 1 Moka 750cc,DADA,7950,7950,https://www.jumbo.com.ar/vino-dada-art-1-moka-750cc/p
1,Jumbo,tinto,Vino Dada Art 3 Incre Mal-sang 750cc,ESTANCIA MENDOZA,2000,2000,https://www.jumbo.com.ar/vino-dada-art-3-incre-mal-sang-750cc/p
1,Jumbo,tinto,Vino Dada Incrediblends 2 M/t-750cc,CANCILLER,7800,7800,https://www.jumbo.com.ar/vino-dada-incrediblends-2-m-t-750cc/p
1,Día,tinto,Vino Dadá nº8 750 ml.,DADA,6790,6790,https://diaonline.supermercadosdia.com.ar/vino-dada-nº8-750-ml-249818/p
1,Jumbo,tinto,Vino Dada Vainilla Estuche-est-cc.-750,DADA,,,https://www.jumbo.com.ar/vino-dada-vainilla-estuche-est-cc-750/p
1,Jumbo,tinto,Vino Dalton Merlot X 750 Cc   Bot 750 Cc.,DALTON,8,8,https://www.jumbo.com.ar/vino-dalton-merlot-x-750-cc-bot-750-cc/p
1,Jumbo,tinto,Vino Dalton Tinto X 750 Ml,DALTON,204,204,https://www.jumbo.com.ar/vino-dalton-tinto-x-750-ml/p
1,Jumbo,tinto,Vino Dante Robino Legado Malbec Botella 750mlx1,DANTE ROBINO,15700,15700,https://www.jumbo.com.ar/vino-dante-robino-legado-malbec-botella-750mlx1/p
1,Jumbo,tinto,Vino Darom Tto X750cc,DAROM,37,37,https://www.jumbo.com.ar/vino-darom-tto-x750cc/p
1,Jumbo,tinto,Vino De Mesa Bordolino Tinto Brick 1 Lt,BORDOLINO,2,2,https://www.jumbo.com.ar/vino-de-mesa-bordolino-tinto-brick-1-lt/p
1,Jumbo,tinto,Vino De Mesa Casa De Troya Tinto   Brk 1 Lt.,CASA DE TROYA,2,2,https://www.jumbo.com.ar/vino-de-mesa-casa-de-troya-tinto-brk-1-lt/p
1,Jumbo,tinto,Vino De Mesa Cavic Tinto Sabor Dulce Sin Atributo Sin Atributo,CAVIC,,,https://www.jumbo.com.ar/vino-de-mesa-cavic-tinto-176900/p
1,Jumbo,tinto,Vino De Mesa Jockey Club  Tinto  X 1.5 Lt.,JOCKEY CLUB,3,3,https://www.jumbo.com.ar/vino-de-mesa-jockey-club-tinto-192779/p
1,Jumbo,tinto,Vino De Mesa Talacasto Tinto Dulce1 Lt.,TALACASTO,1,1,https://www.jumbo.com.ar/vino-de-mesa-talacasto-tinto-2/p
1,Jumbo,tinto,Vino De Mesa Termidor Tinto,TERMIDOR,10,10,https://www.jumbo.com.ar/vino-de-mesa-termidor-tinto/p
1,Jumbo,tinto,Vino De Mesa Termidor Tinto Brick 1 Lt,TERMIDOR,11,11,https://www.jumbo.com.ar/vino-de-mesa-termidor-tinto-brick-1-lt/p
1,Jumbo,tinto,Vino De Mesa Termidor Tinto Malbec 1 Lt,TERMIDOR,10,10,https://www.jumbo.com.ar/vino-de-mesa-termidor-tinto-malbec-1-lt/p
1,Jumbo,tinto,Vino De Mesa Termidor Tinto-syrah-brk-cc.-100,TERMIDOR,17,17,https://www.jumbo.com.ar/vino-de-mesa-termidor-tinto-syrah-brk-cc-100/p
1,Jumbo,tinto,Vino De Mesa Uvita Tinto  X 1 Lt Fiesta  Brk 1 Lt.,UVITA,3,3,https://www.jumbo.com.ar/vino-de-mesa-uvita-tinto-x-1-lt/p
1,Jumbo,tinto,Vino De Mesa Uvita Tinto X 1 Lt Clerico  Brk 1 Lt.,UVITA,3,3,https://www.jumbo.com.ar/vino-de-mesa-uvita-tinto-x-1-lt-2/p
1,Jumbo,tinto,Vino De Mesa Uvita Tinto X 1lt Sangria  Brk 1 Lt.,UVITA,3,3,https://www.jumbo.com.ar/vino-de-mesa-uvita-tinto-x-1lt/p
1,Jumbo,tinto,Vino De Mesa Zumuva Tinto Prisma   Brk 100 Cc.,ZUMUVA,,,https://www.jumbo.com.ar/vino-de-mesa-zumuva-tinto-prisma-brk-100-cc/p
1,Jumbo,tinto,Vino De Mesaviñas Riojanas Tinto X 1 Lt.,VIÑAS RIOJANAS,22,22,https://www.jumbo.com.ar/vino-de-mesavinas-riojanas-tinto-x-1-lt/p
1,Jumbo,tinto,Vino Desterrado El Camino Blend,ESCORIHUELA,12250,12250,https://www.jumbo.com.ar/vino-desterrado-el-camino-blend/p
1,Jumbo,tinto,Vino Desterrado El Destino Blend,DESTERRADO,13250,13250,https://www.jumbo.com.ar/vino-desterrado-el-destino-blend/p
1,Jumbo,tinto,Vino Desterrado El Inicio Blend,LA CELIA,12250,12250,https://www.jumbo.com.ar/vino-desterrado-el-inicio-blend/p
1,Jumbo,tinto,Vino Desvario Malbec-bot-cc.-750,DESVARIO,75,75,https://www.jumbo.com.ar/vino-desvario-malbec-bot-cc-750-2/p
1,Jumbo,tinto,Vino Diamandes Cabernet Sauvignon,DIAMANDES,,,https://www.jumbo.com.ar/vino-diamandes-cabernet-sauvignon/p
1,Jumbo,tinto,Vino Dolores Red Blend 750 Cc,DOLORES CORREAS,8350,8350,https://www.jumbo.com.ar/vino-dolores-red-blend-750-cc/p
1,Jumbo,tinto,Vino Domaine Bousquet Reserva Malbec 750,DOMAINE BOUSQUET,16000,16000,https://www.jumbo.com.ar/vino-domaine-bousquet-reserva-malbec-750/p
1,Jumbo,tinto,Vino Domingo Hnos Cabernet Malbec   Bot 750 Cc.,DOMINGO HNOS,39,39,https://www.jumbo.com.ar/vino-domingo-hnos-cabernet-malbec-bot-750-cc/p
1,Jumbo,tinto,Vino Domingo Molina Cab Sauv,DOMINGO MOLINA,9563,9563,https://www.jumbo.com.ar/vino-domingo-molina-cab-sauv/p
1,Jumbo,tinto,Vino Domingo Molina Malb X 750ml,DOMINGO MOLINA,26690,26690,https://www.jumbo.com.ar/vino-domingo-molina-malb-x-750ml/p
1,Jumbo,tinto,Vino Don Baltazar Cabernet Franc,DON BALTAZAR,69,69,https://www.jumbo.com.ar/vino-don-baltazar-cabernet-franc-2/p
1,Jumbo,tinto,Vino Don Baltazar Syrah-bot-cc.-750,DON BALTAZAR,30,30,https://www.jumbo.com.ar/vino-don-baltazar-syrah-bot-cc-750/p
1,Jumbo,tinto,Vino Don David Cabernet X 3 Lt,DON DAVID,316,316,https://www.jumbo.com.ar/vino-don-david-cabernet-x-3-lt/p
1,Jumbo,tinto,Vino Don David Malbec Estuche 1 U,DON DAVID,25,25,https://www.jumbo.com.ar/vino-don-david-malbec-estuche-1-u/p
1,Jumbo,tinto,Vino Don David Malbec Estuche-estuche-est-cc.-750,DON DAVID,101,101,https://www.jumbo.com.ar/vino-don-david-malbec-estuche-estuche-est-cc-750/p
1,Jumbo,tinto,Vino Don Diego Castaño-bot-cc.-750,PACHECO PEREDA,51,51,https://www.jumbo.com.ar/vino-don-diego-castano-bot-cc-750/p
1,Jumbo,tinto,Vino Don Diego Syrah 2003,SIN MARCA,26,26,https://www.jumbo.com.ar/vino-don-diego-syrah-2003-290523/p
1,Jumbo,tinto,Vino Don Diego Syrah-cabernet-bot-cc.-750,DON DIEGO,68,68,https://www.jumbo.com.ar/vino-don-diego-syrah-cabernet-bot-cc-750/p
1,Jumbo,tinto,Vino Don Ezequiel Caber Suav X750,DON EZEQUIEL,29,29,https://www.jumbo.com.ar/vino-don-ezequiel-caber-suav-x750/p
1,Jumbo,tinto,Vino Don Nicanor Barrel Select,DON NICANOR,5189,5189,https://www.jumbo.com.ar/vino-don-nicanor-barrel-select/p
1,Jumbo,tinto,Vino Don Nicanor Blend Estuche,DON NICANOR,61,61,https://www.jumbo.com.ar/vino-don-nicanor-blend-estuche/p
1,Jumbo,tinto,Vino Don Nicanor Blend Promo,DON NICANOR,195,195,https://www.jumbo.com.ar/vino-don-nicanor-blend-promo/p
1,Jumbo,tinto,Vino Don Nicanor Merlot X 750 Cc,DON NICANOR,58,58,https://www.jumbo.com.ar/vino-don-nicanor-merlot-x-750-cc/p
1,Jumbo,tinto,Vino Don Nicanor Tardio,DON NICANOR,53,53,https://www.jumbo.com.ar/vino-don-nicanor-tardio/p
1,Jumbo,tinto,Vino Don Valentin Lacrado -  Ed. Vintage,DON VALENTIN,144,144,https://www.jumbo.com.ar/vino-don-valentin-lacrado-ed-vintage/p
1,Jumbo,tinto,Vino Don Valentin Lacrado Clasico Bag In Box,DON VALENTIN,2025,2025,https://www.jumbo.com.ar/vino-don-valentin-lacrado-clasico-bag-in-box/p
1,Jumbo,tinto,Vino Doña Paula Ble Edition 750 Cc,DOÑA PAULA,681,681,https://www.jumbo.com.ar/vino-dona-paula-ble-edition-750-cc/p
1,Jumbo,tinto,Vino Doña Paula Syrah-malbec X 750cc,DOÑA PAULA,80,80,https://www.jumbo.com.ar/vino-dona-paula-syrah-malbec-x-750cc/p
1,Jumbo,tinto,Vino Dos Tonos Con Cola-bot-cc.-930,CRESPI,11,11,https://www.jumbo.com.ar/vino-dos-tonos-con-cola-bot-cc-930/p
1,Jumbo,tinto,Vino Dos Tonos Con Jugo De Frutilla-brk-cc.-100,CRESPI,9,9,https://www.jumbo.com.ar/vino-dos-tonos-con-jugo-de-frutilla-brk-cc-100-2/p
1,Jumbo,tinto,Vino Dos Voces Twin Pack,DOS VOCES,48,48,https://www.jumbo.com.ar/vino-dos-voces-twin-pack/p
1,Jumbo,tinto,Vino El Bautismo Blend 750 Ml,EL BAUTISMO,6700,6700,https://www.jumbo.com.ar/vino-el-bautismo-blend-750-ml/p
1,Jumbo,tinto,Vino El Esteco Tardío Tinto 500 Cc,EL ESTECO,481,481,https://www.jumbo.com.ar/vino-el-esteco-tardio-tinto-500-cc/p
1,Jumbo,tinto,Vino El Portillo Cabernet Est X 2u,PORTILLO,38,38,https://www.jumbo.com.ar/vino-el-portillo-cabernet-est-x-2u/p
1,Jumbo,tinto,Vino El Portillo Elevado Cabernet X 750 Cc,PORTILLO,23,23,https://www.jumbo.com.ar/vino-el-portillo-elevado-cabernet-x-750-cc/p
1,Jumbo,tinto,Vino El Portillo Tempranillo - Malbec X 750,PORTILLO,9,9,https://www.jumbo.com.ar/vino-el-portillo-tempranillo-malbec-x-750/p
1,Jumbo,tinto,Vino Elegido Tinto De Tintas,NORTON,5450,5450,https://www.jumbo.com.ar/vino-elegido-tinto-de-tintas-2/p
1,Jumbo,tinto,Vino Em Malbec - Cadenas,ESTANCIA MENDOZA,4000,4000,https://www.jumbo.com.ar/vino-em-malbec-cadenas/p
1,Jumbo,tinto,Vino Emilio Moro Blend-bot-cc.-750,EMILIO MORO,149,149,https://www.jumbo.com.ar/vino-emilio-moro-blend-bot-cc-750/p
1,Jumbo,tinto,Vino Emma Bonarda 750cc Zuccardi,ZUCCARDI,47916,47916,https://www.jumbo.com.ar/vino-zuccardi-emma-bonarda-750cc/p
1,Jumbo,tinto,Vino Enzo Bianchi Cabernet Sauvignon,BIANCHI,750,750,https://www.jumbo.com.ar/vino-enzo-bianchi-cabernet-sauvignon/p
1,Jumbo,tinto,Vino Enzo Bianchi Gran Corte Cosecha 2019,ENZO BIANCHI,124778,124778,https://www.jumbo.com.ar/vino-enzo-bianchi-gran-corte-cosecha-2019/p
1,Jumbo,tinto,Vino Escorihuela G. Cabernet Sauvignon X375 Cc-bot-cc.-375,ESCORIHUELA,140,140,https://www.jumbo.com.ar/vino-escorihuela-gascon-malbec-x-375cc/p
1,Jumbo,tinto,Vino Escorihuela Gas C/ Syrah Malb,ESCORIHUELA,73,73,https://www.jumbo.com.ar/vino-escorihuela-gas-c-syrah-malb/p
1,Jumbo,tinto,Vino Escorihuela Gascon Syrah   Bot 750 Cc.,ESCORIHUELA,39,39,https://www.jumbo.com.ar/vino-escorihuela-gascon-syrah-bot-750-cc/p
1,Jumbo,tinto,Vino Esmeralda Blend,ESMERALDA,208,208,https://www.jumbo.com.ar/vino-esmeralda-blend-2/p
1,Jumbo,tinto,Vino Esmeralda Red Blend 750 Ml,ESMERALDA,10150,10150,https://www.jumbo.com.ar/vino-esmeralda-red-blend-750-ml/p
1,Jumbo,tinto,Vino Espiritu De Argentina Cabernet Sauvignon-bot-cc.-750,ESPIRITU DE ARGENTINA,50,50,https://www.jumbo.com.ar/vino-espiritu-de-argentina-cabernet-sauvignon-bot-cc-750/p
1,Jumbo,tinto,Vino Espiritu De Argentina Malbec Reserva-reserve-bot-cc.-750,ESPIRITU DE ARGENTINA,40,40,https://www.jumbo.com.ar/vino-espiritu-de-argentina-malbec-reserva-reserve-bot-cc-750/p
1,Jumbo,tinto,Vino Esploratore La Rioja X 750 Cc D.v. Catena,DV CATENA,32450,32450,https://www.jumbo.com.ar/vino-esploratore-la-rioja-x-750-cc-d-v-catena/p
1,Jumbo,tinto,Vino Esquinas Malbec 750 Ml,ESQUINAS,187,187,https://www.jumbo.com.ar/vino-esquinas-malbec-750-ml/p
1,Jumbo,tinto,Vino Estancia Ancon Cabernet Sauvignon Botella 750 Cc,ESTANCIA ANCON,20,20,https://www.jumbo.com.ar/vino-estancia-ancon-cabernet-sauvignon-x-750-cc/p
1,Jumbo,tinto,Vino Estancia Mendoza Cab Syrah  750 Ml,ESTANCIA MENDOZA,256,256,https://www.jumbo.com.ar/vino-estancia-mendoza-cab-syrah-750-ml/p
1,Jumbo,tinto,Vino Estancia Mendoza Cab-mal 3000,ESTANCIA MENDOZA,,,https://www.jumbo.com.ar/vino-estancia-mendoza-cab-mal-3000/p
1,Jumbo,tinto,Vino Estancia Mendoza Cabernet Malbec 1000 M0,ESTANCIA MENDOZA,1646,1646,https://www.jumbo.com.ar/vino-estancia-mendoza-cabernet-malbec-1000-m0/p
1,Jumbo,tinto,Vino Estancia Mendoza Malbec Cab Edic Especial 750ce,ESTANCIA MENDOZA,1698,1698,https://www.jumbo.com.ar/vino-estancia-mendoza-malbec-cab-edic-especial-750ce/p
1,Jumbo,tinto,Vino Estancia Mendoza Malbec Merolot Edicion Especial 750cc,ESTANCIA MENDOZA,1698,1698,https://www.jumbo.com.ar/vino-estancia-mendoza-malbec-merolot-edicion-especial-750cc/p
1,Jumbo,tinto,Vino Estancia Mendoza Malbec Roble Estuche Estuche  Bot 750 Ml.,ESTANCIA MENDOZA,36,36,https://www.jumbo.com.ar/vino-estancia-mendoza-malbec-roble-estuche/p
1,Jumbo,tinto,Vino Estancia Mza Cabernet- Malbec X 750 Cc,ESTANCIA MENDOZA,1033,1033,https://www.jumbo.com.ar/vino-estancia-mza-cabernet-malbec-x-750-cc/p
1,Jumbo,tinto,Vino Estancia Mza Merlot- Malbec Tto,DIAMANDES,1000,1000,https://www.jumbo.com.ar/vino-estancia-mza-merlot-malbec-tto/p
1,Jumbo,tinto,Vino Estate Tannat De Corte 750ml Garzon,GARZON,,,https://www.jumbo.com.ar/vino-estate-tannat-de-corte-750ml-garzon/p
1,Jumbo,tinto,Vino Estiba I Malbec X 375cc,ESTIBA I,32,32,https://www.jumbo.com.ar/vino-estiba-i-malbec-x-375cc/p
1,Jumbo,tinto,Vino Estiba I Malbec X Caja-cja-cc.-790,ESTIBA I,,,https://www.jumbo.com.ar/vino-estiba-i-malbec-x-caja-cja-cc-790-405575/p
1,Jumbo,tinto,Vino Estiba I Red Blend,ESTIBA I,126,126,https://www.jumbo.com.ar/vino-estiba-i-red-blend-2/p
1,Jumbo,tinto,Vino Etchart Cabernet Sauvignon Cafayate Botella 750 Cc,ETCHART,11,11,https://www.jumbo.com.ar/vino-etchart-cabernet-sauvignon/p
1,Jumbo,tinto,Vino Etchart Malbec Cabernet Tipo Privado Botella 750 Cc,ETCHART,8,8,https://www.jumbo.com.ar/vino-etchart-malbec-2/p
1,Jumbo,tinto,Vino Etchart Malbec Privado Botella 750 Cc,ETCHART,8,8,https://www.jumbo.com.ar/vino-etchart-malbec-privado-botella-750-cc/p
1,Jumbo,tinto,Vino Etiqueta Negra Blend 750cc Samchen,SAMCHEN,11950,11950,https://www.jumbo.com.ar/vino-etiqueta-negra-blend-750cc-samchen/p
1,Jumbo,tinto,Vino Exploración Geográfica  Malbec Gualtallary 750 Ml,LAS PERDICES,24000,24000,https://www.jumbo.com.ar/vino-exploracion-geografica-malbec-gualtallary-750-ml/p
1,Jumbo,tinto,Vino Expo Vinos Y Bodegas 13-bot-un.-1,SIN MARCA,134,134,https://www.jumbo.com.ar/vino-expo-vinos-y-bodegas-13-bot-un-1-2/p
1,Jumbo,tinto,Vino Expo Vinos Y Bodegas 14-bot-un.-1,SIN MARCA,134,134,https://www.jumbo.com.ar/vino-expo-vinos-y-bodegas-14-bot-un-1/p
1,Jumbo,tinto,Vino Expo Vinos Y Bodegas 18-bot-un.-1,SIN MARCA,173,173,https://www.jumbo.com.ar/vino-expo-vinos-y-bodegas-18-bot-un-1/p
1,Jumbo,tinto,Vino Expo Vinos Y Bodegas 19-bot-un.-1,SIN MARCA,202,202,https://www.jumbo.com.ar/vino-expo-vinos-y-bodegas-19-bot-un-1-2/p
1,Jumbo,tinto,Vino Expo Vinos Y Bodegas 2-bot-un.-1,SIN MARCA,20,20,https://www.jumbo.com.ar/vino-expo-vinos-y-bodegas-2-bot-un-1-2/p
1,Jumbo,tinto,Vino Expo Vinos Y Bodegas 20-bot-un.-1,SIN MARCA,202,202,https://www.jumbo.com.ar/vino-expo-vinos-y-bodegas-20-bot-un-1/p
1,Jumbo,tinto,Vino Expo Vinos Y Bodegas 24-bot-un.-1,SIN MARCA,121,121,https://www.jumbo.com.ar/vino-expo-vinos-y-bodegas-24-bot-un-1/p
1,Jumbo,tinto,Vino Expo Vinos Y Bodegas 3-bot-un.-1,SIN MARCA,30,30,https://www.jumbo.com.ar/vino-expo-vinos-y-bodegas-3-bot-un-1/p
1,Jumbo,tinto,Vino Expo Vinos Y Bodegas 4-bot-un.-1,SIN MARCA,40,40,https://www.jumbo.com.ar/vino-expo-vinos-y-bodegas-4-bot-un-1-2/p
1,Jumbo,tinto,Vino Expo Vinos Y Bodegas 5-bot-un.-1,SIN MARCA,50,50,https://www.jumbo.com.ar/vino-expo-vinos-y-bodegas-5-bot-un-1-2/p
1,Jumbo,tinto,Vino Expo Vinos Y Bodegas 6-bot-un.-1,SIN MARCA,60,60,https://www.jumbo.com.ar/vino-expo-vinos-y-bodegas-6-bot-un-1-2/p
1,Jumbo,tinto,Vino Expo Vinos Y Bodegas 9-bot-un.-1,SIN MARCA,93,93,https://www.jumbo.com.ar/vino-expo-vinos-y-bodegas-9-bot-un-1-2/p
1,Jumbo,tinto,Vino Expo Vinos Y Bodegas-bot-un.-1,SIN MARCA,700,700,https://www.jumbo.com.ar/vino-expo-vinos-y-bodegas-bot-un-1/p
1,Jumbo,tinto,Vino F. Simonassi Malbec X 750 Cc Sin Atributo Sin Atributo Sin Atributo Sin Atributo,SIMONASSI,,,https://www.jumbo.com.ar/vino-simonassi-malbec-169775/p
1,Jumbo,tinto,Vino Fabre Montmayou Cabernet Sauvignon Reserva-reserve-est-cc.-750,FABRE MONTMAYOU,114,114,https://www.jumbo.com.ar/vino-fabre-montmayou-cabernet-sauvignon-reserva-reserve-est-cc-750/p
1,Jumbo,tinto,Vino Fabre Montmayou Malbec Reserva-reserve-bot-cc.-750,FABRE MONTMAYOU,114,114,https://www.jumbo.com.ar/vino-fabre-montmayou-malbec-reserva-reserve-bot-cc-750/p
1,Jumbo,tinto,Vino Fabre Montmayou Malbec-cabernet Sauvignon-est-cc.-750,FABRE MONTMAYOU,228,228,https://www.jumbo.com.ar/vino-fabre-montmayou-malbec-cabernet-sauvignon-est-cc-750/p
1,Jumbo,tinto,Vino Fabre Terruño Merlot X 750 Cc,FABRE MONTMAYOU,17750,17750,https://www.jumbo.com.ar/vino-fabre-terruno-merlot-x-750-cc/p
1,Jumbo,tinto,Vino Famiglia Bianchi Criolla 750,FAMIGLIA BIANCHI,2666,2666,https://www.jumbo.com.ar/vino-famiglia-bianchi-criolla-750/p
1,Jumbo,tinto,Vino Famiglia Bianchi Malbec Esuche X 1uni-est-un.-1,FAMIGLIA BIANCHI,,,https://www.jumbo.com.ar/vino-famiglia-bianchi-malbec-esuche-x-1uni-est-un-1-406467/p
1,Jumbo,tinto,Vino Famiglia Bianchi Red Blend 750 Cc,BIANCHI,2500,2500,https://www.jumbo.com.ar/vino-famiglia-bianchi-red-blend-750-cc/p
1,Jumbo,tinto,Vino Familia Robello Malbec Bot 750 Cc. Cabernet,FAMILIA ROBELLO,10,10,https://www.jumbo.com.ar/vino-familia-robello-malbec-bot-750-cc-cabernet/p
1,Jumbo,tinto,Vino Fca D/marques Tem Res 2003,FINCA DEL MARQUES,16,16,https://www.jumbo.com.ar/vino-fca-d-marques-tem-res-2003-290667/p
1,Jumbo,tinto,Vino Federico D/alvear Noble Bon,FEDERICO DE ALVEAR,10,10,https://www.jumbo.com.ar/vino-federico-d-alvear-noble-bon-290670/p
1,Jumbo,tinto,Vino Federico De Alvear Borgoña X 1125cc,FEDERICO DE ALVEAR,27,27,https://www.jumbo.com.ar/vino-federico-de-alvear-borgona-x-1125cc/p
1,Jumbo,tinto,Vino Federico De Alvear Malbec-bot-cc.-12_,FEDERICO DE ALVEAR,27,27,https://www.jumbo.com.ar/vino-federico-de-alvear-malbec-bot-cc-12-2/p
1,Jumbo,tinto,Vino Federico De Alvear Nobles Malbec X 750 Cc,FEDERICO DE ALVEAR,21,21,https://www.jumbo.com.ar/vino-federico-de-alvear-nobles-malbec-x-750-cc/p
1,Jumbo,tinto,Vino Federico De Alvear Red Blend 750ml,FEDERICO DE ALVEAR,1161,1161,https://www.jumbo.com.ar/vino-federico-de-alvear-red-blend-750ml/p
1,Jumbo,tinto,Vino Felino Red Blend 2020 750 Cc,FELINO,28147,28147,https://www.jumbo.com.ar/vino-felino-red-blend-2020-750-cc/p
1,Jumbo,tinto,Vino Festivo Malbec 750 Ml,FESTIVO,14200,14200,https://www.jumbo.com.ar/vino-festivo-malbec-750-ml/p
1,Jumbo,tinto,Vino Fin Cabernet Franc 750cc,FIN DEL MUNDO,45350,45350,https://www.jumbo.com.ar/vino-fin-cabernet-franc-750cc-2/p
1,Jumbo,tinto,Vino Fin Del Mundo Organic Vineyards Malbec 75,FIN DEL MUNDO,15800,15800,https://www.jumbo.com.ar/vino-fin-del-mundo-organic-vineyards-malbec-75/p
1,Jumbo,tinto,Vino Finbeltran Duo Malbec Tempranillo Botella 750 Cc,FINCA BELTRAN DUO,11,11,https://www.jumbo.com.ar/vino-finbeltran-duo-malbec-tempranillo-botella-750-cc/p
1,Jumbo,tinto,Vino Finca Allende Blend-bot-cc.-750,FINCA ALLENDE,207,207,https://www.jumbo.com.ar/vino-finca-allende-blend-bot-cc-750/p
1,Jumbo,tinto,Vino Finca De Altura Cabernet,FINCA DE ALTURA,31,31,https://www.jumbo.com.ar/vino-finca-de-altura-cabernet/p
1,Jumbo,tinto,Vino Finca De Domingo Cabernet Malbec,FINCA DE DOMINGO,13,13,https://www.jumbo.com.ar/vino-finca-de-domingo-cabernet-malbec/p
1,Jumbo,tinto,Vino Finca Don Domenico Syrah..,DON DOMENICO,20,20,https://www.jumbo.com.ar/vino-finca-don-domenico-syrah-290475/p
1,Jumbo,tinto,Vino Finca El Portillo Malbec,PORTILLO,25,25,https://www.jumbo.com.ar/vino-finca-el-portillo-malbec/p
1,Jumbo,tinto,Vino Finca El Retiro Ros Malb X 750ml,TITTARELLI,19,19,https://www.jumbo.com.ar/vino-finca-el-retiro-ros-malb-x-750ml/p
1,Jumbo,tinto,Vino Finca El Retiro Sangiovese X750cc,FINCA EL RETIRO,24,24,https://www.jumbo.com.ar/vino-finca-el-retiro-sangiovese-x750cc/p
1,Jumbo,tinto,Vino Finca El Retiro Tinto X 750 Cc,FINCA EL RETIRO,26,26,https://www.jumbo.com.ar/vino-finca-el-retiro-tinto-x-750-cc/p
1,Jumbo,tinto,Vino Finca La Anita Gran Corte 750cc,FINCA LA ANITA,2268,2268,https://www.jumbo.com.ar/vino-finca-la-anita-gran-corte-750cc/p
1,Jumbo,tinto,Vino Finca La Anita Sy/mal  Est.,FINCA LA ANITA,180,180,https://www.jumbo.com.ar/vino-finca-la-anita-sy-mal-est-290672/p
1,Jumbo,tinto,Vino Finca La Anita Sy/sem  Est.,FINCA LA ANITA,150,150,https://www.jumbo.com.ar/vino-finca-la-anita-sy-sem-est-290673/p
1,Jumbo,tinto,Vino Finca La Anita Syrah Nueva Presentación  Bot 750 Cc.,FINCA LA ANITA,285,285,https://www.jumbo.com.ar/vino-finca-la-anita-syrah-nueva-presentacion-bot-750-cc/p
1,Jumbo,tinto,Vino Finca La Chamiza Amateur Syrah X 750 Cc,CHAMIZA,29,29,https://www.jumbo.com.ar/vino-finca-la-chamiza-amateur-syrah-x-750-cc/p
1,Jumbo,tinto,Vino Finca La Escondida Cabernet Franc X 750cc,FINCA LA ESCONDIDA,29,29,https://www.jumbo.com.ar/vino-finca-la-escondida-cabernet-franc-x-750cc-348718/p
1,Jumbo,tinto,Vino Finca La Escondida Malbec,FINCA LA ESCONDIDA,11,11,https://www.jumbo.com.ar/vino-finca-la-escondida-malbec-tannat-x-750-cc-246309/p
1,Jumbo,tinto,Vino Finca La Linda Cabernet X 750cc,FINCA LA LINDA,70,70,https://www.jumbo.com.ar/vino-finca-la-linda-cabernet-x-750cc-2-348469/p
1,Jumbo,tinto,Vino Finca La Linda Malbec Syrah Reservado-bot-cc.-750,FINCA LA LINDA,124,124,https://www.jumbo.com.ar/vino-finca-la-linda-malbec-syrah-reservado-bot-cc-750/p
1,Jumbo,tinto,Vino Finca La Linda Malbec-bot-cc.-375,FINCA LA LINDA,40,40,https://www.jumbo.com.ar/vino-finca-la-linda-malbec-bot-cc-375/p
1,Jumbo,tinto,Vino Finca Las Marias Tinto  Botella 700 Cc,FINCA LAS MARIAS,5,5,https://www.jumbo.com.ar/vino-finca-las-marias-tinto-botella-700-cc/p
1,Jumbo,tinto,Vino Finca Lavaque Pinot Noir X 750cc,FINCA LAVAQUE,12,12,https://www.jumbo.com.ar/vino-finca-lavaque-pinot-noir-x-750cc-323521/p
1,Jumbo,tinto,Vino Finca Los Maza Colección Merlot,FINCA LOS MAZA,59,59,https://www.jumbo.com.ar/vino-finca-los-maza-coleccion-merlot/p
1,Jumbo,tinto,Vino Finca Los Nobles Cabernet Sauvignon-bouchet-sin Atributo-bot-cc.-750,FINCA LOS NOBLES,179,179,https://www.jumbo.com.ar/vino-finca-los-nobles-cabernet-sauvignon-bouchet-sin-atributo-bot-cc-750/p
1,Jumbo,tinto,Vino Finca Los Primos Cs X 750 Cc,SANTA JULIA,1550,1550,https://www.jumbo.com.ar/vino-finca-los-primos-cs-x-750-cc/p
1,Jumbo,tinto,Vino Finca Los Primos Malbec X 750 Cc,FOSTER,1550,1550,https://www.jumbo.com.ar/vino-finca-los-primos-malbec-x-750-cc/p
1,Jumbo,tinto,Vino Finca Los Quiroga Cabernet Sauvignon Botella 750 Cc,FINCA LOS QUIROGA,16,16,https://www.jumbo.com.ar/vino-finca-los-quiroga-cabernet-sauvignon-botella-750-cc/p
1,Jumbo,tinto,Vino Finca Los Quiroga T.e. Blend Andino Syh Mer X750-bot-cc.-750,FINCA LOS QUIROGA,17,17,https://www.jumbo.com.ar/vino-finca-los-quiroga-t-e-blend-andino-syh-mer-x750-bot-cc-750/p
1,Jumbo,tinto,Vino Finca Los Quiroga T.e. Blend Tradicional X700-bot-cc.-700,FINCA LOS QUIROGA,18,18,https://www.jumbo.com.ar/vino-finca-los-quiroga-t-e-blend-tradicional-x700-bot-cc-700/p
1,Jumbo,tinto,Vino Finca Los Quiroga Te Blend Mediterraneo X700-bot-cc.-700,FINCA LOS QUIROGA,18,18,https://www.jumbo.com.ar/vino-finca-los-quiroga-te-blend-mediterraneo-x700-bot-cc-700/p
1,Jumbo,tinto,Vino Finca Los Quiroga Te Blnd Andino Del Sur X700-bot-cc.-700,FINCA LOS QUIROGA,18,18,https://www.jumbo.com.ar/vino-finca-los-quiroga-te-blnd-andino-del-sur-x700-bot-cc-700/p
1,Jumbo,tinto,Vino Finca Magnolia negra Cabernet Reserve,MAGNOLIA,6500,6500,https://www.jumbo.com.ar/vino-finca-magnolia-negra-cabernet-reserve/p
1,Jumbo,tinto,Vino Finca Martha Malbec + Syrah + Syrah  Bot 750 Cc.,FINCA MARTHA,106,106,https://www.jumbo.com.ar/vino-finca-martha-malbec-syrah-348881/p
1,Jumbo,tinto,Vino Finca Martha Syrah X 750,FINCA MARTHA,52,52,https://www.jumbo.com.ar/vino-finca-martha-syrah-x-750/p
1,Jumbo,tinto,Vino Finca Monte Lindo Malbecx750cc,FINCA MONTE LINDO,24,24,https://www.jumbo.com.ar/vino-finca-monte-lindo-malbecx750cc/p
1,Jumbo,tinto,Vino Finca Morera Cabernet Franc,FINCA MORERA,49,49,https://www.jumbo.com.ar/vino-finca-morera-cabernet-franc/p
1,Jumbo,tinto,Vino Finca Natalina Blackblend,FINCA NATALINA,2621,2621,https://www.jumbo.com.ar/vino-finca-natalina-blackblend/p
1,Jumbo,tinto,Vino Finca Natalina Blueblend,FINCA NATALINA,1083,1083,https://www.jumbo.com.ar/vino-finca-natalina-blueblend/p
1,Jumbo,tinto,Vino Finca Natalina Originalblend,FINCA NATALINA,2850,2850,https://www.jumbo.com.ar/vino-finca-natalina-originalblend/p
1,Jumbo,tinto,Vino Finca Natalina Redblend,FINCA NATALINA,2850,2850,https://www.jumbo.com.ar/vino-finca-natalina-redblend/p
1,Jumbo,tinto,Vino Finca Natalina Sweetblend,FUZION ALTA,2850,2850,https://www.jumbo.com.ar/vino-finca-natalina-sweetblend/p
1,Jumbo,tinto,Vino Finca Roja Merlot,SIN MARCA,16,16,https://www.jumbo.com.ar/vino-finca-roja-merlot-290832/p
1,Jumbo,tinto,Vino Finca Santa Maria Cabernet Sauvignon Botella 750 Cc,FINCA SANTA MARIA,4,4,https://www.jumbo.com.ar/vino-finca-santa-maria-cabernet-sauvignon/p
1,Jumbo,tinto,Vino Finel Retiro Cabernet Botella 750 Cc,FINCA EL RETIRO,24,24,https://www.jumbo.com.ar/vino-finel-retiro-cabernet-botella-750-cc/p
1,Jumbo,tinto,Vino Fino 006-bot-cc.-750,6,89,89,https://www.jumbo.com.ar/vino-fino-006-bot-cc-750/p
1,Jumbo,tinto,Vino Fino 006-sin Atributo-bot-cc.-750,6,89,89,https://www.jumbo.com.ar/vino-fino-006-sin-atributo-bot-cc-750/p
1,Jumbo,tinto,Vino Fino Aberdeen Angus Borgoña  2 U + Chablis Estuche 3 U,ABERDEEN ANGUS,27,27,https://www.jumbo.com.ar/vino-fino-aberdeen-angus-borgona-2-u-chablis-estuche-3-u/p
1,Jumbo,tinto,Vino Fino Aberdeen Angus Centenario Tinto   Bot 750 Cc.,ABERDEEN ANGUS,48,48,https://www.jumbo.com.ar/vino-fino-aberdeen-angus-centenario-tinto-bot-750-cc/p
1,Jumbo,tinto,Vino Fino Aconcagua Tinto X 750 Cc.,ACONCAGUA,,,https://www.jumbo.com.ar/vino-fino-aconcagua-tinto-x-750-cc-217052/p
1,Jumbo,tinto,Vino Fino Altosur Merlot  Bot 750 Cc.,ALTOSUR,18,18,https://www.jumbo.com.ar/vino-fino-altosur-merlot-x-750-cc-217295/p
1,Jumbo,tinto,Vino Fino Altus Grand Vin Tinto   Bot 750 Cc.,ALTUS,38,38,https://www.jumbo.com.ar/vino-fino-altus-grand-vin-tinto-169912/p
1,Jumbo,tinto,Vino Fino Altus Tempranillo Tinto,ALTUS,48,48,https://www.jumbo.com.ar/vino-fino-altus-tempranillo-tinto-169986/p
1,Jumbo,tinto,Vino Fino Balbo Linea Ejecutiva Tinto Botella 750 Cc,BALBO,10,10,https://www.jumbo.com.ar/vino-fino-balbo-linea-ejecutiva-tinto-botella-750-cc/p
1,Jumbo,tinto,Vino Fino Bianchi Tinto 1887 Botella 750 Cc.,DON VALENTIN,27,27,https://www.jumbo.com.ar/vino-fino-bianchi-tinto-1887-botella-750-cc/p
1,Jumbo,tinto,Vino Fino Bodega Privada Coleccion Chardonnay   75-bot-cc.-750,BODEGA PRIVADA,48,48,https://www.jumbo.com.ar/vino-fino-bodega-privada-coleccion-chardonnay-75-bot-cc-750/p
1,Jumbo,tinto,Vino Fino Calvet Tinto  Botella 700 Cc,CALVET,12,12,https://www.jumbo.com.ar/vino-fino-calvet-tinto-botella-700-cc/p
1,Jumbo,tinto,Vino Fino Caracter Malbec Botella 750 Cc,CARACTER,27,27,https://www.jumbo.com.ar/vino-fino-caracter-malbec-botella-750-cc/p
1,Jumbo,tinto,Vino Fino Carrascal Tinto,CARRASCAL,17,17,https://www.jumbo.com.ar/vino-fino-carrascal-tinto/p
1,Jumbo,tinto,Vino Fino Casa Del Puente Borgoña Sin Atributo Sin Atributo Sin Atributo Sin Atributo,CASA DEL PUENTE,,,https://www.jumbo.com.ar/vino-casa-del-puente-borgona-169756/p
1,Jumbo,tinto,Vino Fino Cavas De Weinert Tinto X 750  Cc.,CAVAS DE WEINERT,91,91,https://www.jumbo.com.ar/vino-fino-cavas-de-weinert-tinto-x-750-cc/p
1,Jumbo,tinto,Vino Fino Cepa Tradicional Tinto Botella 750 Cc,CEPA TRADICIONAL,9900,9900,https://www.jumbo.com.ar/vino-fino-cepa-tradicional-tinto-botella-750-cc/p
1,Jumbo,tinto,Vino Fino Colon Cabernet Sauvignon,COLON,28,28,https://www.jumbo.com.ar/vino-fino-colon-cabernet-sauvignon-2-2/p
1,Jumbo,tinto,Vino Fino Colon Cabernet Sauvignon X 5,COLON,,,https://www.jumbo.com.ar/vino-fino-colon-cabernet-sauvignon-x-5/p
1,Jumbo,tinto,Vino Fino Colon Cabernet Sauvignon X 6-cja-cc.-790,COLON,101,101,https://www.jumbo.com.ar/vino-fino-colon-cabernet-sauvignon-x-6-cja-cc-790-405001/p
1,Jumbo,tinto,Vino Fino Colon Malbec Cja 6 Un. 5 X 750 Ml + 3 Varietales X 187 Ml,COLON,,,https://www.jumbo.com.ar/vino-fino-colon-malbec-cja-6-un-5-x-750-ml-3-varietales-x-187-ml/p
1,Jumbo,tinto,Vino Fino Comte De Be Lt.our Tinto X 350  Cc.,COMTE DE BELTOUR,,,https://www.jumbo.com.ar/vino-fino-comte-de-be-lt-our-tinto-x-350-cc-2/p
1,Jumbo,tinto,Vino Fino Cornejo Costas Tinto  Botella 750 Cc,CORNEJO COSTAS,4,4,https://www.jumbo.com.ar/vino-fino-cornejo-costas-tinto-botella-750-cc-156204/p
1,Jumbo,tinto,Vino Fino Covisan Malbec Tipo Argentino Sin Atributo Sin Atributo,COVISAN,49,49,https://www.jumbo.com.ar/vino-fino-covisan-malbec-tipo-argentino-sin-atributo-sin-atributo/p
1,Jumbo,tinto,Vino Fino Cuarto De Milla Tinto X 750  Cc.,CUARTO DE MILLA,33,33,https://www.jumbo.com.ar/vino-fino-cuarto-de-milla-tinto-x-750-cc/p
1,Jumbo,tinto,Vino Fino Cuvee Tinto X 700  Cc.,CUVEE,10,10,https://www.jumbo.com.ar/vino-fino-cuvee-tinto-x-700-cc/p
1,Jumbo,tinto,Vino Fino Dalton Cabernet  Botella 750 Cc,DALTON,19,19,https://www.jumbo.com.ar/vino-fino-dalton-cabernet-botella-750-cc/p
1,Jumbo,tinto,Vino Fino Decero-bot-cc.-750,DECERO,148,148,https://www.jumbo.com.ar/vino-fino-decero-bot-cc-750/p
1,Jumbo,tinto,Vino Fino Diego Murillo Tinto Botella 700 Cc,DIEGO MURILLO,9,9,https://www.jumbo.com.ar/vino-fino-diego-murillo-tinto-botella-700-cc/p
1,Jumbo,tinto,Vino Fino Don Barba Borgoña Sin Atributo Sin Atributo Sin Atributo Sin Atributo,DON BARBA,,,https://www.jumbo.com.ar/vino-fino-don-barba-borgona-sin-atributo-sin-atributo-sin-atributo-sin-atributo-189214/p
1,Jumbo,tinto,Vino Fino Don Rui Martins X 750  Cc.,MARTIN´S,17,17,https://www.jumbo.com.ar/vino-fino-don-rui-martins-x-750-cc/p
1,Jumbo,tinto,Vino Fino Edward Bowen Malbec Sin Atributo Sin Atributo Sin Atributo Sin Atributo,BOWEN,,,https://www.jumbo.com.ar/vino-bowen-edward-malbec-169121/p
1,Jumbo,tinto,Vino Fino El Velazco Tinto Selección X 750  Cc.,EL VELAZCO,,,https://www.jumbo.com.ar/vino-fino-el-velazco-tinto-seleccion-x-750-cc-164731/p
1,Jumbo,tinto,Vino Fino Etchart Malbec Sin Atributo Sin Atributo Sin Atributo Sin Atributo,ETCHART,,,https://www.jumbo.com.ar/vino-fino-etchart-malbec-sin-atributo-sin-atributo-sin-atributo-sin-atributo-191105/p
1,Jumbo,tinto,Vino Fino Etchart Tinto Botella 750 Cc,ETCHART,6,6,https://www.jumbo.com.ar/vino-fino-etchart-tinto-botella-750-cc/p
1,Jumbo,tinto,Vino Fino Fabre Montmayou Grand Vin Tinto 700 Cc,FABRE MONTMAYOU,74500,74500,https://www.jumbo.com.ar/vino-fino-fabre-montmayou-grand-vin-tinto-700-cc/p
1,Jumbo,tinto,Vino Fino Felipe Rutini Cabernet Malbec X 750  Cc.,RUTINI,62,62,https://www.jumbo.com.ar/vino-fino-felipe-rutini-cabernet-malbec-x-750-cc/p
1,Jumbo,tinto,Vino Fino Finca La Linda Cabernet Syrah Sin Atributo Sin Atributo Sin Atributo Sin Atributo,FINCA LA LINDA,,,https://www.jumbo.com.ar/vino-fino-finca-la-linda-cabernet-syrah-sin-atributo-sin-atributo-sin-atributo-sin-atributo-190555/p
1,Jumbo,tinto,Vino Fino Finca Sophenia Merlot Botella 750 Cc,FINCA SOPHENIA,55,55,https://www.jumbo.com.ar/vino-fino-finca-sophenia-merlot-botella-750-cc/p
1,Jumbo,tinto,Vino Fino Gato Syrah Botella 750 Cc,GATO,20,20,https://www.jumbo.com.ar/vino-fino-gato-syrah-botella-750-cc/p
1,Jumbo,tinto,Vino Fino Graffigna Malbec X 750  Cc.,GRAFFIGNA,6,6,https://www.jumbo.com.ar/vino-graffigna-vinculos-malbec-syrah/p
1,Jumbo,tinto,Vino Fino Graffigna Petit Syrah Cabernet X 700  Cc.,GRAFFIGNA,,,https://www.jumbo.com.ar/vino-graffigna-petit-syrah/p
1,Jumbo,tinto,Vino Fino Granny Santa Silvia Tinto Botella 750 Cc,SANTA SILVIA,5,5,https://www.jumbo.com.ar/vino-fino-granny-santa-silvia-tinto-botella-750-cc/p
1,Jumbo,tinto,Vino Fino Guardado Chic Syrah-bot-cc.-750,Guardado,,,https://www.jumbo.com.ar/vino-fino-guardado-chic-syrah-bot-cc-750/p
1,Jumbo,tinto,Vino Fino Hacienda Los Haroldos Petit Syrah Botella 750 Cc,LOS HAROLDOS,10,10,https://www.jumbo.com.ar/vino-fino-hacienda-los-haroldos-petit-syrah-botella-750-cc/p
1,Jumbo,tinto,Vino Fino Hereford Tinto X 6 Uni 750 Cc  6 U,HEREFORD,26,26,https://www.jumbo.com.ar/vino-fino-hereford-tinto-x-6-uni-750-cc-6-u/p
1,Jumbo,tinto,Vino Fino Humberto Canale Merlot Pinot  X 6 Un.,HUMBERTO CANALE,20,20,https://www.jumbo.com.ar/vino-fino-humberto-canale-merlot-pinot-x-6-un/p
1,Jumbo,tinto,Vino Fino La Consulta Malbec X Caja-cja-cc.-790,LA CONSULTA,,,https://www.jumbo.com.ar/vino-fino-la-consulta-malbec-x-caja-cja-cc-790-405572/p
1,Jumbo,tinto,Vino Fino La Rinconada Malbec Sin Atributo Sin Atributo Sin Atributo Sin Atributo,LA RINCONADA,,,https://www.jumbo.com.ar/vino-fino-la-rinconada-malbec-sin-atributo-sin-atributo-sin-atributo-sin-atributo-158076/p
1,Jumbo,tinto,Vino Fino Lavaque Merlot Finca De A Lt.ura X 750  Cc.,FINCA DE ALTURA,15,15,https://www.jumbo.com.ar/vino-fino-lavaque-merlot-finca-de-a-lt-ura-x-750-cc-166575/p
1,Jumbo,tinto,Vino Fino Lavaque Tinto X 700  Cc.,LAVAQUE,2,2,https://www.jumbo.com.ar/vino-fino-lavaque-tinto-x-700-cc-2/p
1,Jumbo,tinto,Vino Fino Los Arboles Tinto Botella 750 Cc,NAVARRO CORREAS,31,31,https://www.jumbo.com.ar/vino-fino-los-arboles-tinto-botella-750-cc/p
1,Jumbo,tinto,Vino Fino Los Arboles Tinto-cja-cc.-790,NAVARRO CORREAS,,,https://www.jumbo.com.ar/vino-fino-los-arboles-tinto-cja-cc-790/p
1,Jumbo,tinto,Vino Fino Los Corrales Borgoña Sin Atributo Sin Atributo Sin Atributo Sin Atributo,LOS CORRALES,,,https://www.jumbo.com.ar/vino-fino-los-corrales-borgona-sin-atributo-sin-atributo-sin-atributo-sin-atributo-167517/p
1,Jumbo,tinto,Vino Fino Los Haroldos Malbec,LOS HAROLDOS,45,45,https://www.jumbo.com.ar/vino-fino-los-haroldos-malbec/p
1,Jumbo,tinto,"Vino Fino Los Haroldos Malbec Botella 1,25 Lt",LOS HAROLDOS,24,24,https://www.jumbo.com.ar/vino-fino-los-haroldos-malbec-botella-1-25-lt/p
1,Jumbo,tinto,Vino Fino Luigi Bosca Malbec Agregados + Chardonnay Sin Atributo Sin Atributo,LUIGI BOSCA,,,https://www.jumbo.com.ar/vino-fino-luigi-bosca-malbec-agregados-chardonnay-sin-atributo-sin-atributo-190556/p
1,Jumbo,tinto,Vino Fino Luigi Bosca Petit Syrah Agregados + Sauvignon Sin Atributo Sin Atributo,LUIGI BOSCA,,,https://www.jumbo.com.ar/vino-fino-luigi-bosca-petit-syrah-agregados-sauvignon-sin-atributo-sin-atributo-190557/p
1,Jumbo,tinto,Vino Fino Magallanes Malbec Bot 750 Cc.,MAGALLANES,5,5,https://www.jumbo.com.ar/vino-fino-magallanes-malbec-bot-750-cc/p
1,Jumbo,tinto,Vino Fino Martin's Malbec Especial X 750  Cc.,MARTIN´S,41,41,https://www.jumbo.com.ar/vino-fino-martin-s-malbec-especial-x-750-cc-2/p
1,Jumbo,tinto,Vino Fino Medrano Malbec X 750  Cc.,MEDRANO,,,https://www.jumbo.com.ar/vino-fino-medrano-malbec-x-750-cc-159334/p
1,Jumbo,tinto,Vino Fino Michel Torino Syrah X750  Cc.,MICHEL TORINO,,,https://www.jumbo.com.ar/vino-michel-torino-syrah-167904/p
1,Jumbo,tinto,Vino Fino Monterrey Borgoña X,MONTERREY,,,https://www.jumbo.com.ar/vino-fino-monterrey-borgona-x-700-cc-216974/p
1,Jumbo,tinto,Vino Fino Navarro Correas Malbec Reserva Privada X 750  Cc.,NAVARRO CORREAS,70,70,https://www.jumbo.com.ar/vino-fino-navarro-correas-malbec-reserva-privada-x-750-cc/p
1,Jumbo,tinto,Vino Fino Navarro Correas Petit Syrah X 750  Cc.,NAVARRO CORREAS,,,https://www.jumbo.com.ar/vino-fino-navarro-correas-petit-syrah-x-750-cc-165313/p
1,Jumbo,tinto,Vino Fino Navarro Correas Pinot Noir X 750  Cc.,NAVARRO CORREAS,75,75,https://www.jumbo.com.ar/vino-navarro-correas-pinot-noir-x-750-cc/p
1,Jumbo,tinto,Vino Fino Navarro Correas Tinto,NAVARRO CORREAS,33,33,https://www.jumbo.com.ar/vino-fino-navarro-correas-tinto/p
1,Jumbo,tinto,Vino Fino Navarro Correas Tinto 750 Cc Ultra Estuche 1 U,NAVARRO CORREAS,386,386,https://www.jumbo.com.ar/vino-fino-navarro-correas-tinto-x-1-un/p
1,Jumbo,tinto,Vino Fino Navarro Correas Tinto Findolores Botella 750 Cc,NAVARRO CORREAS,17,17,https://www.jumbo.com.ar/vino-fino-navarro-correas-tinto-findolores-botella-750-cc/p
1,Jumbo,tinto,Vino Fino Newen Cab-suav X750ml,NEWEN,51,51,https://www.jumbo.com.ar/vino-fino-newen-cab-suav-x750ml/p
1,Jumbo,tinto,Vino Fino Newen Pinot Noir 750cc,NEWEN,21,21,https://www.jumbo.com.ar/vino-fino-newen-pinot-noir-750cc/p
1,Jumbo,tinto,Vino Fino Nobel Cabernet Syrah X 750  Cc.,NOVEL,5,5,https://www.jumbo.com.ar/vino-fino-nobel-cabernet-syrah-x-750-cc-190640/p
1,Jumbo,tinto,Vino Fino Norton Tinto  750 C,NORTON,107,107,https://www.jumbo.com.ar/vino-fino-norton-tinto-750-c/p
1,Jumbo,tinto,Vino Fino Norton Tinto Dalton Botella 750 Cc,NORTON,17,17,https://www.jumbo.com.ar/vino-fino-norton-tinto-dalton-botella-750-cc/p
1,Jumbo,tinto,Vino Fino Norton Tinto X 500 Cc,NORTON,20,20,https://www.jumbo.com.ar/vino-fino-norton-tinto-x-500-cc/p
1,Jumbo,tinto,Vino Fino Novel Merlot X 750 Cc,NOVEL,8,8,https://www.jumbo.com.ar/vino-fino-novel-merlot-x-750-cc/p
1,Jumbo,tinto,Vino Fino O2 Tinto 750 Cc,VALMONT,15,15,https://www.jumbo.com.ar/vino-fino-o2-tinto-750-cc/p
1,Jumbo,tinto,Vino Fino Pacheco Pereda Tinto Botella 750 Cc,PACHECO PEREDA,24,24,https://www.jumbo.com.ar/vino-fino-pacheco-pereda-tinto-botella-750-cc/p
1,Jumbo,tinto,Vino Fino Parral Riojano Borgoña X 700  Cc.,PARRAL RIOJANO,,,https://www.jumbo.com.ar/vino-fino-parral-riojano-borgona-x-700-cc/p
1,Jumbo,tinto,Vino Fino Parrales De Choilecito Cabernet X 750  Cc.,PARRALES DE CHILECITO,,,https://www.jumbo.com.ar/vino-fino-parrales-de-choilecito-cabernet-x-750-cc-158365/p
1,Jumbo,tinto,Vino Fino Paul Galard Merlot X 750  Cc.,PAUL GALARD,14,14,https://www.jumbo.com.ar/vino-fino-paul-galard-merlot-x-750-cc-2/p
1,Jumbo,tinto,Vino Fino Pedro De Castillo Merlot X 750 Cc   Bot 750 Cc.,WEINERT,10,10,https://www.jumbo.com.ar/vino-fino-pedro-de-castillo-merlot-x-750-cc-bot-750-cc/p
1,Jumbo,tinto,Vino Fino Pequeña Vasija Tinto Botella 750 Cc,PEQUEÑA VASIJA,7,7,https://www.jumbo.com.ar/vino-fino-pequena-vasija-tinto-botella-750-cc/p
1,Jumbo,tinto,Vino Fino Pequeña Vasija Tinto Virgen X 750  Cc.,PEQUEÑA VASIJA,,,https://www.jumbo.com.ar/vino-fino-pequena-vasija-tinto-virgen-x-750-cc/p
1,Jumbo,tinto,Vino Fino Perdriel Tinto  700  Cc,PERDRIEL,72,72,https://www.jumbo.com.ar/vino-fino-perdriel-tinto-700-cc/p
1,Jumbo,tinto,Vino Fino Petigny Tinto X 750  Cc.,PETIGNY,,,https://www.jumbo.com.ar/vino-fino-petigny-tinto-x-750-cc/p
1,Jumbo,tinto,Vino Fino Q Familia Zuccardi Merlot Sin Atributo Sin Atributo Sin Atributo Sin Atributo,FAMILIA ZUCCARDI,83,83,https://www.jumbo.com.ar/vino-fino-q-familia-zuccardi-merlot-sin-atributo-sin-atributo-sin-atributo-sin-atributo/p
1,Jumbo,tinto,Vino Fino Real Tinto X 700 Cc   Bot 700 Cc.,REAL,2,2,https://www.jumbo.com.ar/vino-fino-real-tinto-x-700-cc-bot-700-cc/p
1,Jumbo,tinto,Vino Fino Rincon Famoso Blanco Presentacion Nuevo Envase Sin Atributo Sin Atributo,CHATEAU VIEUX,1523,1523,https://www.jumbo.com.ar/vino-fino-rincon-famoso-blanco-presentacion-nuevo-envase-sin-atributo-sin-atributo/p
1,Jumbo,tinto,Vino Fino Rincon Famoso Tinto Botella 750 Cc,RINCON FAMOSO,30,30,https://www.jumbo.com.ar/vino-fino-rincon-famoso-tinto-botella-750-cc/p
1,Jumbo,tinto,Vino Fino Robino Malbec X 750  Cc.,ROBINO,3,3,https://www.jumbo.com.ar/vino-fino-robino-malbec-x-750-cc-2/p
1,Jumbo,tinto,Vino Fino Rodas Borgoña  750  Cc,RODAS,4,4,https://www.jumbo.com.ar/vino-fino-rodas-borgona-750-cc/p
1,Jumbo,tinto,Vino Fino Saenz Tinto Privado X 750  Cc.,SAENZ,4,4,https://www.jumbo.com.ar/vino-fino-saenz-tinto-privado-x-750-cc/p
1,Jumbo,tinto,Vino Fino Saint Felicien Malbec X 750 Cc,SAINT FELICIEN,330,330,https://www.jumbo.com.ar/vino-fino-saint-felicien-malbec-x-750-cc-3/p
1,Jumbo,tinto,Vino Fino Saletein Syrah  X 750  Cc.,SALENTEIN,53,53,https://www.jumbo.com.ar/vino-fino-saletein-syrah-x-750-cc/p
1,Jumbo,tinto,Vino Fino San Telmo Sauvignon Blanca C Botella 750 Cc,SAN TELMO,12,12,https://www.jumbo.com.ar/vino-fino-san-telmo-sauvignon-blanca-c-botella-750-cc/p
1,Jumbo,tinto,Vino Fino San Telmo Sauvignon Botella 750 Cc,SAN TELMO,23,23,https://www.jumbo.com.ar/vino-fino-san-telmo-sauvignon-botella-750-cc/p
1,Jumbo,tinto,Vino Fino Sangiovese Tinto  750  Cc,SANGIOVESE,5,5,https://www.jumbo.com.ar/vino-fino-sangiovese-tinto-750-cc-69916/p
1,Jumbo,tinto,Vino Fino Santa Luisa Tinto Malbec X 750  Cc.,SANTA LUISA,,,https://www.jumbo.com.ar/vino-santa-luisa-malbec/p
1,Jumbo,tinto,Vino Fino Santa Maria Syrah  Botella 750 Cc,SANTA MARIA,6,6,https://www.jumbo.com.ar/vino-fino-santa-maria-syrah-x-750-cc/p
1,Jumbo,tinto,Vino Fino Santa Monica Cabernet Malbec X 750  Cc.,SANTA MONICA,5,5,https://www.jumbo.com.ar/vino-fino-santa-monica-cabernet-malbec-x-750-cc/p
1,Jumbo,tinto,Vino Fino Señor Del Robledal Tinto X 750  Cc.,SEÑOR DEL ROBLEDAL,,,https://www.jumbo.com.ar/vino-fino-senor-del-robledal-tinto-x-750-cc/p
1,Jumbo,tinto,Vino Fino Septiembre Frutilla-bot-cc.-750,SEPTIEMBRE,17,17,https://www.jumbo.com.ar/vino-fino-septiembre-frutilla-bot-cc-750/p
1,Jumbo,tinto,Vino Fino Septiembre Tinto Red Wine Botella 750 Cc,SEPTIEMBRE,28,28,https://www.jumbo.com.ar/vino-fino-septiembre-tinto-red-wine-botella-750-cc/p
1,Jumbo,tinto,Vino Fino Simonassi Reserva Tinto Gran Reserva  Bot 750 Cc.,SIMONASSI,29,29,https://www.jumbo.com.ar/vino-fino-simonassi-reserva-tinto-169914/p
1,Jumbo,tinto,Vino Fino Sua Tinto  Pck 2 Un.,SUA,19,19,https://www.jumbo.com.ar/vino-fino-sua-tinto-pck-2-un/p
1,Jumbo,tinto,Vino Fino Sua Tinto Botella X 750 Cc,SUA,41,41,https://www.jumbo.com.ar/vino-fino-sua-tinto-botella-x-750-cc/p
1,Jumbo,tinto,Vino Fino Sur Syrah Botella 750 Cc,SUR,6,6,https://www.jumbo.com.ar/vino-fino-sur-syrah-x-750-cc/p
1,Jumbo,tinto,Vino Fino Suter Malbec X 750  Cc.,SUTER,5,5,https://www.jumbo.com.ar/vino-fino-suter-malbec-x-750-cc/p
1,Jumbo,tinto,Vino Fino Terra Malbec X 750 Cc,TERRA,19,19,https://www.jumbo.com.ar/vino-fino-terra-malbec-x-750-cc-2/p
1,Jumbo,tinto,Vino Fino Tierras Altas Malbec Botella 750 Cc,TIERRAS ALTAS,37,37,https://www.jumbo.com.ar/vino-fino-tierras-altas-malbec-botella-750-cc/p
1,Jumbo,tinto,Vino Fino Tierras Altas Malbec X 750 Cc Crianza  Bot 750 Cc.,TIERRAS ALTAS,46,46,https://www.jumbo.com.ar/vino-fino-tierras-altas-malbec-x-750-cc-crianza-bot-750-cc/p
1,Jumbo,tinto,Vino Fino Tinto Callia Lata,CALLIA,24,24,https://www.jumbo.com.ar/vino-fino-tinto-callia-lata/p
1,ChangoMás,tinto,Vino Fino Tinto Chacabuco Blend 1500 Cc,Chacabuco,,,https://www.masonline.com.ar/vino-fino-tinto-chacabuco-blend-1500-cc-2/p
1,Jumbo,tinto,Vino Fino Tittarelli Tinto  750  Cc,BODEGA UNO,12,12,https://www.jumbo.com.ar/vino-bodega-uno-tinto/p
1,Jumbo,tinto,"Vino Fino Tocornal Tinto X 1,5 Lt.",TOCORNAL,18,18,https://www.jumbo.com.ar/vino-fino-tocornal-tinto-x-1-5-lt-2/p
1,Jumbo,tinto,Vino Fino Toro Tinto Lacrado  700  Cc,TORO,10,10,https://www.jumbo.com.ar/vino-fino-toro-tinto-lacrado-700-cc/p
1,Jumbo,tinto,Vino Fino Traful Tinto X 750 Cc,TRAFUL,950,950,https://www.jumbo.com.ar/vino-fino-traful-tinto-x-750-cc-2/p
1,Jumbo,tinto,Vino Fino Trapiche Broquel Cabernet Sauvignon Merlot Botella 750 Cc.,TRAPICHE,38,38,https://www.jumbo.com.ar/vino-fino-trapiche-broquel-cabernet-sauvignon-merlot-botella-750-cc/p
1,Jumbo,tinto,Vino Fino Trilogie Tinto,TRILOGIE,16,16,https://www.jumbo.com.ar/vino-fino-trilogie-tinto/p
1,Jumbo,tinto,Vino Fino Trilogie Tinto Bot 1.5 Lt.,TRILOGIE,31,31,https://www.jumbo.com.ar/vino-fino-trilogie-tinto-bot-1-5-lt/p
1,Jumbo,tinto,Vino Fino Tulum Bonarda Botella 750 Cc,TULUM,6,6,https://www.jumbo.com.ar/vino-fino-tulum-bonarda-botella-750-cc/p
1,Jumbo,tinto,Vino Fino Valderrobles Cabernet Sauvignon  750  Cc,VALDERROBLES,6,6,https://www.jumbo.com.ar/vino-fino-valderrobles-cabernet-sauvignon-750-cc/p
1,Jumbo,tinto,Vino Fino Velazco Cabernet Sauvignon Bot 700 Cc.,EL VELAZCO,6,6,https://www.jumbo.com.ar/vino-fino-velazco-cabernet-sauvignon-bot-700-cc/p
1,Jumbo,tinto,Vino Fino Viejo Surco  Tinto X 700  Cc.,ENAMORE,1,1,https://www.jumbo.com.ar/vino-fino-viejo-surco-tinto-x-700-cc/p
1,Jumbo,tinto,Vino Fino Viñas Del Bosque Bor.-,VIÑAS DEL BOSQUE,,,https://www.jumbo.com.ar/vino-fino-vinas-del-bosque-borgona-bot-x-700-cc-215636/p
1,Jumbo,tinto,Vino Fino Viñas Riojanas Tinto X 750  Cc.,VIÑAS RIOJANAS,8,8,https://www.jumbo.com.ar/vino-fino-vinas-riojanas-tinto-x-750-cc/p
1,Jumbo,tinto,Vino Fino Vino Tocornal Tinto Espiritu Noble 1250 Cc,TOCORNAL,28,28,https://www.jumbo.com.ar/vino-fino-vino-tocornal-tinto-espiritu-noble-1250-cc/p
1,Jumbo,tinto,Vino Fino ViØa Baltierra Tinto Sin Atributo Sin Atributo Sin Atributo Sin Atributo,VIÑA BALTIERRA,,,https://www.jumbo.com.ar/vino-fino-vi-a-baltierra-tinto-sin-atributo-sin-atributo-sin-atributo-sin-atributo/p
1,Jumbo,tinto,Vino Flecha De Los Andes Gran Malbec   Bot 750 Cc.,FLECHAS DE LOS ANDES,123,123,https://www.jumbo.com.ar/vino-flecha-de-los-andes-gran-malbec/p
1,Jumbo,tinto,Vino Fleur Du Cap Pinotage-bot-cc.-750,FLEUR,130,130,https://www.jumbo.com.ar/vino-fleur-du-cap-pinotage-bot-cc-750/p
1,Jumbo,tinto,Vino Flichman Bi Varietal 750ml,FINCA FLICHMAN,950,950,https://www.jumbo.com.ar/vino-flichman-bi-varietal-750ml/p
1,Jumbo,tinto,Vino Flichman Estate Blend 750ml,FINCA FLICHMAN,623,623,https://www.jumbo.com.ar/vino-flichman-estate-blend-750ml/p
1,Jumbo,tinto,Vino Flichman Paisaje Bca/tup Estuche,FINCA FLICHMAN,201,201,https://www.jumbo.com.ar/vino-flichman-paisaje-bca-tup-estuche/p
1,Jumbo,tinto,Vino Flichman Res Malbec Bot-750cc-,FINCA FLICHMAN,291,291,https://www.jumbo.com.ar/vino-flichman-res-malbec-bot-750cc/p
1,ChangoMás,tinto,Vino Florio Dulce Patero 750ml,Generico,,,https://www.masonline.com.ar/vino-florio-dulce-patero-750ml-2/p
1,ChangoMás,tinto,Vino Florio Gamba Di Pernice Rosso 750ml,Generico,,,https://www.masonline.com.ar/vino-florio-gamba-di-pernice-rosso-750ml-2/p
1,ChangoMás,tinto,Vino Florio Generoso Jerez 750ml,Generico,,,https://www.masonline.com.ar/vino-florio-generoso-jerez-750ml-2/p
1,ChangoMás,tinto,Vino Florio Madero Malbec 750ml,Generico,,,https://www.masonline.com.ar/vino-florio-madero-malbec-750ml-2/p
1,ChangoMás,tinto,Vino Florio Malbec 750ml,Generico,,,https://www.masonline.com.ar/vino-florio-malbec-750ml-2/p
1,ChangoMás,tinto,Vino Florio Marsala Generoso 750ml,Generico,,,https://www.masonline.com.ar/vino-florio-marsala-generoso-750ml-2/p
1,ChangoMás,tinto,Vino Florio Oporto Generoso 750ml,Generico,,,https://www.masonline.com.ar/vino-florio-oporto-generoso-750ml-2/p
1,ChangoMás,tinto,Vino Florio Targa Red Blend 750ml,Generico,,,https://www.masonline.com.ar/vino-florio-targa-red-blend-750ml-2/p
1,Jumbo,tinto,Vino Fond De Cave Cabernet Sauvignon X 750 Cc,TRAPICHE,45,45,https://www.jumbo.com.ar/vino-fond-de-cave-cabernet-sauvignon-x-750-cc/p
1,Jumbo,tinto,Vino Fond De Cave Malbec+cab+syr X 750cc,TRAPICHE,120,120,https://www.jumbo.com.ar/vino-fond-de-cave-malbec-cab-syr-x-750cc/p
1,Jumbo,tinto,Vino Fond De Cave Reserva Tempranillo   Bot 750 Cc.,FOND DE CAVE,57,57,https://www.jumbo.com.ar/vino-fond-de-cave-reserva-tempranillo-bot-750-cc/p
1,Jumbo,tinto,Vino Fost Altepesmal 70cc,FOSTER,19300,19300,https://www.jumbo.com.ar/vino-fost-altepesmal-70cc/p
1,Jumbo,tinto,Vino Fost Barranmal 750cc,FOSTER,19850,19850,https://www.jumbo.com.ar/vino-fost-barranmal-750cc/p
1,Jumbo,tinto,Vino Fuego Blanco Cabernet Franc-malbec,NINA,1805,1805,https://www.jumbo.com.ar/vino-fuego-blanco-cabernet-franc-malbec-2/p
1,Jumbo,tinto,Vino Fuego Blanco Flinstone Malbec,Fuego Blanco,2808,2808,https://www.jumbo.com.ar/vino-fuego-blanco-flinstone-malbec-2/p
1,Jumbo,tinto,Vino Fuego Negro Blend Petit Verdotmalbec,FUEGO NEGRO,816,816,https://www.jumbo.com.ar/vino-fuego-negro-blend-petit-verdotmalbec/p
1,Jumbo,tinto,Vino Fuzion Blend X 750 Cc,FUZION ALTA,3069,3069,https://www.jumbo.com.ar/vino-fuzion-blend-x-750-cc/p
1,Jumbo,tinto,Vino Fuzion Cabernet X 750 Cc,FUZION ALTA,2594,2594,https://www.jumbo.com.ar/vino-fuzion-cabernet-x-750-cc/p
1,Jumbo,tinto,Vino Garbo Cabernet Franc botella 750 Cc,GARBO,1037,1037,https://www.jumbo.com.ar/vino-garbo-cabernet-franc-botella-750-cc/p
1,Jumbo,tinto,Vino Gardel Malbec-bot-cc.-750,GARDEL,23,23,https://www.jumbo.com.ar/vino-gardel-malbec-bot-cc-750/p
1,Jumbo,tinto,Vino Gata Flora Malbec X 750 Cc-bot-cc.-750,VASIJA SECRETA,138,138,https://www.jumbo.com.ar/vino-gata-flora-malbec-x-750-cc-bot-cc-750/p
1,Jumbo,tinto,Vino Gato Dumas Cabernet Sauvi,GATO,21,21,https://www.jumbo.com.ar/vino-gato-dumas-cabernet-sauvi/p
1,Jumbo,tinto,Vino Gato Dumas Malbec X 750 C,GATO,35,35,https://www.jumbo.com.ar/vino-gato-dumas-malbec-x-750-c/p
1,Jumbo,tinto,Vino Gato Dumas Malbec X 750 Cc Roble  Bot 750 Cc.,GATO,23,23,https://www.jumbo.com.ar/vino-gato-dumas-malbec-x-750-cc-2-247085/p
1,Jumbo,tinto,Vino Gato Negro Cabernet Merlot,GATO,5,5,https://www.jumbo.com.ar/vino-gato-negro-cabernet-merlot/p
1,Jumbo,tinto,Vino Gato Negro Malbec X 750 Cc,GATO,20,20,https://www.jumbo.com.ar/vino-gato-negro-malbec-x-750-cc/p
1,Jumbo,tinto,Vino Gernot Langes X 750cc,GERNOT LANGES,15724,15724,https://www.jumbo.com.ar/vino-gernot-langes-x-750cc/p
1,Jumbo,tinto,Vino Gimenez Riili Reserva X 750cc,GIMENEZ RIILI,37,37,https://www.jumbo.com.ar/vino-gimenez-riili-reserva-x-750cc/p
1,Jumbo,tinto,Vino Gitano Blend X 750 Cc Mil Demonios,MIL DEMONIOS,27850,27850,https://www.jumbo.com.ar/vino-gitano-blend-x-750-cc-mil-demonios/p
1,Jumbo,tinto,Vino Gluhwein Christkindles Mark,SIN MARCA,24,24,https://www.jumbo.com.ar/vino-gluhwein-christkindles-mark-290835/p
1,Jumbo,tinto,Vino Goyenechea Borgoña   Bot 375 Cc.,GOYENECHEA,4,4,https://www.jumbo.com.ar/vino-goyenechea-borgona-bot-375-cc/p
1,Jumbo,tinto,Vino Graffigna Cabernet Sauvignon X 6 Un,GRAFFIGNA,46,46,https://www.jumbo.com.ar/vino-graffigna-cabernet-sauvignon-x-6-un/p
1,Jumbo,tinto,Vino Graffigna Centenario Cabernet Sauvignon Estuche-estuche-est-cc.-750,GRAFFIGNA,49,49,https://www.jumbo.com.ar/vino-graffigna-centenario-cabernet-sauvignon-estuche-estuche-est-cc-750/p
1,Jumbo,tinto,Vino Graffigna Centenario Syrah Estuche,GRAFFIGNA,31,31,https://www.jumbo.com.ar/vino-graffigna-centenario-syrah-estuche-2/p
1,Jumbo,tinto,Vino Graffigna Centenario Syrah/malbec X 750cc,GRAFFIGNA,64,64,https://www.jumbo.com.ar/vino-graffigna-centenario-syrah-malbec-x-750cc/p
1,Jumbo,tinto,Vino Graffigna G Res Cabernet 750cc,GRAFFIGNA,730,730,https://www.jumbo.com.ar/vino-graffigna-g-res-cabernet-750cc/p
1,Jumbo,tinto,Vino Graffigna Glorious Selection Cabernet Sauvignon 750cc,GRAFFIGNA,14000,14000,https://www.jumbo.com.ar/vino-graffigna-glorious-selection-cabernet-sauvignon-750cc/p
1,Jumbo,tinto,Vino Graffigna Vinculo Syrah Vignier,GRAFFIGNA,17,17,https://www.jumbo.com.ar/vino-graffigna-vinculo-syrah-vignier/p
1,Jumbo,tinto,Vino Graffigna Vinculo Syrah- Cabernet,GRAFFIGNA,17,17,https://www.jumbo.com.ar/vino-graffigna-vinculo-syrah-cabernet/p
1,Jumbo,tinto,Vino Graffigna Vinculos Cabernet Merlot X 750,GRAFFIGNA,17,17,https://www.jumbo.com.ar/vino-graffigna-vinculos-cabernet-merlot-x-750/p
1,Jumbo,tinto,Vino Graffigna Vinculos Malbec-syrah,GRAFFIGNA,22,22,https://www.jumbo.com.ar/vino-graffigna-vinculos-malbec-syrah-3/p
1,Jumbo,tinto,Vino Gran Abito Blend 750ml,ABITO,9325,9325,https://www.jumbo.com.ar/vino-gran-abito-blend-750ml/p
1,Jumbo,tinto,Vino Gran Cordero Con Piel De Lobo Malbec 750c,CORDERO CON PIEL DE LOBO,,,https://www.jumbo.com.ar/vino-gran-cordero-con-piel-de-lobo-malbec-750c/p
1,Jumbo,tinto,Vino Gran Corte 750 Cc Casa Boher,CASA BOHER,85333,85333,https://www.jumbo.com.ar/vino-casa-boher-gran-corte-750cc/p
1,Jumbo,tinto,Vino Gran Corte Malbec 750 Cc Amalaya,AMALAYA,20900,20900,https://www.jumbo.com.ar/vino-gran-corte-malbec-750-cc-amalaya/p
1,Jumbo,tinto,Vino Gran Dante Bonarda Botella 750mlx1,DANTE,1600,1600,https://www.jumbo.com.ar/vino-gran-dante-bonarda-botella-750mlx1/p
1,Jumbo,tinto,Vino Gran Enemigo Cepillo,AGOSTINO,35947,35947,https://www.jumbo.com.ar/vino-gran-enemigo-cepillo/p
1,Jumbo,tinto,Vino Gran Enemigo Chacayes Cabernet Franc,AGOSTINO,35947,35947,https://www.jumbo.com.ar/vino-gran-enemigo-chacayes-cabernet-franc/p
1,Jumbo,tinto,Vino Gran Lomo Malbec,GRAN LOMO,222,222,https://www.jumbo.com.ar/vino-gran-lomo-malbec/p
1,Jumbo,tinto,Vino Gran Lurton -corte Friulanox750,GRAN LURTON,54,54,https://www.jumbo.com.ar/vino-gran-lurton-corte-friulanox750/p
1,ChangoMás,tinto,Vino Gran Oporto Crotta 750 Cc,Crotta,,,https://www.masonline.com.ar/vino-gran-oporto-crotta-750-cc-2/p
1,Jumbo,tinto,Vino Gran Reserva 750 Cc Casa Boher,CASA BOHER,60400,60400,https://www.jumbo.com.ar/vino-casa-boher-gran-reserva-750cc/p
1,Jumbo,tinto,Vino Gran Reserva 750 Ml Toia,PUTRUELE,14900,14900,https://www.jumbo.com.ar/vino-gran-reserva-750-ml-toia/p
1,Jumbo,tinto,Vino Gran Rodas Blend,GRAN RODAS,109,109,https://www.jumbo.com.ar/vino-gran-rodas-blend-2/p
1,Jumbo,tinto,Vino Gran Rodas Bonarda De Arg Malbec Blend,GRAN RODAS,104,104,https://www.jumbo.com.ar/vino-gran-rodas-bonarda-de-arg-malbec-blend/p
1,Jumbo,tinto,Vino Gran Rodas Bonarda-bot-cc.-750,GRAN RODAS,58,58,https://www.jumbo.com.ar/vino-gran-rodas-bonarda-bot-cc-750/p
1,Jumbo,tinto,Vino Gran Rodas Petit Verdot-bot-cc.-750,GRAN RODAS,20,20,https://www.jumbo.com.ar/vino-gran-rodas-petit-verdot-bot-cc-750/p
1,Jumbo,tinto,Vino Gran Sombrero Malbec,SOMBRERO,20300,20300,https://www.jumbo.com.ar/vino-gran-sombrero-malbec/p
1,Día,tinto,"Vino Gran Tinto Viñas De Balbo 1,125 Lt.",VIÑAS DE BALBO,4392,4392,https://diaonline.supermercadosdia.com.ar/vino-gran-tinto-vinas-de-balbo-1-125-lt-311398/p
1,Jumbo,tinto,Vino Gran Vecco Reserve Merlot,GRAN VECCO,26,26,https://www.jumbo.com.ar/vino-gran-vecco-reserve-merlot-290574/p
1,Jumbo,tinto,Vino Granaderos Malbec/syrah-bot-cc.-750,GRANADEROS,30,30,https://www.jumbo.com.ar/vino-granaderos-malbec-syrah-bot-cc-750/p
1,Jumbo,tinto,Vino Grand Coupage Tinto   Bot 700 Cc.,GRAN COUPAGE,3,3,https://www.jumbo.com.ar/vino-grand-coupage-tinto/p
1,Jumbo,tinto,Vino Grand Mere Pinot 750ml Domaine Nico,DOMAINE NICO,,,https://www.jumbo.com.ar/vino-grand-mere-pinot-750ml-domaine-nico/p
1,Jumbo,tinto,Vino Gualtallary Blend-bot-cc.-750,GUALTALLARY,190,190,https://www.jumbo.com.ar/vino-gualtallary-blend-bot-cc-750/p
1,Jumbo,tinto,Vino Gualtallary Malbec-bot-cc.-750,GUALTALLARY,190,190,https://www.jumbo.com.ar/vino-gualtallary-malbec-bot-cc-750/p
1,Jumbo,tinto,Vino Gualtallary X 750 Cc Pie De Monte,PIE DE MONTE,26700,26700,https://www.jumbo.com.ar/vino-gualtallary-x-750-cc-pie-de-monte/p
1,Jumbo,tinto,Vino Guarda Malbec Doc 750 Cc Lagarde,LAGARDE,28850,28850,https://www.jumbo.com.ar/vino-guarda-malbec-doc-750-cc-lagarde/p
1,Jumbo,tinto,Vino Guiado Malbec X 750 Cc,GUIADO,32,32,https://www.jumbo.com.ar/vino-guiado-malbec-x-750-cc/p
1,Jumbo,tinto,Vino Guiado Pinot Noir Botella  750 Cc,GUIADO,32,32,https://www.jumbo.com.ar/vino-guiado-pinot-noir-botella-750-cc/p
1,Jumbo,tinto,Vino Haras Del Valle Cabernet Sauvignon X 750 Cc.,CHACRA,600,600,https://www.jumbo.com.ar/vino-haras-del-valle-cabernet-sauvignon-x-750-cc/p
1,Jumbo,tinto,Vino Henry Bot-750-cc,HENRY,195000,195000,https://www.jumbo.com.ar/vino-henry-bot-750-cc/p
1,Jumbo,tinto,Vino Hereford Cabernet Sauvignon Caja X 6-cja-cc.-790,HEREFORD,96,96,https://www.jumbo.com.ar/vino-hereford-cabernet-sauvignon-caja-x-6-cja-cc-790/p
1,Jumbo,tinto,Vino Hereford Mejor Ejemplar Tinto Botella 750 Cc,HEREFORD,38,38,https://www.jumbo.com.ar/vino-hereford-mejor-ejemplar-tinto-botella-750-cc/p
1,Jumbo,tinto,Vino Hermandad Blen De Tintas 750cc,HERMANDAD,33450,33450,https://www.jumbo.com.ar/vino-hermandad-blen-de-tintas-750cc/p
1,Jumbo,tinto,Vino Héroes Blend 75ml,SIN MARCA,5669,5669,https://www.jumbo.com.ar/vino-heroes-blend-75ml/p
1,Jumbo,tinto,Vino Histoire Pinot 750ml Domaine Nico,DOMAINE NICO,,,https://www.jumbo.com.ar/vino-histoire-pinot-750ml-domaine-nico/p
1,Jumbo,tinto,Vino Huarpe Blend,SIN MARCA,75,75,https://www.jumbo.com.ar/vino-huarpe-blend-290521/p
1,Jumbo,tinto,Vino Huarpe Blend Agrelo,HUARPE,7133,7133,https://www.jumbo.com.ar/vino-huarpe-blend-agrelo/p
1,Jumbo,tinto,Vino Huentala Block 03 Malbec,HUENTALA,29600,29600,https://www.jumbo.com.ar/vino-huentala-block-03-malbec/p
1,Jumbo,tinto,Vino Huentala La Isabel Malbec 750 Ml,HUENTALA,25650,25650,https://www.jumbo.com.ar/vino-huentala-la-isabel-malbec-750-ml/p
1,Jumbo,tinto,Vino Humberto Canale Estate Cabernet X750cc,HUMBERTO CANALE,40,40,https://www.jumbo.com.ar/vino-humberto-canale-estate-cabernet-x750cc-289507/p
1,Jumbo,tinto,Vino Humberto Canale Old Vineyard Pinot Noir 750 Ml,HUMBERTO CANALE,5606,5606,https://www.jumbo.com.ar/vino-humberto-canale-old-vineyard-pinot-noir-750-ml/p
1,Jumbo,tinto,Vino Humberto Canale Old Vineyard Riesling,HUMBERTO CANALE,,,https://www.jumbo.com.ar/vino-humberto-canale-old-vineyard-riesling/p
1,Jumbo,tinto,Vino Infinitus Barrel Cabernet Sauvignon-bot-cc.-750,INFINITUS,91,91,https://www.jumbo.com.ar/vino-infinitus-barrel-cabernet-sauvignon-bot-cc-750/p
1,Jumbo,tinto,Vino Infinitus Cabernet Merlot   Bot 1.5 Lt.,INFINITUS,29,29,https://www.jumbo.com.ar/vino-infinitus-cabernet-merlot-bot-1-5-lt/p
1,Jumbo,tinto,Vino Inmensidad De Pacheco Pereda Syrah-bot-cc.-750,INMENSIDAD,,,https://www.jumbo.com.ar/vino-inmensidad-de-pacheco-pereda-syrah-bot-cc-750/p
1,Jumbo,tinto,Vino Inmensidad Syrah Bot 750 Cc.,INMENSIDAD,17,17,https://www.jumbo.com.ar/vino-inmensidad-syrah-bot-750-cc/p
1,Jumbo,tinto,Vino Inspirado Cabernet Franc 750 Cc Mauricio Lorca,LORCA,70950,70950,https://www.jumbo.com.ar/vino-inspirado-cabernet-franc-750-cc-mauricio-lorca/p
1,Jumbo,tinto,Vino J.p. Chenet Cabernet Syrah   Bot 750 Cc.,J.P. CHENET,29,29,https://www.jumbo.com.ar/vino-j-p-chenet-cabernet-syrah/p
1,Jumbo,tinto,Vino J.s Syrah,PREMIUM,11,11,https://www.jumbo.com.ar/vino-j-s-syrah-x-750-cc-290684/p
1,Jumbo,tinto,Vino Jean Rivier Malbec Rose-rose-bot-cc.-750,JEAN RIVIER,44,44,https://www.jumbo.com.ar/vino-jean-rivier-malbec-rose-rose-bot-cc-750/p
1,ChangoMás,tinto,Vino Jerez Crotta 750 Cc,Crotta,,,https://www.masonline.com.ar/vino-jerez-crotta-750-cc-2/p
1,Jumbo,tinto,Vino Joffre E Hijas Gran Merlot,SIN MARCA,44,44,https://www.jumbo.com.ar/vino-joffre-e-hijas-gran-merlot-290841/p
1,Jumbo,tinto,Vino Jose Zuccardi 750 Ml,ZUCCARDI,55218,55218,https://www.jumbo.com.ar/vino-jose-zuccardi-750-ml/p
1,Jumbo,tinto,Vino Js Cabernet Sauvignon,PREMIUM,37,37,https://www.jumbo.com.ar/vino-js-cabernet-sauvignon/p
1,Jumbo,tinto,Vino Js Malbec X 750 Ml.,PREMIUM,37,37,https://www.jumbo.com.ar/vino-js-malbec-x-750-ml/p
1,Jumbo,tinto,Vino Juan Gil  Blend-bot-cc.-750,JUAN GIL,152,152,https://www.jumbo.com.ar/vino-juan-gil-blend-bot-cc-750/p
1,Jumbo,tinto,Vino Juan Suter Malbec Gran Reserva-bot-cc.-750,JUAN SUTER,192,192,https://www.jumbo.com.ar/vino-juan-suter-malbec-gran-reserva-bot-cc-750-2/p
1,Jumbo,tinto,Vino Kinien De Don Raúl,KINIEN,11104,11104,https://www.jumbo.com.ar/vino-kinien-de-don-raul/p
1,Jumbo,tinto,Vino La Celia Heritage Cabernet Franc-bot-cc.-750,LA CELIA,177,177,https://www.jumbo.com.ar/vino-la-celia-heritage-cabernet-franc-bot-cc-750/p
1,Jumbo,tinto,Vino La Celia Malbec - Petit Verdot-reserva-bot-cc.-750,LA CELIA,146,146,https://www.jumbo.com.ar/vino-la-celia-malbec-petit-verdot-reserva-bot-cc-750/p
1,Jumbo,tinto,Vino La Celia Malbec-tannat-reserva-bot-cc.-750,LA CELIA,146,146,https://www.jumbo.com.ar/vino-la-celia-malbec-tannat-reserva-bot-cc-750/p
1,Jumbo,tinto,Vino La Celia Syrah X 750 Cc,LA CELIA,47,47,https://www.jumbo.com.ar/vino-la-celia-syrah-x-750-cc/p
1,Jumbo,tinto,Vino La Chamiza Amateur Merlot,SIN MARCA,57,57,https://www.jumbo.com.ar/vino-la-chamiza-amateur-merlot/p
1,Jumbo,tinto,Vino La Chamiza Polo Amateur Malbec X 750 Cc,LA CHAMIZA,62,62,https://www.jumbo.com.ar/vino-la-chamiza-polo-amateur-malbec-x-750-cc/p
1,Jumbo,tinto,Vino La Consulta Malbec Rose X 750ml,LA CONSULTA,28,28,https://www.jumbo.com.ar/vino-la-consulta-malbec-rose-x-750ml/p
1,Jumbo,tinto,Vino La Consulta Merlot X 750 Ml,LA CONSULTA,34,34,https://www.jumbo.com.ar/vino-la-consulta-merlot-x-750-ml/p
1,Jumbo,tinto,Vino La Final Malbec,LA FINAL,2631,2631,https://www.jumbo.com.ar/vino-la-final-malbec/p
1,Jumbo,tinto,Vino La Finca Cabernet X 750 Cc,LA FINCA,14,14,https://www.jumbo.com.ar/vino-la-finca-cabernet-x-750-cc/p
1,Jumbo,tinto,Vino La Finca Merlot,LA FINCA,15,15,https://www.jumbo.com.ar/vino-la-finca-merlot/p
1,Jumbo,tinto,Vino La Finca Pinot Grigio,CORTIMUNDO,13,13,https://www.jumbo.com.ar/vino-la-finca-pinot-grigio/p
1,Jumbo,tinto,Vino La Flor Blend-bot-cc.-750,LA FLOR,17000,17000,https://www.jumbo.com.ar/vino-la-flor-blend-bot-cc-750/p
1,Jumbo,tinto,Vino La Grola Rosso Corte-bot-cc.-750,LA GROLA,,,https://www.jumbo.com.ar/vino-la-grola-rosso-corte-bot-cc-750/p
1,Jumbo,tinto,Vino La Linda High Vines Sauvignon Blanc-bot-cc.-750,LA LINDA,201,201,https://www.jumbo.com.ar/vino-la-linda-high-vines-sauvignon-blanc-bot-cc-750/p
1,Jumbo,tinto,Vino La Linda Old Vines Malbec-bot-cc.-750,LA LINDA,201,201,https://www.jumbo.com.ar/vino-la-linda-old-vines-malbec-bot-cc-750/p
1,Jumbo,tinto,Vino La Linda Smart Blend-bot-cc.-750,LA LINDA,201,201,https://www.jumbo.com.ar/vino-la-linda-smart-blend-bot-cc-750/p
1,Jumbo,tinto,Vino La Mision For Export Merlot..,SIN MARCA,16,16,https://www.jumbo.com.ar/vino-la-mision-for-export-merlot-290479/p
1,Jumbo,tinto,Vino La Pampa Estate Tinto,LA PAMPA ESTATE,7,7,https://www.jumbo.com.ar/vino-la-pampa-estate-tinto-290174/p
1,Jumbo,tinto,Vino La Puerta Cabernet Sauvignon  Botella 750 Cc,LA PUERTA,11,11,https://www.jumbo.com.ar/vino-la-puerta-cabernet-sauvignon-x-750-cc/p
1,Jumbo,tinto,Vino La Puerta Malbec X 750 Cc,LA PUERTA,13,13,https://www.jumbo.com.ar/vino-la-puerta-malbec-x-750-cc/p
1,Jumbo,tinto,Vino La Rinconada Tinto Seleccion Sin Atributo Sin Atributo Sin Atributo Sin Atributo,LA RINCONADA,,,https://www.jumbo.com.ar/vino-la-rinconada-tinto-seleccion-sin-atributo-sin-atributo-sin-atributo-sin-atributo-158078/p
1,Jumbo,tinto,Vino La Savante Pinot 750ml Domaine Nico,DOMAINE NICO,,,https://www.jumbo.com.ar/vino-la-savante-pinot-750ml-domaine-nico/p
1,Jumbo,tinto,Vino La Vuelta  Merlot-bot-cc.-750,LA VUELTA,33,33,https://www.jumbo.com.ar/vino-la-vuelta-merlot-bot-cc-750/p
1,Jumbo,tinto,Vino Laborum De Parcela Malbec 750 Ml,LABORUM,44900,44900,https://www.jumbo.com.ar/vino-laborum-de-parcela-malbec-750-ml/p
1,Jumbo,tinto,Vino Laborum Tannnat,LABORUM,36000,36000,https://www.jumbo.com.ar/vino-laborum-tannnat-2/p
1,Jumbo,tinto,Vino Lacroix Cabernet Sauvignon Sin Atributo Sin Atributo Sin Atributo Sin Atributo,LACROIX,,,https://www.jumbo.com.ar/vino-lacroix-cabernet-sauvignon-170205/p
1,Jumbo,tinto,Vino Lacroix Merlot X 750 Cc Sin Atributo Sin Atributo Sin Atributo Sin Atributo,LACROIX,,,https://www.jumbo.com.ar/vino-lacroix-merlot-170200/p
1,Jumbo,tinto,Vino Lagarde Malbec-est-cc.-750,LAGARDE,64,64,https://www.jumbo.com.ar/vino-lagarde-malbec-est-cc-750/p
1,Jumbo,tinto,Vino Lagarde Petit Syrah Botella 750 Cc,LAGARDE,24,24,https://www.jumbo.com.ar/vino-lagarde-petit-syrah-botella-750-cc/p
1,Jumbo,tinto,Vino Lagraviere Blend X 750 Cc Le Comte De Malartic,CHATEAU,135000,135000,https://www.jumbo.com.ar/vino-lagraviere-blend-x-750-cc-le-comte-de-malartic/p
1,Jumbo,tinto,Vino Lambrusco Reggio,REGGIO,9,9,https://www.jumbo.com.ar/vino-lambrusco-reggio-2/p
1,Jumbo,tinto,Vino Lambrusco Rosso Amabile X 750 Ml Donelli,DONELLI,24000,24000,https://www.jumbo.com.ar/vino-lambrusco-rosso-amabile-x-750-ml-donelli/p
1,Jumbo,tinto,Vino Lambrusco Rosso Secco X 750 Ml Donelli,DONELLI,17500,17500,https://www.jumbo.com.ar/vino-lambrusco-rosso-secco-x-750-ml-donelli/p
1,Jumbo,tinto,Vino Lando Cabernet Malbec-bot-cc.-750,SIN MARCA,81,81,https://www.jumbo.com.ar/vino-lando-cabernet-malbec-bot-cc-750/p
1,Jumbo,tinto,Vino Las Hormigas Malbec Reserva Bot 750 Cc.,SIN MARCA,327,327,https://www.jumbo.com.ar/vino-las-hormigas-malbec-reserva-bot-750-cc/p
1,Jumbo,tinto,Vino Las Moras Malbec Reserva-reserva-est-ml.-750,LAS MORAS,89,89,https://www.jumbo.com.ar/vino-las-moras-malbec-reserva-reserva-est-ml-750/p
1,Jumbo,tinto,Vino Las Moras Syrah X 750cc,LAS MORAS,35,35,https://www.jumbo.com.ar/vino-las-moras-syrah-x-750cc/p
1,Jumbo,tinto,Vino Latente Malbec,LATENTE,38,38,https://www.jumbo.com.ar/vino-latente-malbec-2/p
1,Jumbo,tinto,Vino Latitud 33 Cabernet Sauvignon 750 Cc + Syrah Est 2 Un.,LATITUD 33,24,24,https://www.jumbo.com.ar/vino-latitud-33-cabernet-sauvignon-750-cc-syrah-est-2-un/p
1,Jumbo,tinto,Vino Latitud 33° Malbec  2 Copas Estuche,LATITUD 33,786,786,https://www.jumbo.com.ar/vino-latitud-33-malbec-2-copas-estuche/p
1,Jumbo,tinto,Vino Lavaque Borgoña Botella 750 Cc,LAVAQUE,12,12,https://www.jumbo.com.ar/vino-lavaque-borgona-botella-750-cc/p
1,Jumbo,tinto,Vino Lavaque Clasico Tinto X 750cc,LAVAQUE,5,5,https://www.jumbo.com.ar/vino-lavaque-clasico-tinto-x-750cc-323528/p
1,Jumbo,tinto,Vino Lavaque Magnum Bonarda Malbec X 1125-bot-cc.-251,LAVAQUE,20,20,https://www.jumbo.com.ar/vino-lavaque-magnum-bonarda-malbec-x-1125-bot-cc-251/p
1,Jumbo,tinto,Vino Lavaque Malbec 750cc,LAVAQUE,9,9,https://www.jumbo.com.ar/vino-lavaque-malbec-750cc/p
1,Jumbo,tinto,Vino Lavaque Malbec X 750cc,FINCA LAVAQUE,12,12,https://www.jumbo.com.ar/vino-lavaque-malbec-x-750cc/p
1,Jumbo,tinto,Vino Lavaque Pinot Noir Finca De Altura  Bot 750 Cc.,LAVAQUE,20,20,https://www.jumbo.com.ar/vino-lavaque-pinot-noir-finca-de-altura-bot-750-cc-165599/p
1,Jumbo,tinto,Vino Lavaque Pnot Noir X 750cc,LAVAQUE,8,8,https://www.jumbo.com.ar/vino-lavaque-pnot-noir-x-750cc-323524/p
1,Jumbo,tinto,Vino Lavaque Syrah Cabernet-bot-cc.-750,LAVAQUE,16,16,https://www.jumbo.com.ar/vino-lavaque-syrah-cabernet-bot-cc-750/p
1,Jumbo,tinto,Vino Lcp Malbec F14 Do 6 X 750cc,NAVARRO CORREAS,86,86,https://www.jumbo.com.ar/vino-lcp-malbec-f14-do-6-x-750cc/p
1,Jumbo,tinto,Vino Lcp Syrah-bot-cc.-750,NAVARRO CORREAS,7190,7190,https://www.jumbo.com.ar/vino-lcp-syrah-bot-cc-750/p
1,Jumbo,tinto,Vino Leo Malbec-premium-bot-cc.-750,SIN MARCA,96,96,https://www.jumbo.com.ar/vino-leo-malbec-premium-bot-cc-750/p
1,Jumbo,tinto,Vino Loan Roble Malbec X 750cc,LLAMA,31,31,https://www.jumbo.com.ar/vino-loan-roble-malbec-x-750cc/p
1,Jumbo,tinto,Vino Lola Malbec 750cc,LOLA,6900,6900,https://www.jumbo.com.ar/vino-lola-malbec-750cc/p
1,Jumbo,tinto,Vino Lola Red Blend 750cc,LOLA,5900,5900,https://www.jumbo.com.ar/vino-lola-red-blend-750cc/p
1,Jumbo,tinto,Vino Lorca Calma Indomita Prieto Picudo 750cc,LORCA,17350,17350,https://www.jumbo.com.ar/vino-lorca-calma-indomita-prieto-picudo-750cc/p
1,Jumbo,tinto,Vino Lorca Opalo Syrah-bot-cc.-750,LORCA OPALO,85,85,https://www.jumbo.com.ar/vino-lorca-opalo-syrah-bot-cc-750/p
1,Jumbo,tinto,Vino Lorcaxime 750cc,TORO,350,350,https://www.jumbo.com.ar/vino-lorcaxime-750cc/p
1,Jumbo,tinto,Vino Los Arboles Cabernet Sauvignon-cja-cc.-790,NAVARRO CORREAS,,,https://www.jumbo.com.ar/vino-los-arboles-cabernet-sauvignon-cja-cc-790/p
1,Jumbo,tinto,Vino Los Arboles X 750 Cc Pie De Monte,PIE DE MONTE,26700,26700,https://www.jumbo.com.ar/vino-los-arboles-x-750-cc-pie-de-monte/p
1,Jumbo,tinto,Vino Los Cardos Malbec Rose X750 Cc,LOS CARDOS,38,38,https://www.jumbo.com.ar/vino-los-cardos-malbec-rose-x750-cc-2/p
1,Jumbo,tinto,Vino Los Cardos Merlot X750cc,LOS CARDOS,38,38,https://www.jumbo.com.ar/vino-los-cardos-merlot-x750cc/p
1,Jumbo,tinto,Vino Los Cardos Red Blend Botella 750 Cc,LOS CARDOS,417,417,https://www.jumbo.com.ar/vino-los-cardos-red-blend-botella-750-cc/p
1,Jumbo,tinto,Vino Los Cardos Syrah Botella 750 Cc,LOS CARDOS,38,38,https://www.jumbo.com.ar/vino-los-cardos-syrah-botella-750-cc/p
1,Jumbo,tinto,"Vino Los Haroldos Cabernet Sauvignon Botella 1,25 Lt",LOS HAROLDOS,25,25,https://www.jumbo.com.ar/vino-los-haroldos-cabernet-sauvignon-botella-1-25-lt/p
1,Jumbo,tinto,Vino Los Haroldos Syrah X 1250 Cc,LOS HAROLDOS,35,35,https://www.jumbo.com.ar/vino-los-haroldos-syrah-x-1250-cc/p
1,Jumbo,tinto,Vino Los Haroldos Syrah X 750 Cc,LOS HAROLDOS,35,35,https://www.jumbo.com.ar/vino-los-haroldos-syrah-x-750-cc/p
1,Jumbo,tinto,Vino Los Helechos Malbec Reserve 750cc,LOS HELECHOS,16500,16500,https://www.jumbo.com.ar/vino-los-helechos-malbec-reserve-750cc/p
1,Jumbo,tinto,Vino Los Leones Cabernet Sauvignon   Bot 750 Cc.,LOS LEONES,32,32,https://www.jumbo.com.ar/vino-los-leones-cabernet-sauvignon-bot-750-cc/p
1,Jumbo,tinto,Vino Los Leones Malbec,LOS LEONES,30,30,https://www.jumbo.com.ar/vino-los-leones-malbec-2/p
1,Jumbo,tinto,Vino Los Leones Malbec-cabernet X 750cc,LOS LEONES,65,65,https://www.jumbo.com.ar/vino-los-leones-malbec-cabernet-x-750cc-348367/p
1,Jumbo,tinto,Vino Los Nobles Malbec,LUIGI BOSCA,64300,64300,https://www.jumbo.com.ar/vino-los-nobles-malbec/p
1,Jumbo,tinto,Vino Loscano Red Blend Cabernet 750cc,LOSCANO,12600,12600,https://www.jumbo.com.ar/vino-loscano-red-blend-cabernet-750cc-2/p
1,Jumbo,tinto,Vino Lote Negro Malbec-cabernet,LOTE NEGRO,34150,34150,https://www.jumbo.com.ar/vino-lote-negro-malbec-cabernet/p
1,Jumbo,tinto,Vino Lote X 750cc,LOTE,517,517,https://www.jumbo.com.ar/vino-lote-x-750cc/p
1,Jumbo,tinto,Vino Luca Beso De Dante Malbec-cabernet,LUCA,59850,59850,https://www.jumbo.com.ar/vino-luca-beso-de-dante-malbec-cabernet/p
1,Jumbo,tinto,Vino Luca Malbec Estuche,LUCA,58150,58150,https://www.jumbo.com.ar/vino-luca-malbec-estuche/p
1,Jumbo,tinto,Vino Luca Syrah Double Select,LUCA,37900,37900,https://www.jumbo.com.ar/vino-luca-syrah-double-select/p
1,Jumbo,tinto,Vino Luigi Bosca Cabernet Sauvignon Estuche 1 U,LUIGI BOSCA,78,78,https://www.jumbo.com.ar/vino-luigi-bosca-cabernet-sauvignon-estuche-1-u/p
1,Jumbo,tinto,Vino Luigi Bosca Cabernet X 750cc,LUIGI BOSCA,322,322,https://www.jumbo.com.ar/vino-luigi-bosca-cabernet-x-750cc-2/p
1,Jumbo,tinto,Vino Luigi Bosca De Sangre C Franc 750ml,ESTANCIA MENDOZA,34500,34500,https://www.jumbo.com.ar/vino-luigi-bosca-de-sangre-c-franc-750ml/p
1,Jumbo,tinto,Vino Luigi Bosca De Sangre Red Blend,LUIGI BOSCA,27300,27300,https://www.jumbo.com.ar/vino-luigi-bosca-de-sangre-red-blend/p
1,Jumbo,tinto,Vino Luigi Bosca Gewurztraiminer  Botella 500 Cc,LUIGI BOSCA,177,177,https://www.jumbo.com.ar/vino-luigi-bosca-gewurztraiminer-x-500-cc/p
1,Jumbo,tinto,Vino Luigi Bosca Grand Pinot La Consulta-bot-cc.-750,LUIGI BOSCA,498,498,https://www.jumbo.com.ar/vino-luigi-bosca-grand-pinot-la-consulta-bot-cc-750/p
1,Jumbo,tinto,Vino Luigi Bosca Icono Blend,LUIGI BOSCA,3800,3800,https://www.jumbo.com.ar/vino-luigi-bosca-icono-blend/p
1,Jumbo,tinto,Vino Luigi Bosca Malbec D.o.c X 1 Un,LUIGI BOSCA,65,65,https://www.jumbo.com.ar/vino-luigi-bosca-malbec-d-o-c-x-1-un/p
1,Jumbo,tinto,Vino Luigi Bosca Malbec Terroir Los Miradores-bot-cc.-750,LUIGI BOSCA,555,555,https://www.jumbo.com.ar/vino-luigi-bosca-malbec-terroir-los-miradores-bot-cc-750/p
1,Jumbo,tinto,Vino Luigi Bosca Pinot Noir Emblema,LUIGI BOSCA,15650,15650,https://www.jumbo.com.ar/vino-luigi-bosca-pinot-noir-emblema/p
1,Jumbo,tinto,Vino Luis Segundo Malbec-bot-cc.-750,LUIS SEGUNDO CORREAS,254,254,https://www.jumbo.com.ar/vino-luis-segundo-malbec-bot-cc-750/p
1,Jumbo,tinto,Vino Lujuria Cabernet Sauvignon X 750cc,LUJURIA,56,56,https://www.jumbo.com.ar/vino-lujuria-cabernet-sauvignon-x-750cc/p
1,Jumbo,tinto,Vino Lujuria Syrah,LUJURIA,19,19,https://www.jumbo.com.ar/vino-lujuria-syrah/p
1,Jumbo,tinto,Vino Luna Malbec 750cc,LUNA,7000,7000,https://www.jumbo.com.ar/vino-luna-malbec-750cc/p
1,Jumbo,tinto,Vino Lurton Malbec,LURTON,96,96,https://www.jumbo.com.ar/vino-lurton-malbec/p
1,Jumbo,tinto,Vino Lurton Malbec X500cc,LURTON,22,22,https://www.jumbo.com.ar/vino-lurton-malbec-x500cc/p
1,Jumbo,tinto,Vino Lurton Malbec-sin Atributo-sin Atributo-bot-cc.-750,LURTON,,,https://www.jumbo.com.ar/vino-lurton-malbec-sin-atributo-sin-atributo-bot-cc-750/p
1,Jumbo,tinto,Vino Lurton Pinot Lata X 750 Ml,LURTON,27,27,https://www.jumbo.com.ar/vino-lurton-pinot-lata-x-750-ml/p
1,Jumbo,tinto,Vino Lurton Reserva Cab Sau Lata 750 Ml.,LURTON,48,48,https://www.jumbo.com.ar/vino-lurton-reserva-cab-sau-lata-750-ml/p
1,Jumbo,tinto,Vino Lurton Reserva Malbec Lata 750 Ml.,LURTON,48,48,https://www.jumbo.com.ar/vino-lurton-reserva-malbec-lata-750-ml/p
1,Jumbo,tinto,Vino Lurton Syrah X 750 Cc,LURTON,6,6,https://www.jumbo.com.ar/vino-lurton-syrah-x-750-cc/p
1,Jumbo,tinto,Vino Magna Finca Malbec,FINCA LA ANITA,37400,37400,https://www.jumbo.com.ar/vino-magna-finca-malbec/p
1,Jumbo,tinto,Vino Malamado Malbec Estuche X 700 + 2 Copas Estuche + 2 Copas Bot 750 Cc.,MALAMADO,,,https://www.jumbo.com.ar/vino-malamado-malbec-estuche-x-700-2-copas-347458/p
1,Jumbo,tinto,Vino Malamado Malbec Estuche X 750 + 2 Tazas Estuche + 2 Tazas Bot 750 Cc.,MALAMADO,,,https://www.jumbo.com.ar/vino-malamado-malbec-estuche-x-750-2-tazas-347488/p
1,Jumbo,tinto,Vino Malbec 750 Ml Casa De Herrero,CASA DE HERRER0,16400,16400,https://www.jumbo.com.ar/vino-malbec-750-ml-casa-de-herrero/p
1,Jumbo,tinto,Vino Malbec 750 Ml Colosso,COLOSSO WINES,35200,35200,https://www.jumbo.com.ar/vino-malbec-750-ml-colosso/p
1,Jumbo,tinto,Vino Malbec 750 Ml The Pledge,MENDOZA VINEYARDS,29450,29450,https://www.jumbo.com.ar/vino-malbec-750-ml-the-pledge/p
1,Jumbo,tinto,Vino Malbec Argentino Magnum 1500cc,MALBEC ARGENTINO,229150,229150,https://www.jumbo.com.ar/vino-malbec-argentino-magnum-1500cc/p
1,Jumbo,tinto,Vino Malbec Bonarda X 750 Cc Aguijon De Abeja Obrera,SIN MARCA,24400,24400,https://www.jumbo.com.ar/vino-malbec-bonarda-x-750-cc-aguijon-de-abeja-obrera/p
1,Jumbo,tinto,Vino Malbec Cabernet Franc 750cc Fausto,FAUSTO,19850,19850,https://www.jumbo.com.ar/vino-malbec-cabernet-franc-750cc-fausto/p
1,Día,tinto,Vino Malbec Dadá Art 750 ml.,DADA,6790,6790,https://diaonline.supermercadosdia.com.ar/vino-malbec-dada-art-750-ml-210848/p
1,ChangoMás,tinto,Vino Malbec Doc Reserva Nieto Senetiner 750 Cc,Nieto Senetiner,,,https://www.masonline.com.ar/vino-malbec-doc-reserva-nieto-senetiner-750-cc-2/p
1,Día,tinto,Vino Malbec Dv Catena Catena Zapata 750 Ml.,DV CATENA,22900,22900,https://diaonline.supermercadosdia.com.ar/vino-malbec-dv-catena-catena-zapata-750-ml-313288/p
1,Día,tinto,Vino Malbec Edición Estiba Finca Natalia 750 Ml.,FINCA NATALINA,4940,4940,https://diaonline.supermercadosdia.com.ar/vino-malbec-edicion-estiba-finca-natalia-750-ml-298743/p
1,ChangoMás,tinto,Vino Malbec Estancia Mendoza Reserva Uar 750ml,Estancia Mendoza,,,https://www.masonline.com.ar/vino-malbec-estancia-mendoza-reserva-uar-750ml-2/p
1,Jumbo,tinto,Vino Malbec Estate Roble 750 Ml Los Haroldos,ESTATE,6450,6450,https://www.jumbo.com.ar/vino-malbec-estate-roble-750-ml-los-haroldos-2/p
1,Día,tinto,Vino Malbec Fiel 750 Ml.,FIEL,5775,5775,https://diaonline.supermercadosdia.com.ar/vino-malbec-fiel-750-ml-298238/p
1,Día,tinto,Vino Malbec Finca Norte 750 Ml.,FINCA NORTE,3590,3590,https://diaonline.supermercadosdia.com.ar/vino-malbec-finca-norte-750-ml-263987/p
1,ChangoMás,tinto,Vino Malbec Intimo 750 Cc,Intimo,,,https://www.masonline.com.ar/vino-malbec-intimo-750-cc-2/p
1,Día,tinto,"Vino Malbec Nampe 1,125 Lt.",NAMPE,5045,5045,https://diaonline.supermercadosdia.com.ar/vino-malbec-nampe-1125-lt-218145/p
1,Jumbo,tinto,Vino Malbec Orgánico Argento Sigle Block,ARGENTO,5243,5243,https://www.jumbo.com.ar/vino-malbec-organico-argento-sigle-block/p
1,Día,tinto,Vino Malbec Puska 750 Ml.,PUSKA,4490,4490,https://diaonline.supermercadosdia.com.ar/vino-malbec-puska-750-ml-299600/p
1,Día,tinto,Vino Malbec Roble Finca Norte 750 Ml.,ROBLE FINCA,3990,3990,https://diaonline.supermercadosdia.com.ar/vino-malbec-roble-finca-norte-750-ml-296502/p
1,ChangoMás,tinto,Vino Malbec Roble Goyenechea 750 Cc,Goyenechea,,,https://www.masonline.com.ar/vino-malbec-roble-goyenechea-750-cc-2/p
1,ChangoMás,tinto,Vino Malbec Roble Salentein Reserve 750 Ml,Salentein,,,https://www.masonline.com.ar/vino-malbec-roble-salentein-reserve-750-cc-2/p
1,ChangoMás,tinto,Vino Malbec Santa Julia Alambrado 750 Cc,Santa Julia,10959,10959,https://www.masonline.com.ar/vino-malbec-santa-julia-alambrado-750-cc-2/p
1,Día,tinto,Vino Malbec Sustentable Pacheco Pareda 750 Ml.,PACHECO PEREDA,6500,6500,https://diaonline.supermercadosdia.com.ar/vino-malbec-sustentable-pacheco-pareda-750-ml-299611/p
1,Día,tinto,Vino Malbec Torrontes Hermanos Tormenta Rayo 750 Ml.,HERMANOS TORMENTA,8490,8490,https://diaonline.supermercadosdia.com.ar/vino-malbec-torrontes-hermanos-tormenta-rayo-750-ml-307321/p
1,Jumbo,tinto,Vino Malbec X 750 Cc Arcangel Remiel,ARCANGEL,177900,177900,https://www.jumbo.com.ar/vino-malbec-x-750-cc-arcangel-remiel/p
1,Jumbo,tinto,Vino Malbec X 750 Cc El Cazador,EL CAZADOR,,,https://www.jumbo.com.ar/vino-malbec-x-750-cc-el-cazador/p
1,Jumbo,tinto,Vino Malbec X 750 Cc Il Caprone.,IL CAPRONE,,,https://www.jumbo.com.ar/vino-malbec-x-750-cc-il-caprone/p
1,Jumbo,tinto,Vino Malbec X 750 Ml Bianchi Particular,BIANCHI PARTICULAR,,,https://www.jumbo.com.ar/vino-malbec-x-750-ml-bianchi-particular/p
1,Jumbo,tinto,Vino Malbec X 750 Ml Gran Famiglia,GRAN FAMIGLIA,,,https://www.jumbo.com.ar/vino-malbec-x-750-ml-gran-famiglia/p
1,Día,tinto,Vino Malbec Y Sauvignon Hermanos 750 Ml.,HERMANOS TORMENTA,8490,8490,https://diaonline.supermercadosdia.com.ar/vino-malbec-y-sauvignon-hermanos-750-ml-307322/p
1,ChangoMás,tinto,Vino Malbec-Cabernet Blend Col Petit Verdot Nieto Senetiner 750 Cc,Nieto Senetiner,,,https://www.masonline.com.ar/vino-malbec-cabernet-blend-col-petit-verdot-nieto-senetiner-750-cc-2/p
1,Jumbo,tinto,Vino Malbec-cabernet Franc 750cc Zuccardi,ZUCCARDI,47916,47916,https://www.jumbo.com.ar/vino-malbec-cabernet-franc-750cc-zuccardi/p
1,Jumbo,tinto,Vino Malbec-cabernet X 750 Cc Pyros Pedernal Valley,PYROS,14350,14350,https://www.jumbo.com.ar/vino-malbec-cabernet-x-750-cc-pyros-pedernal-valley/p
1,Jumbo,tinto,Vino Malma Merlot Clasico Botella  750 Cc,MALMA,32,32,https://www.jumbo.com.ar/vino-malma-merlot-clasico-botella-750-cc/p
1,Jumbo,tinto,Vino Malma Merlot X 750 Cc Reserva  Bot 750 Cc.,MALMA,43,43,https://www.jumbo.com.ar/vino-malma-merlot-x-750-cc-reserva-bot-750-cc-2/p
1,Jumbo,tinto,Vino Mano A Mano Blend-bot-cc.-750,MANO A MANO,97,97,https://www.jumbo.com.ar/vino-mano-a-mano-blend-bot-cc-750/p
1,Jumbo,tinto,Vino Mantra Cabernet Sauvignon,MANTRA,479,479,https://www.jumbo.com.ar/vino-mantra-cabernet-sauvignon/p
1,Jumbo,tinto,Vino Mantra Cabernet Sauvignon Roble,MANTRA,1100,1100,https://www.jumbo.com.ar/vino-mantra-cabernet-sauvignon-roble/p
1,Jumbo,tinto,Vino Mantra Rebel Malbec X 750 Cc,MANTRA,2750,2750,https://www.jumbo.com.ar/vino-mantra-rebel-malbec-x-750-cc/p
1,Jumbo,tinto,Vino Mantra Rebel Pinot Noir 750 Cc,MANTRA,5750,5750,https://www.jumbo.com.ar/vino-mantra-rebel-pinot-noir-750-cc/p
1,Jumbo,tinto,Vino Map£ Cur  Merlot,MAPU CURA,13,13,https://www.jumbo.com.ar/vino-mapu-cura-merlot-290571/p
1,Jumbo,tinto,Vino Maria Carmen Cosecha 2022,SIN MARCA,93655,93655,https://www.jumbo.com.ar/vino-maria-carmen-cosecha-2022/p
1,Jumbo,tinto,Vino Marianne Malbec-bot-cc.-750,MARIANNE,61,61,https://www.jumbo.com.ar/vino-marianne-malbec-bot-cc-750/p
1,Jumbo,tinto,Vino Marques De Gri¤on Blend-bot-cc.-750,MARQUES DE GRIÑON,124,124,https://www.jumbo.com.ar/vino-marques-de-grinon-blend-bot-cc-750/p
1,Jumbo,tinto,Vino Marques De Gri¤on Petit Verdot-bot-cc.-750,MARQUES DE GRIÑON,248,248,https://www.jumbo.com.ar/vino-marques-de-grinon-petit-verdot-bot-cc-750/p
1,Jumbo,tinto,Vino Marques De Riscal Reserva Tinto Rioja Botella 750 Cc,MARQUES DE RISCAL,64,64,https://www.jumbo.com.ar/vino-marques-de-riscal-reserva-tinto-rioja-botella-750-cc/p
1,Jumbo,tinto,Vino Marques Del Gri¤on Cabernet Sauvignon-bot-cc.-750,MARQUES DE GRIÑON,268,268,https://www.jumbo.com.ar/vino-marques-del-grinon-cabernet-sauvignon-bot-cc-750/p
1,Jumbo,tinto,Vino Marques Del Sur Blend 750cc,MARQUES DEL SUR,967,967,https://www.jumbo.com.ar/vino-marques-del-sur-blend-750cc/p
1,Jumbo,tinto,Vino Marsala 750 Cc Crotta,CROTTA,6950,6950,https://www.jumbo.com.ar/vino-marsala-crotta-750cc/p
1,ChangoMás,tinto,Vino Martin Bruno Blend Cafayate 750cc,Cafayate,,,https://www.masonline.com.ar/vino-martin-bruno-blend-cafayate-750cc-2/p
1,Jumbo,tinto,Vino Martin´s Malbec X750cc,MARTIN´S,43,43,https://www.jumbo.com.ar/vino-martin-s-malbec-x750cc/p
1,Jumbo,tinto,Vino Martinet Bru Corte-bot-cc.-750,MARTINET BRU,260,260,https://www.jumbo.com.ar/vino-martinet-bru-corte-bot-cc-750/p
1,Jumbo,tinto,Vino Martins Syrah,MARTIN´S,11,11,https://www.jumbo.com.ar/vino-martins-syrah-290179/p
1,Jumbo,tinto,Vino Martins Tempranillo-bot-cc.-750,MARTIN´S,89,89,https://www.jumbo.com.ar/vino-martins-tempranillo-bot-cc-750/p
1,Jumbo,tinto,Vino Mauricio Lorca Gran Malbec,ASI COMO SOY,44400,44400,https://www.jumbo.com.ar/vino-mauricio-lorca-gran-malbec/p
1,Jumbo,tinto,Vino Mauricio Lorca Inspirado Blend,LORCA,70950,70950,https://www.jumbo.com.ar/vino-mauricio-lorca-inspirado-blend/p
1,Jumbo,tinto,Vino Mayuco Malbec,MAYUCO,10400,10400,https://www.jumbo.com.ar/vino-mayuco-malbec-2/p
1,Jumbo,tinto,Vino Mediterra Rosso Corte-bot-cc.-750,MEDITERRA,,,https://www.jumbo.com.ar/vino-mediterra-rosso-corte-bot-cc-750/p
1,Jumbo,tinto,Vino Meg Escorihuela Gascon Blend 750cc,ESCORIHUELA,49450,49450,https://www.jumbo.com.ar/vino-meg-escorihuela-gascon-blend-750cc/p
1,Jumbo,tinto,Vino Melipal Malbec. Botella X 750cc,SIN MARCA,,,https://www.jumbo.com.ar/vino-melipal-malbec-botella-x-750cc-2/p
1,Jumbo,tinto,Vino Mendel Cabernet Saivignon X 750cc,MENDEL,1200,1200,https://www.jumbo.com.ar/vino-mendel-cabernet-saivignon-x-750cc/p
1,Jumbo,tinto,Vino Mendel Unus 750 Ml,MENDEL,70200,70200,https://www.jumbo.com.ar/vino-mendel-unus-750-ml/p
1,Jumbo,tinto,Vino Merlot 750cc Hermandad,HERMANDAD,33450,33450,https://www.jumbo.com.ar/vino-merlot-750cc-hermandad/p
1,Jumbo,tinto,Vino Merlot J.a. Cicchitti X 750 Cc Sin Atributo Sin Atributo Sin Atributo Sin Atributo,J.A. CICCHITTI,,,https://www.jumbo.com.ar/vino-j-a-cicchitti-melot-168592/p
1,Jumbo,tinto,Vino Merlot X 750 Cc Cuvelier Los Andes.,CUVELIER LOS ANDES,24067,24067,https://www.jumbo.com.ar/vino-merlot-x-750-cc-cuvelier-los-andes/p
1,Jumbo,tinto,Vino Michel Torino Aniversario 750 Cc,MICHEL TORINO,55,55,https://www.jumbo.com.ar/vino-michel-torino-aniversario-750-cc/p
1,Jumbo,tinto,Vino Michel Torino Borgoña  Botella 1250 Cc,MICHEL TORINO,24,24,https://www.jumbo.com.ar/vino-michel-torino-borgona-botella-1250-cc/p
1,Jumbo,tinto,Vino Michel Torino Borgoña X 6 Uni 750 Cc  Cja 6 Un.,MICHEL TORINO,21,21,https://www.jumbo.com.ar/vino-michel-torino-borgona-x-6-uni-750-cc-cja-6-un/p
1,Jumbo,tinto,Vino Michel Torino Cabernet Sauvignon De 187 Cc  Pck 4 Un.,MICHEL TORINO,,,https://www.jumbo.com.ar/vino-michel-torino-cabernet-sauvignon-de-187-cc-pck-4-un-2/p
1,Jumbo,tinto,Vino Michel Torino Cabernet Sauvignon X 750 Cc. X 6 Un.,MICHEL TORINO,94,94,https://www.jumbo.com.ar/vino-michel-torino-cabernet-sauvignon-x-750-cc-x-6-un/p
1,Jumbo,tinto,Vino Michel Torino Malbec X 6-cja-cc.-790,MICHEL TORINO,97,97,https://www.jumbo.com.ar/vino-michel-torino-malbec-x-6-cja-cc-790/p
1,Jumbo,tinto,Vino Michel Torino Tinto Seleccion Botella X 700 Cc,MICHEL TORINO,13,13,https://www.jumbo.com.ar/vino-michel-torino-tinto-seleccion-botella-x-700-cc/p
1,Jumbo,tinto,Vino Mil Demonios Malbec,MIL DEMONIOS,25700,25700,https://www.jumbo.com.ar/vino-mil-demonios-malbec/p
1,Jumbo,tinto,Vino Mil Demonios Samurai Malbec 750cc,MIL DEMONIOS,31500,31500,https://www.jumbo.com.ar/vino-mil-demonios-samurai-malbec-750cc/p
1,Jumbo,tinto,Vino Misionero Tinto  Malbec X 1.250cc,MISIONERO,,,https://www.jumbo.com.ar/vino-misionero-tinto-malbec-x-1-250cc/p
1,Jumbo,tinto,Vino Misionero Tinto  X 4.7 Lt BorgoØa  Dmj 4.7 Lt.,MISIONERO,63,63,https://www.jumbo.com.ar/vino-misionero-tinto-x-4-7-lt-3/p
1,Jumbo,tinto,Vino Misionero Tinto  X 4.7 Lt Carl«n  Dmj 4.7 Lt.,MISIONERO,47,47,https://www.jumbo.com.ar/vino-misionero-tinto-x-4-7-lt/p
1,Jumbo,tinto,Vino Misionero Tinto X 4.7 Lt Malbec  Dmj 4.7 Lt.,MISIONERO,63,63,https://www.jumbo.com.ar/vino-misionero-tinto-x-4-7-lt-3-2/p
1,Jumbo,tinto,Vino Misiones De Rengo Cabernet Sauvignon  Botella 750 Ml,MISIONES DE RENGO,27,27,https://www.jumbo.com.ar/vino-misiones-de-rengo-cabernet-sauvignon-botella-750-ml/p
1,ChangoMás,tinto,Vino Mistela Crotta 2 Lt,Crotta,,,https://www.masonline.com.ar/vino-mistela-crotta-2-lt-2/p
1,Jumbo,tinto,Vino Montchenot 15 A¤os Tto,MONTCHENOT,99,99,https://www.jumbo.com.ar/vino-montchenot-15-anos-tto/p
1,Jumbo,tinto,Vino Montes Andinos Cabernet X 750,MONTES ANDINOS,53,53,https://www.jumbo.com.ar/vino-montes-andinos-cabernet-x-750/p
1,Jumbo,tinto,Vino Montes Andinos Reserv Malbecx750,MONTES ANDINOS,53,53,https://www.jumbo.com.ar/vino-montes-andinos-reserv-malbecx750/p
1,Jumbo,tinto,Vino Monteviejo Blend Bicentenario-bot-cc.-750,MONTEVIEJO,278,278,https://www.jumbo.com.ar/vino-monteviejo-blend-bicentenario-bot-cc-750/p
1,Jumbo,tinto,Vino Mosquita Muerta Malcriado,Mosquita Muerta,18858,18858,https://www.jumbo.com.ar/vino-mosquita-muerta-malcriado-2/p
1,Jumbo,tinto,Vino Moutier Tinto 1125cc,MAOUTIER,1100,1100,https://www.jumbo.com.ar/vino-moutier-tinto-1125cc/p
1,Jumbo,tinto,Vino Nampe Syrah-bot-cc.-750,NAMPE,150,150,https://www.jumbo.com.ar/vino-nampe-syrah-bot-cc-750/p
1,Jumbo,tinto,Vino Nanni Bonarda Reserva-bot-ml.-750,NANNI,,,https://www.jumbo.com.ar/vino-nanni-bonarda-reserva-bot-ml-750/p
1,Jumbo,tinto,Vino Nanni Cabernet Malbec Reserva,NANNI,18664,18664,https://www.jumbo.com.ar/vino-nanni-cabernet-malbec-reserva/p
1,Jumbo,tinto,Vino Navarro Correas Bonarda X 750cc,NAVARRO CORREAS,372,372,https://www.jumbo.com.ar/vino-navarro-correas-bonarda-x-750cc/p
1,Jumbo,tinto,Vino Navarro Correas Cabernet Sauvignon Coleccion Privada-bot-cc.-375,NAVARRO CORREAS,35,35,https://www.jumbo.com.ar/vino-navarro-correas-cabernet-sauvignon-coleccion-privada-bot-cc-375/p
1,Jumbo,tinto,Vino Navarro Correas Coleccion Privada Edicion Limitada-bot-cc.-750,NAVARRO CORREAS,66,66,https://www.jumbo.com.ar/vino-navarro-correas-coleccion-privada-edicion-limitada-bot-cc-750/p
1,Jumbo,tinto,Vino Navarro Correas Cp Bicentenario 750 Cc,NAVARRO CORREAS,62,62,https://www.jumbo.com.ar/vino-navarro-correas-cp-bicentenario-750-cc/p
1,Jumbo,tinto,Vino Navarro Correas Petit Syrah Coleccion Privada Botella 750 Cc,NAVARRO CORREAS,67,67,https://www.jumbo.com.ar/vino-navarro-correas-petit-syrah-coleccion-privada-botella-750-cc/p
1,Jumbo,tinto,Vino Nc Reserva Malbec Do 6 X 750 Est,NAVARRO CORREAS,145,145,https://www.jumbo.com.ar/vino-nc-reserva-malbec-do-6-x-750-est/p
1,Jumbo,tinto,Vino Nederburg Manor House Syrah-bot-cc.-750,Nederburg Manor House,160,160,https://www.jumbo.com.ar/vino-nederburg-manor-house-syrah-bot-cc-750/p
1,Jumbo,tinto,Vino Newen Malbec X 750 Cc,NEWEN,48,48,https://www.jumbo.com.ar/vino-newen-malbec-x-750-cc/p
1,Jumbo,tinto,Vino Newen Merlot  Bot 750 Cc.,NEWEN,52,52,https://www.jumbo.com.ar/vino-newen-merlot-bot-750-cc/p
1,Jumbo,tinto,Vino Nicasia Vineyards  Malbec X 6 Lts-bot-lt.-6,NICASIA,1000,1000,https://www.jumbo.com.ar/vino-nicasia-vineyards-malbec-x-6-lts-bot-lt-6/p
1,Jumbo,tinto,Vino Nieto & Senetiner Cabernet Est 1 Un,NIETO & SENETINER,42,42,https://www.jumbo.com.ar/vino-nieto-senetiner-cabernet-est-1-un/p
1,Jumbo,tinto,Vino Nieto & Senetiner Cabernet Est. 2 Un,NIETO & SENETINER,62,62,https://www.jumbo.com.ar/vino-nieto-senetiner-cabernet-est-2-un/p
1,Jumbo,tinto,Vino Nieto Senetiner Pinot Noir 6x750-bot-cc.-750,NIETO & SENETINER,10500,10500,https://www.jumbo.com.ar/vino-nieto-senetiner-pinot-noir-6x750-bot-cc-750-2/p
1,Jumbo,tinto,Vino Nina Cabernet Malbec Bot 750 Cc.,NINA,72,72,https://www.jumbo.com.ar/vino-nina-cabernet-malbec-bot-750-cc/p
1,Jumbo,tinto,Vino Nina Gold Cabernet Franc,NINA,10200,10200,https://www.jumbo.com.ar/vino-nina-gold-cabernet-franc/p
1,Jumbo,tinto,Vino Nina Gold Petit Verdot,NINA,,,https://www.jumbo.com.ar/vino-nina-gold-petit-verdot/p
1,Jumbo,tinto,Vino Nipozzano Riserva Sangiovese-bot-cc.-750,NIPOZZANO,184,184,https://www.jumbo.com.ar/vino-nipozzano-riserva-sangiovese-bot-cc-750/p
1,Jumbo,tinto,Vino Nocturno Cabernet Franc X 750 Cc Conclave,CONCLAVE,16200,16200,https://www.jumbo.com.ar/vino-nocturno-cabernet-franc-x-750-cc-conclave/p
1,Jumbo,tinto,Vino Nofal Alonso Blend  X 750 Cc   Bot 750 Cc.,NOFAL ALONSO,90,90,https://www.jumbo.com.ar/vino-nofal-alonso-blend-x-750-cc-bot-750-cc/p
1,Jumbo,tinto,Vino Norton 1895 Red Blend X 750 Cc,NORTON,5850,5850,https://www.jumbo.com.ar/vino-norton-1895-red-blend-x-750-cc/p
1,Jumbo,tinto,Vino Norton 1895 Tinto 750cc,NORTON,829,829,https://www.jumbo.com.ar/vino-norton-1895-tinto-750cc/p
1,Jumbo,tinto,Vino Norton Barbera Botella 750 Cc,NORTON,105,105,https://www.jumbo.com.ar/vino-norton-barbera-botella-750-cc/p
1,Jumbo,tinto,Vino Norton Barrel Select Pinot Noir,NORTON,122,122,https://www.jumbo.com.ar/vino-norton-barrel-select-pinot-noir/p
1,Jumbo,tinto,Vino Norton Cabernet Sauvignon Estuche 1 U,NORTON,67,67,https://www.jumbo.com.ar/vino-norton-cabernet-sauvignon-estuche-1-u/p
1,Jumbo,tinto,Vino Norton Ct Tinto 750cc,NORTON,492,492,https://www.jumbo.com.ar/vino-norton-ct-tinto-750cc/p
1,Jumbo,tinto,Vino Norton Malbec Doc Estuche,NORTON,61,61,https://www.jumbo.com.ar/vino-norton-malbec-doc-estuche/p
1,Jumbo,tinto,Vino Norton Merlot X 1 Un 750 Cc  Est 1 Un.,NORTON,43,43,https://www.jumbo.com.ar/vino-norton-merlot-x-1-un-750-cc-est-1-un/p
1,Jumbo,tinto,Vino Norton Tinto Quorum Ii 750cc-bot-cc.-750,NORTON,600,600,https://www.jumbo.com.ar/vino-norton-tinto-quorum-ii-750cc-bot-cc-750/p
1,Jumbo,tinto,Vino Novel Malbec Bonarda  Bot 750 Cc.,NOVEL,,,https://www.jumbo.com.ar/vino-novel-malbec-bonarda-bot-750-cc-190641/p
1,Jumbo,tinto,Vino Numina Cabernet Franc 75ml,NUMINA,24500,24500,https://www.jumbo.com.ar/vino-numina-cabernet-franc-75ml/p
1,Jumbo,tinto,Vino Numina Syrah X 750 Cc Salentien,SALENTEIN,21250,21250,https://www.jumbo.com.ar/vino-numina-syrah-x-750-cc-salentien/p
1,Jumbo,tinto,Vino Ojo De Buen Cubero Malbec,OJO DE BUEN CUBERO,14000,14000,https://www.jumbo.com.ar/vino-ojo-de-buen-cubero-malbec/p
1,Jumbo,tinto,Vino Omnium Malbec 310 Cc,OMNIUM,2300,2300,https://www.jumbo.com.ar/vino-omnium-malbec-310-cc/p
1,Jumbo,tinto,Vino Oregon Pinot Noir X 750 Ml Erath,ERATH,,,https://www.jumbo.com.ar/vino-oregon-pinot-noir-x-750-ml-erath/p
1,Jumbo,tinto,Vino Orfila Blend,ORFILA,15,15,https://www.jumbo.com.ar/vino-orfila-blend/p
1,Jumbo,tinto,Vino Orfila Tempranillo 750cc,ORFILA,10,10,https://www.jumbo.com.ar/vino-orfila-tempranillo-750cc/p
1,Jumbo,tinto,Vino Orfila Tinto Gran Reservado,ORFILA,8,8,https://www.jumbo.com.ar/vino-orfila-tinto-gran-reservado/p
1,Jumbo,tinto,Vino Orfila Tinto-bot-cc.-750,ORFILA,12,12,https://www.jumbo.com.ar/vino-orfila-tinto-bot-cc-750/p
1,Jumbo,tinto,Vino Origen Cabernet X Caja-cja-cc.-790,TRAPICHE,170,170,https://www.jumbo.com.ar/vino-origen-cabernet-x-caja-cja-cc-790/p
1,Jumbo,tinto,Vino Pacheco Pereda Blend Reserva-bot-cc.-750,PACHECO PEREDA,96,96,https://www.jumbo.com.ar/vino-pacheco-pereda-blend-reserva-bot-cc-750/p
1,Jumbo,tinto,Vino Pacheco Pereda Malbec Roble Botella 750 Cc,PACHECO PEREDA,913,913,https://www.jumbo.com.ar/vino-pacheco-pereda-malbec-roble-botella-750-cc/p
1,Jumbo,tinto,Vino Pacheco Pereda Merlot   Bot 750 Cc.,PACHECO PEREDA,21,21,https://www.jumbo.com.ar/vino-pacheco-pereda-merlot-bot-750-cc/p
1,Jumbo,tinto,Vino Palazzo Della Torre Corte-bot-cc.-750,PALAZZO DELLA TORRE,224,224,https://www.jumbo.com.ar/vino-palazzo-della-torre-corte-bot-cc-750/p
1,Jumbo,tinto,Vino Paraje Altamira Lupa Malbec 750cc,ALTAMIRA,49100,49100,https://www.jumbo.com.ar/vino-paraje-altamira-lupa-malbec-750cc/p
1,Jumbo,tinto,Vino Parrales De Chilecito Borgoña   Bot 700 Cc.,PARRALES DE CHILECITO,3,3,https://www.jumbo.com.ar/vino-parrales-de-chilecito-borgona-bot-700-cc/p
1,Jumbo,tinto,Vino Particular Cabernet Sauvignon Cosecha 202,SIN MARCA,30449,30449,https://www.jumbo.com.ar/vino-particular-cabernet-sauvignon-cosecha-202/p
1,Jumbo,tinto,Vino Particular Malbec Cosecha 2021,SIN MARCA,30449,30449,https://www.jumbo.com.ar/vino-particular-malbec-cosecha-2021/p
1,Jumbo,tinto,Vino Pascual Toso alta Cabernet sauvignon 750m,TOSO,7187,7187,https://www.jumbo.com.ar/vino-pascual-toso-alta-cabernet-sauvignon-750m/p
1,Jumbo,tinto,Vino Pascual Toso Estate Bottled Red Blend 750cc - Bot-0.75-lt. - Sin Atributo,TOSO,7350,7350,https://www.jumbo.com.ar/vino-pascual-toso-estate-bottled-red-blend-750cc-bot-0-75-lt-sin-atributo/p
1,Jumbo,tinto,Vino Pascual Toso Reserva Cabernet Sauvignon 750cc - Bot-0.75-lt. - Sin Atributo,TOSO,11400,11400,https://www.jumbo.com.ar/vino-pascual-toso-reserva-cabernet-sauvignon-750cc-bot-0-75-lt-sin-atributo/p
1,Jumbo,tinto,Vino Pascual Toso Syrah Bot 750 Cc.,TOSO,27,27,https://www.jumbo.com.ar/vino-pascual-toso-syrah-bot-750-cc/p
1,Jumbo,tinto,Vino Patron Santiago  Cab-suav,PATRON SANTIAGO,183,183,https://www.jumbo.com.ar/vino-patron-santiago-cab-suav/p
1,Jumbo,tinto,Vino Patron Santiago Cabernet Merlot X 750 Cc,PATRON SANTIAGO,118,118,https://www.jumbo.com.ar/vino-patron-santiago-cabernet-merlot-x-750-cc/p
1,Jumbo,tinto,Vino Paz Bonarda   Bot-750-cc.,FINCA LAS MORAS,409,409,https://www.jumbo.com.ar/vino-paz-bonarda-bot-750-cc/p
1,Jumbo,tinto,Vino Pecado Dolce Blend X 750cc-bot-cc.-750,PECADO,,,https://www.jumbo.com.ar/vino-pecado-dolce-blend-x-750cc-bot-cc-750/p
1,Jumbo,tinto,Vino Pecado Malbec Reserva,PECADO,51,51,https://www.jumbo.com.ar/vino-pecado-malbec-reserva/p
1,Jumbo,tinto,Vino Pecado Syrah X 750cc,PECADO,27,27,https://www.jumbo.com.ar/vino-pecado-syrah-x-750cc/p
1,Jumbo,tinto,Vino Pedro Del Castillo Cabernet X 750cc,PEDRO DEL CASTILLO,13,13,https://www.jumbo.com.ar/vino-pedro-del-castillo-cabernet-x-750cc/p
1,Jumbo,tinto,Vino Pedro Del Castillo Tempranill 750cc,PEDRO DEL CASTILLO,13,13,https://www.jumbo.com.ar/vino-pedro-del-castillo-tempranill-750cc/p
1,Jumbo,tinto,Vino Pequeña  Vasija  Syrah X 750 Cc   Bot 750 Cc.,PEQUEÑA VASIJA,9,9,https://www.jumbo.com.ar/vino-pequena-vasija-syrah-x-750-cc-bot-750-cc/p
1,Jumbo,tinto,Vino Pequeña Vasija Malbec  Botella 750 Cc,PEQUEÑA VASIJA,11,11,https://www.jumbo.com.ar/vino-pequena-vasija-malbec-botella-750-cc/p
1,Jumbo,tinto,Vino Pequeña Vasija Red Blend 750 Ml,PEQUEÑA VASIJA,763,763,https://www.jumbo.com.ar/vino-pequena-vasija-red-blend-750-ml/p
1,Jumbo,tinto,Vino Perdriel Colección Merlot 750 Ml,PERDRIEL,454,454,https://www.jumbo.com.ar/vino-perdriel-coleccion-merlot-750-ml/p
1,Jumbo,tinto,Vino Perpetuum Premium Malbec X 750cc,PERPETUUM,27,27,https://www.jumbo.com.ar/vino-perpetuum-premium-malbec-x-750cc-2/p
1,Jumbo,tinto,Vino Petit Verdot Ruca Malen Terroir Series X750 Ml,RUCA MALEN,3437,3437,https://www.jumbo.com.ar/vino-petit-verdot-ruca-malen-terroir-series-x750-ml/p
1,Jumbo,tinto,Vino Phebus Mmc-bot-cc.-750,PHEBUS,41,41,https://www.jumbo.com.ar/vino-phebus-mmc-bot-cc-750/p
1,Jumbo,tinto,Vino Picada 15 Cab-suav X750cc,PICADA 15,34,34,https://www.jumbo.com.ar/vino-picada-15-cab-suav-x750cc/p
1,Jumbo,tinto,Vino Picada 15 Merlot X750cc,PICADA 15,22,22,https://www.jumbo.com.ar/vino-picada-15-merlot-x750cc/p
1,Jumbo,tinto,Vino Pichot Cabernet Malbec Merlot Res X 750   Bot 750 Cc.,PICHOT,36,36,https://www.jumbo.com.ar/vino-pichot-cabernet-malbec-merlot-res-x-750-350439/p
1,Jumbo,tinto,Vino Pichot Malbec X 750cc   Bot 750 Cc.,PICHOT,29,29,https://www.jumbo.com.ar/vino-pichot-malbec-x-750cc-350405/p
1,Jumbo,tinto,Vino Pico De Oro Tinto Brick 750 Cc,PICO DE ORO,2,2,https://www.jumbo.com.ar/vino-pico-de-oro-tinto-brick-750-cc/p
1,Jumbo,tinto,Vino Piedra Del Aguila Cabernet Syrah X 750 Cc,PIEDRA DEL AGUILA,63,63,https://www.jumbo.com.ar/vino-piedra-del-aguila-cabernet-syrah-x-750-cc-2/p
1,Jumbo,tinto,Vino Pietro Marini Cabernet Sauvignon - Syrah Reserva-reserva-bot-cc.-750,PIETRO MARINI,100,100,https://www.jumbo.com.ar/vino-pietro-marini-cabernet-sauvignon-syrah-reserva-reserva-bot-cc-750/p
1,Jumbo,tinto,Vino Pietro Marini Cabernet X 750cc,PIETRO MARINI,70,70,https://www.jumbo.com.ar/vino-pietro-marini-cabernet-x-750cc/p
1,Jumbo,tinto,Vino Piner Syrah   Bot 750 Cc.,PINER,30,30,https://www.jumbo.com.ar/vino-piner-syrah-348846/p
1,Jumbo,tinto,Vino Pinot Noir X 750 Cc Flores Negras,SIN MARCA,11650,11650,https://www.jumbo.com.ar/vino-pinot-noir-x-750-cc-flores-negras/p
1,Jumbo,tinto,Vino Pipone Malbec 750cc,PIPONE,9500,9500,https://www.jumbo.com.ar/vino-pipone-malbec-750cc-2/p
1,Jumbo,tinto,Vino Pipone Red Blend 750cc,SIN MARCA,1845,1845,https://www.jumbo.com.ar/vino-pipone-red-blend-750cc/p
1,Jumbo,tinto,Vino Pispi,Mosquita Muerta,3024,3024,https://www.jumbo.com.ar/vino-pispi-2/p
1,Jumbo,tinto,Vino Pispi Blend De Tintas 750 Cc,PISPI,,,https://www.jumbo.com.ar/vino-pispi-blend-de-tintas-750-cc/p
1,Jumbo,tinto,Vino Pizzorno Reserva Corte-bot-cc.-750,PIZZORNO,112,112,https://www.jumbo.com.ar/vino-pizzorno-reserva-corte-bot-cc-750/p
1,Jumbo,tinto,Vino Pje De Tupungatu Blend Bot-750,FINCA FLICHMAN,569,569,https://www.jumbo.com.ar/vino-pje-de-tupungatu-blend-bot-750/p
1,Jumbo,tinto,Vino Plaisir De Merle Tinto-bot-cc.-750,SIN MARCA,221,221,https://www.jumbo.com.ar/vino-plaisir-de-merle-tinto-bot-cc-750/p
1,Jumbo,tinto,Vino Pont L´eveque Syrah X 750,PONT L´EVEQUE,16,16,https://www.jumbo.com.ar/vino-pont-l-eveque-syrah-x-750/p
1,Jumbo,tinto,Vino Postales Del Fin Del Mundo Malbec Roble Estuche X1 U-est-cc.-750,VENTUS,50,50,https://www.jumbo.com.ar/vino-ventus-roble-estuche-x-1bot/p
1,Jumbo,tinto,Vino Premier Malbec Botella 750cc,TRIVENTO,7,7,https://www.jumbo.com.ar/vino-premier-malbec-botella-750cc/p
1,Jumbo,tinto,Vino Protos Blend-crianza-bot-cc.-750,PROTOS,202,202,https://www.jumbo.com.ar/vino-protos-blend-crianza-bot-cc-750/p
1,Jumbo,tinto,Vino Proyecto Hermanas Malbec-cabernet X 750 Cc,LAGARDE,42150,42150,https://www.jumbo.com.ar/vino-proyecto-hermanas-malbec-cabernet-x-750-cc/p
1,Jumbo,tinto,Vino Puente Nuevo Borgoña Botella 700 Cc,PUENTE NUEVO,10,10,https://www.jumbo.com.ar/vino-puente-nuevo-borgona-botella-700-cc/p
1,Jumbo,tinto,Vino Pulenta Estate Cabernet Franc-bot-cc.-750,PULENTA ESTATE,495,495,https://www.jumbo.com.ar/vino-pulenta-estate-cabernet-franc-bot-cc-750/p
1,Jumbo,tinto,Vino Pulenta Estate Cabernet-malbec-bot-cc.-750,PULENTA ESTATE,210,210,https://www.jumbo.com.ar/vino-pulenta-estate-cabernet-malbec-bot-cc-750/p
1,Jumbo,tinto,Vino Pulenta Estate Gran Corte Blend-bot-cc.-750,PULENTA ESTATE,598,598,https://www.jumbo.com.ar/vino-pulenta-estate-gran-corte-blend-bot-cc-750/p
1,Jumbo,tinto,Vino Punto Final Malbec Reserva X 750 Ml,PUNTO FINAL,136,136,https://www.jumbo.com.ar/vino-punto-final-malbec-reserva-x-750-ml/p
1,Jumbo,tinto,Vino Punto Final-bot-cc.-750,PUNTO FINAL,93,93,https://www.jumbo.com.ar/vino-punto-final-bot-cc-750/p
1,Jumbo,tinto,Vino Pyros Pedernal Valley Malbec 750cc,PYROS,14700,14700,https://www.jumbo.com.ar/vino-pyros-pedernal-valley-malbec-750cc/p
1,Jumbo,tinto,Vino Quara Cabernet Sauvignon Reserva X 750cc,QUARA,111,111,https://www.jumbo.com.ar/vino-quara-cabernet-sauvignon-reserva-x-750cc/p
1,Jumbo,tinto,Vino Quara Malbec Res X 750ml,QUARA,145,145,https://www.jumbo.com.ar/vino-quara-malbec-res-x-750ml/p
1,Jumbo,tinto,Vino Quara Oak Cask Tannat   Bot 750 Cc.,QUARA,,,https://www.jumbo.com.ar/vino-quara-oak-cask-tannat/p
1,Jumbo,tinto,Vino Quara Syngle Vineyard Tannat,QUARA,162,162,https://www.jumbo.com.ar/vino-quara-syngle-vineyard-tannat/p
1,Jumbo,tinto,Vino Quara Tannat Botella 750 Cc,QUARA,33,33,https://www.jumbo.com.ar/vino-quara-tannat-botella-750-cc/p
1,Jumbo,tinto,Vino Quieto Blend-bot-cc.-750,QUIETO,,,https://www.jumbo.com.ar/vino-quieto-blend-bot-cc-750/p
1,Jumbo,tinto,Vino Quinto Cabernet Franc,Quinto,4512,4512,https://www.jumbo.com.ar/vino-quinto-cabernet-franc/p
1,Jumbo,tinto,Vino Quinto Malbec,Quinto,4250,4250,https://www.jumbo.com.ar/vino-quinto-malbec/p
1,Jumbo,tinto,Vino Quorum Iii-bot-cc.-750,QUORUM,193,193,https://www.jumbo.com.ar/vino-quorum-iii-bot-cc-750/p
1,Jumbo,tinto,Vino R & Rothschild Corte-bot-cc.-750,R & ROTHSCHILD,,,https://www.jumbo.com.ar/vino-r-rothschild-corte-bot-cc-750/p
1,Jumbo,tinto,Vino Rastro  Tinto Brk,RASTRO,170,170,https://www.jumbo.com.ar/vino-rastro-tinto-brk/p
1,Jumbo,tinto,Vino Real Borgoña   Bot 750 Cc.,REAL,2,2,https://www.jumbo.com.ar/vino-real-borgona-bot-750-cc/p
1,Jumbo,tinto,Vino Red Blend Cafayate Rutas Expresivo 750 Cc,CAFAYATE,147,147,https://www.jumbo.com.ar/vino-red-blend-cafayate-rutas-expresivo-750-cc/p
1,Jumbo,tinto,Vino Red Blend Cafayate Rutas Frutado 750 Cc,CAFAYATE,147,147,https://www.jumbo.com.ar/vino-red-blend-cafayate-rutas-frutado-750-cc/p
1,Jumbo,tinto,Vino Red Blend X 750 Ml Don David,DON DAVID,11050,11050,https://www.jumbo.com.ar/vino-red-blend-x-750-ml-don-david/p
1,Jumbo,tinto,Vino Red Blend X 750 Ml Intrinsic,INTRINSIC,,,https://www.jumbo.com.ar/vino-red-blend-x-750-ml-intrinsic/p
1,Jumbo,tinto,Vino Resero Clasico Tinto 1lt,RESERO,3650,3650,https://www.jumbo.com.ar/vino-resero-clasico-tinto-1lt-2/p
1,Jumbo,tinto,Vino Reserva Cabernet-syrah Nieto Senetiner X 750 Ml,NIETO & SENETINER,1050,1050,https://www.jumbo.com.ar/vino-reserva-cabernet-syrah-nieto-senetiner-x-750-ml/p
1,Jumbo,tinto,Vino Reserva Malbec-petit Verdot Nieto Senetiner X 750ml,NIETO & SENETINER,1120,1120,https://www.jumbo.com.ar/vino-reserva-malbec-petit-verdot-nieto-senetiner-x-750ml/p
1,Jumbo,tinto,Vino Ricardo Santos Cabernet Sauvignon Botella 750 Cc,RICARDO SANTOS,955,955,https://www.jumbo.com.ar/vino-ricardo-santos-cabernet-sauvignon-botella-750-cc/p
1,Jumbo,tinto,Vino Ricordi Malbec Roble-bot-cc.-750,RICORDI,130,130,https://www.jumbo.com.ar/vino-ricordi-malbec-roble-bot-cc-750/p
1,Jumbo,tinto,Vino Riglos Gran Corte Tinto X 750-bot-cc.-750,RIGLOS,200,200,https://www.jumbo.com.ar/vino-riglos-gran-corte-tinto-x-750-bot-cc-750/p
1,Jumbo,tinto,Vino Riglos Gran Malbec,RIGLOS,11402,11402,https://www.jumbo.com.ar/vino-riglos-gran-malbec/p
1,Jumbo,tinto,Vino River Plate Banda Del Alma,SIN MARCA,23952,23952,https://www.jumbo.com.ar/vino-river-plate-banda-del-alma/p
1,Jumbo,tinto,Vino River Plate La Maquina,SIN MARCA,12406,12406,https://www.jumbo.com.ar/vino-river-plate-la-maquina/p
1,Jumbo,tinto,Vino Robino Merlot X 750 Cc,DANTE ROBINO,30,30,https://www.jumbo.com.ar/vino-robino-merlot-x-750-cc/p
1,Jumbo,tinto,Vino Roble Blend Acequion,EL ACEQUION,1782,1782,https://www.jumbo.com.ar/vino-roble-blend-acequion/p
1,Jumbo,tinto,Vino Rocky Malbec 750 Ml,CROTTA,5900,5900,https://www.jumbo.com.ar/vino-rocky-malbec-750-ml/p
1,Jumbo,tinto,Vino Rodas  Est,RODAS,18,18,https://www.jumbo.com.ar/vino-rodas-est/p
1,Jumbo,tinto,Vino Rodas Bonarda X750cc,RODAS,14,14,https://www.jumbo.com.ar/vino-rodas-bonarda-x750cc/p
1,Jumbo,tinto,Vino Rodas Petit Verdot X750cc,RODAS,11,11,https://www.jumbo.com.ar/vino-rodas-petit-verdot-x750cc-270003/p
1,Jumbo,tinto,Vino Rodas Sangiovese X750cc,RODAS,15,15,https://www.jumbo.com.ar/vino-rodas-sangiovese-x750cc/p
1,Jumbo,tinto,Vino Rodas Tempranillo X 750 C,RODAS,14,14,https://www.jumbo.com.ar/vino-rodas-tempranillo-x-750-c/p
1,ChangoMás,tinto,Vino Rojo + Soda Michel Torino 473 Ml,Michel Torino,,,https://www.masonline.com.ar/vino-rojo-soda-michel-torino-473-ml-2/p
1,Jumbo,tinto,Vino Root Malbec-syrah 375 Ml,ROOT,144,144,https://www.jumbo.com.ar/vino-root-malbec-syrah-375-ml/p
1,Jumbo,tinto,Vino Rosaura Malbec 750cc,ROSAURA,,,https://www.jumbo.com.ar/vino-rosaura-malbec-750cc/p
1,Jumbo,tinto,Vino Rosso Blend X 750 Cc Col D' Orcia Nearco,COL D ORCIA,84000,84000,https://www.jumbo.com.ar/vino-rosso-blend-x-750-cc-col-d-orcia-nearco/p
1,Jumbo,tinto,Vino Rosso Di Montalcino Sangiovese-bot-cc.-750,ROSSO DI MONTALCINO,224,224,https://www.jumbo.com.ar/vino-rosso-di-montalcino-sangiovese-bot-cc-750/p
1,Jumbo,tinto,Vino Rosso Sangiovese X 750 Ml Talenti,TALENTI,,,https://www.jumbo.com.ar/vino-rosso-sangiovese-x-750-ml-talenti/p
1,Jumbo,tinto,Vino Ruca Malen Malbec C/ Estuche X 750cc,RUCA MALEN,287,287,https://www.jumbo.com.ar/vino-ruca-malen-malbec-c-estuche-x-750cc/p
1,Jumbo,tinto,Vino Ruggeri Prest. Roble Cab/sau,RUGGERI,32,32,https://www.jumbo.com.ar/vino-ruggeri-prest-roble-cab-sau/p
1,Jumbo,tinto,Vino Ruggeri Prest. Roble Merlot,RUGGERI,32,32,https://www.jumbo.com.ar/vino-ruggeri-prest-roble-merlot/p
1,Jumbo,tinto,Vino Ruggeri Reservado Cab/sau,RUGGERI,16,16,https://www.jumbo.com.ar/vino-ruggeri-reservado-cab-sau-290482/p
1,Jumbo,tinto,Vino Ruggeri Reservado Malbec 750cc,RUGGERI,12,12,https://www.jumbo.com.ar/vino-ruggeri-reservado-malbec-750cc/p
1,Jumbo,tinto,Vino Rutini Antologða Tinto Xxii   Bot 750 Cc.,RUTINI,209,209,https://www.jumbo.com.ar/vino-rutini-antologia-tinto-xxii/p
1,Jumbo,tinto,Vino Rutini Antologia Tinto V Botella 750 Cc,RUTINI,137,137,https://www.jumbo.com.ar/vino-rutini-antologia-tinto-v-botella-750-cc/p
1,Jumbo,tinto,Vino Rutini Antologia Tinto Vi Botella 750 Cc,RUTINI,118,118,https://www.jumbo.com.ar/vino-rutini-antologia-tinto-vi-botella-750-cc/p
1,Jumbo,tinto,Vino Rutini Antologia Tinto Vii Botella 750 Cc,RUTINI,115,115,https://www.jumbo.com.ar/vino-rutini-antologia-tinto-vii-botella-750-cc/p
1,Jumbo,tinto,Vino Rutini Antología Tinto X,RUTINI,154,154,https://www.jumbo.com.ar/vino-rutini-antologia-tinto-x-750-cc-2-246311/p
1,Jumbo,tinto,Vino Rutini Antología Tinto X 750 Cc Xi  Bot 750 Cc.,RUTINI,176,176,https://www.jumbo.com.ar/vino-rutini-antologia-tinto-x-750-cc-xi-bot-750-cc/p
1,Jumbo,tinto,Vino Rutini Antologia Xxix-bot-cc.-750,RUTINI ANTOLOGIA,,,https://www.jumbo.com.ar/vino-rutini-antologia-xxix-bot-cc-750/p
1,Jumbo,tinto,Vino Rutini Antologia Xxxviii 750cc,RUTINI,58000,58000,https://www.jumbo.com.ar/vino-rutini-antologia-xxxviii-750cc/p
1,Jumbo,tinto,Vino Rutini Apartado  Brk 750 Cc.,RUTINI,,,https://www.jumbo.com.ar/vino-rutini-apartado-brk-750-cc/p
1,Jumbo,tinto,Vino Rutini Apartado Estuche,RUTINI,2939,2939,https://www.jumbo.com.ar/vino-rutini-apartado-estuche/p
1,Jumbo,tinto,Vino Rutini Gualtallary Malbec 750cc,RUTINI,60000,60000,https://www.jumbo.com.ar/vino-rutini-gualtallary-malbec-750cc/p
1,Jumbo,tinto,Vino Rutini Malbec Estuche-est-cc.-750,RUTINI,5339,5339,https://www.jumbo.com.ar/vino-rutini-malbec-estuche-est-cc-750-391573/p
1,Jumbo,tinto,Vino Rutini Single Vineyard Altamira Cs,RUTINI,60000,60000,https://www.jumbo.com.ar/vino-rutini-single-vineyard-altamira-cs/p
1,Jumbo,tinto,Vino Saenz  Finca Robles Malbec X 750 Cc,SAENZ FINCA ROBLES,4,4,https://www.jumbo.com.ar/vino-saenz-finca-robles-malbec-x-750-cc/p
1,Jumbo,tinto,Vino Saenz Borgoña Botella 750 Cc,SAENZ,10,10,https://www.jumbo.com.ar/vino-saenz-borgona-botella-750-cc/p
1,Jumbo,tinto,Vino Saenz Burdeos Tinto  Botella 750 Cc,SAENZ,11,11,https://www.jumbo.com.ar/vino-saenz-burdeos-tinto/p
1,Jumbo,tinto,Vino Saenz Finca Robles Cab. Sauv. X 750 Cc. Finca Robles  Bot 750 Cc.,SAENZ FINCA ROBLES,6,6,https://www.jumbo.com.ar/vino-saenz-finca-robles-cab-sauv-x-750-cc-finca-robles-bot-750-cc/p
1,Jumbo,tinto,Vino Saint Felicien Cab-suav X2u 750 Cc  Bot 2 Un.,SAINT FELICIEN,309,309,https://www.jumbo.com.ar/vino-saint-felicien-cab-suav-x2u-750-cc-bot-2-un/p
1,Jumbo,tinto,Vino Saint Felicien Cabernet Sauvignon Merlot-est-cc.-750,SAINT FELICIEN,77,77,https://www.jumbo.com.ar/vino-saint-felicien-cabernet-sauvignon-merlot-est-cc-750/p
1,Jumbo,tinto,Vino Saint Felicien Clorindo Testa 2008,SAINT FELICIEN,457,457,https://www.jumbo.com.ar/vino-saint-felicien-clorindo-testa-2008/p
1,Jumbo,tinto,Vino Saint Felicien Petit Syra,SAINT FELICIEN,9438,9438,https://www.jumbo.com.ar/vino-saint-felicien-petit-syra/p
1,ChangoMás,tinto,Vino Salentein Brut Nature Estuche 750ml,Salentein,,,https://www.masonline.com.ar/vino-salentein-brut-nature-estuche-750ml-2/p
1,Jumbo,tinto,Vino Salentein Cabernet Sauvignon 750 Cc Estuche 1 U,SALENTEIN,57,57,https://www.jumbo.com.ar/vino-salentein-cabernet-sauvignon-x-1-un/p
1,Jumbo,tinto,Vino Salentein El Tomillo Malbec 750cc,SALENTEIN,42800,42800,https://www.jumbo.com.ar/vino-salentein-el-tomillo-malbec-750cc/p
1,ChangoMás,tinto,Vino Salentein Extra Brut Estuche 750ml,Salentein,,,https://www.masonline.com.ar/vino-salentein-extra-brut-estuche-750ml-2/p
1,Jumbo,tinto,Vino Salentein Merlot Robl 750cc Estuche,SALENTEIN,42,42,https://www.jumbo.com.ar/vino-salentein-merlot-robl-750cc-estuche-2/p
1,Jumbo,tinto,Vino Salentein Primus Caber Sauvi 750cc,SALENTEIN,81200,81200,https://www.jumbo.com.ar/vino-salentein-primus-caber-sauvi-750cc/p
1,Jumbo,tinto,Vino Salentein Reser Corte  Tintas 750cc,SALENTEIN,4400,4400,https://www.jumbo.com.ar/vino-salentein-reser-corte-tintas-750cc/p
1,ChangoMás,tinto,Vino Salentein Reserva Malbec Estuche 750ml,Salentein,,,https://www.masonline.com.ar/vino-salentein-reserva-malbec-estuche-750ml-2/p
1,ChangoMás,tinto,Vino Salentein Reserve Corte De Tintas 750ml,Salentein,,,https://www.masonline.com.ar/vino-salentein-reserve-corte-de-tintas-750ml-2/p
1,Jumbo,tinto,Vino Salentein Single Vineyard Pinot Noir-bot-cc.-750,SALENTEIN,346,346,https://www.jumbo.com.ar/vino-salentein-single-vineyard-pinot-noir-bot-cc-750/p
1,Jumbo,tinto,Vino Samt Clasico Tinto X 700,SUC. ABEL MICHEL TORINO,51,51,https://www.jumbo.com.ar/vino-samt-clasico-tinto-x-700/p
1,Jumbo,tinto,Vino Samt Rojo  Naranja Lata 473cc,ROJO,427,427,https://www.jumbo.com.ar/vino-samt-rojo-naranja-lata-473cc/p
1,Jumbo,tinto,Vino Samt Rojo  Pomelo Lata 473cc,ROJO,427,427,https://www.jumbo.com.ar/vino-samt-rojo-pomelo-lata-473cc/p
1,Jumbo,tinto,Vino Samt Rojo  Soda  Lata 473cc,ROJO,450,450,https://www.jumbo.com.ar/vino-samt-rojo-soda-lata-473cc/p
1,Jumbo,tinto,Vino San Felipe Tinto Est. 2 Un,SAN FELIPE,39,39,https://www.jumbo.com.ar/vino-san-felipe-tinto-est-2-un/p
1,Jumbo,tinto,Vino San Gimignano Cabernet Sauvignon Roble X 750cc,SAN GIMIGNANO,87,87,https://www.jumbo.com.ar/vino-san-gimignano-cabernet-sauvignon-roble-x-750cc/p
1,Jumbo,tinto,Vino San Gimignano Syrah Roble-bot-cc.-750,SAN GIMIGNANO,87,87,https://www.jumbo.com.ar/vino-san-gimignano-syrah-roble-bot-cc-750/p
1,Jumbo,tinto,Vino San Huberto Bivarietales Estuche X 2 Unidades-est-un.-2,SAN HUBERTO,,,https://www.jumbo.com.ar/vino-san-huberto-bivarietales-estuche-x-2-unidades-est-un-2-2/p
1,Jumbo,tinto,"Vino San Huberto Borgoña  Botella 1,5 Lt",SAN HUBERTO,71,71,https://www.jumbo.com.ar/vino-san-huberto-borgona-botella-1-5-lt/p
1,Jumbo,tinto,Vino San Huberto Borgoña Botella 750 Cc,SAN HUBERTO,11,11,https://www.jumbo.com.ar/vino-san-huberto-borgona-botella-750-cc/p
1,Jumbo,tinto,Vino San Huberto Clasico Cabernet Bot-750cc-,SAN HUBERTO,1200,1200,https://www.jumbo.com.ar/vino-san-huberto-clasico-cabernet-bot-750cc/p
1,Jumbo,tinto,Vino San Huberto Clasico X 1125cc-bot-cc.-251,SAN HUBERTO,29,29,https://www.jumbo.com.ar/vino-san-huberto-clasico-x-1125cc-bot-cc-251/p
1,Jumbo,tinto,Vino San Huberto Crianza Estuche X 2 Unidades-est-un.-2,SAN HUBERTO,,,https://www.jumbo.com.ar/vino-san-huberto-crianza-estuche-x-2-unidades-est-un-2/p
1,Jumbo,tinto,Vino San Lucas Tinto Cepas Selecc.-bot-cc.-251,SIN MARCA,26,26,https://www.jumbo.com.ar/vino-san-lucas-tinto-cepas-selecc-bot-cc-251/p
1,Jumbo,tinto,Vino San Lucas Tinto Cepas Selecc.-bot-cc.-750,SIN MARCA,16,16,https://www.jumbo.com.ar/vino-san-lucas-tinto-cepas-selecc-bot-cc-750/p
1,Jumbo,tinto,Vino San Telmo Bivarietal Seleccion   Bot-750-cc.,SAN TELMO,95,95,https://www.jumbo.com.ar/vino-san-telmo-bivarietal-seleccion-bot-750-cc/p
1,Jumbo,tinto,Vino San Telmo Esencia Malbec-bot-cc.-750,SAN TELMO,32,32,https://www.jumbo.com.ar/vino-san-telmo-esencia-malbec-bot-cc-750-2/p
1,Jumbo,tinto,Vino San Telmo Malbec X 6 Un 750 Cc  Cja 6 Un.,SAN TELMO,52,52,https://www.jumbo.com.ar/vino-san-telmo-malbec-x-6-un-750-cc-cja-6-un/p
1,Jumbo,tinto,Vino Sangre De Vi¤a Syrah,SANGRE  DE VIÑA,21,21,https://www.jumbo.com.ar/vino-sangre-de-vina-syrah/p
1,Jumbo,tinto,Vino Sangre De Viña Syr/cab 750cc,SANGRE  DE VIÑA,16,16,https://www.jumbo.com.ar/vino-sangre-de-vina-syr-cab-750cc/p
1,Jumbo,tinto,Vino Santa Ana Borgoña Botella 750 Cc,SANTA ANA,20,20,https://www.jumbo.com.ar/vino-santa-ana-borgona-botella-750-cc/p
1,Jumbo,tinto,Vino Santa Ana Borgoña X 1.25 Lt,SANTA ANA,24,24,https://www.jumbo.com.ar/vino-santa-ana-borgona-x-1-25-lt/p
1,Jumbo,tinto,Vino Santa Florentina Syrah Sin Atributo Sin Atributo Sin Atributo Sin Atributo,FLORENTINA,,,https://www.jumbo.com.ar/vino-santa-florentina-syrah-168594/p
1,Jumbo,tinto,Vino Santa Florentinamalbec,SANTA FLORENTINA,12,12,https://www.jumbo.com.ar/vino-santa-florentinamalbec/p
1,Jumbo,tinto,Vino Santa Isabel Bgña + Tablita,SANTA ISABEL,23,23,https://www.jumbo.com.ar/vino-santa-isabel-bgna-tablita/p
1,Jumbo,tinto,Vino Santa Isabel Syrah Botella 750 Cc,SANTA ISABEL,19,19,https://www.jumbo.com.ar/vino-santa-isabel-syrah-botella-750-cc/p
1,Jumbo,tinto,Vino Santa Julia Bonarda Res,SANTA JULIA,72,72,https://www.jumbo.com.ar/vino-santa-julia-bonarda-res/p
1,Jumbo,tinto,Vino Santa Julia Cabernet Suavignon X 750 Cc,SANTA JULIA,32,32,https://www.jumbo.com.ar/vino-santa-julia-cabernet-suavignon-x-750-cc-2/p
1,Jumbo,tinto,Vino Santa Julia Malbec Cajax6-caja X 6 Unidades-cja-cc.-790,SANTA JULIA,,,https://www.jumbo.com.ar/vino-santa-julia-malbec-cajax6-caja-x-6-unidades-cja-cc-790/p
1,Jumbo,tinto,Vino Santa Julia Malbec Reserva X375 Cc-reserva-bot-cc.-375,SANTA JULIA,225,225,https://www.jumbo.com.ar/vino-santa-julia-malbec-reserva-x375-cc/p
1,Jumbo,tinto,Vino Santa Julia Malbec X 2 Un,SANTA JULIA,171,171,https://www.jumbo.com.ar/vino-santa-julia-malbec-x-2-un-2/p
1,Jumbo,tinto,Vino Santa Julia Malbec X 750 Cc Navidad  Bot 750 Cc.,SANTA JULIA,2,2,https://www.jumbo.com.ar/vino-santa-julia-malbec-x-750-cc-navidad-bot-750-cc/p
1,Jumbo,tinto,Vino Santa Julia Merlot Roble X750cc,SANTA JULIA,36,36,https://www.jumbo.com.ar/vino-santa-julia-merlot-roble-x750cc/p
1,Jumbo,tinto,Vino Santa Julia Orgánica Malbec 750cc,SANTA JULIA,9400,9400,https://www.jumbo.com.ar/vino-santa-julia-organica-malbec-750cc/p
1,Jumbo,tinto,Vino Santa Julia Reserva Duo Pack 750 Cc,SANTA JULIA,326,326,https://www.jumbo.com.ar/vino-santa-julia-reserva-duo-pack-750-cc/p
1,Jumbo,tinto,Vino Santa Julia Tempranillo X 750 Cc,SANTA JULIA,2151,2151,https://www.jumbo.com.ar/vino-santa-julia-tempranillo-x-750-cc/p
1,Jumbo,tinto,Vino Santa Julia Varietal  Pinot Grigio,SANTA JULIA,5,5,https://www.jumbo.com.ar/vino-santa-julia-varietal-pinot-grigio/p
1,Jumbo,tinto,Vino Santa Silvia Cabernet Sauvignon Botella 750 Cc,SANTA SILVIA,10,10,https://www.jumbo.com.ar/vino-santa-silvia-cabernet-sauvignon/p
1,Jumbo,tinto,Vino Santa Silvia Malbec Extra Botella 750 Cc,SANTA SILVIA,9,9,https://www.jumbo.com.ar/vino-santa-silvia-malbec-18475/p
1,Jumbo,tinto,Vino Santa Silvia Syrah-merlot X 1250 Ml,SANTA SILVIA,28,28,https://www.jumbo.com.ar/vino-santa-silvia-syrah-merlot-x-1250-ml/p
1,Jumbo,tinto,Vino Santa Silvia Tinto   Bot 700 Cc.,SANTA SILVIA,,,https://www.jumbo.com.ar/vino-santa-silvia-tinto-bot-700-cc/p
1,Jumbo,tinto,Vino Santa Silvia Tinto 0.75 Lt,SANTA SILVIA,4850,4850,https://www.jumbo.com.ar/vino-santa-silvia-tinto-0-75-lt/p
1,Jumbo,tinto,Vino Sapo De Otro Pozo 750 Ml,Mosquita Muerta,5021,5021,https://www.jumbo.com.ar/vino-sapo-de-otro-pozo-750-ml/p
1,Jumbo,tinto,Vino Saxo Esp Extra Brut X 750ml,SIN MARCA,23,23,https://www.jumbo.com.ar/vino-saxo-esp-extra-brut-x-750ml-2/p
1,Jumbo,tinto,Vino Sel Haras D/ Olazabal Tinto,HARAS DE OLAZABAL,2,2,https://www.jumbo.com.ar/vino-sel-haras-d-olazabal-tinto-290172/p
1,Jumbo,tinto,Vino Selección Roblemonte Tint,ROBLEMONTE,,,https://www.jumbo.com.ar/vino-seleccion-roblemonte-tinto-x-700-cc-217084/p
1,Jumbo,tinto,Vino Septima Cab/sauv,CORTIMUNDO,32,32,https://www.jumbo.com.ar/vino-septima-cab-sauv/p
1,Jumbo,tinto,Vino Septima Emblema Cabernet Franc 750cc,SEPTIMA,10050,10050,https://www.jumbo.com.ar/vino-septima-emblema-cabernet-franc-750cc/p
1,Jumbo,tinto,Vino Septima Rose  Malbec  X 750 Cc,SEPTIMA,25,25,https://www.jumbo.com.ar/vino-septima-rose-malbec-x-750-cc/p
1,Jumbo,tinto,Vino Septima Syrah Tempranillo Botella 750 Cc,SEPTIMA,31,31,https://www.jumbo.com.ar/vino-septima-syrah-tempranillo-botella-750-cc-2/p
1,Jumbo,tinto,Vino Septima Syrah X 750 Cc.,SEPTIMA,28,28,https://www.jumbo.com.ar/vino-septima-syrah-x-750-cc/p
1,Jumbo,tinto,Vino Septima Tempranillo X 750 Cc   Bot 750 Cc.,SEPTIMA,34,34,https://www.jumbo.com.ar/vino-septima-tempranillo-x-750-cc/p
1,Jumbo,tinto,Vino Serbal Malbec 750 Ml,SERBAL,19650,19650,https://www.jumbo.com.ar/vino-serbal-malbec-750-ml/p
1,Jumbo,tinto,Vino Serrera Malbec X 750 Cc   Bot 750 Cc.,SERRANAS,23,23,https://www.jumbo.com.ar/vino-serrera-malbec-x-750-cc/p
1,Jumbo,tinto,Vino Sol Amante Cabernet Sauvignon-bot-cc.-750,SOL AMANTE,22,22,https://www.jumbo.com.ar/vino-sol-amante-cabernet-sauvignon-bot-cc-750/p
1,Jumbo,tinto,Vino Sophenia 2 Cabernet Sauvignon -malbec X 750cc,SIN MARCA,278,278,https://www.jumbo.com.ar/vino-sophenia-2-cabernet-sauvignon-malbec-x-750cc/p
1,Jumbo,tinto,Vino Sophenia Malbec-bot-cc.-750,FINCA SOPHENIA,,,https://www.jumbo.com.ar/vino-sophenia-malbec-bot-cc-750/p
1,Jumbo,tinto,Vino Sottano Barrabas,BARRABAS,39586,39586,https://www.jumbo.com.ar/vino-sottano-barrabas/p
1,Jumbo,tinto,Vino Sottano Familia Malbec,SOTTANO,27900,27900,https://www.jumbo.com.ar/vino-sottano-familia-malbec/p
1,Jumbo,tinto,Vino Special Blend Fin Del Mundo X 750cc,DEL FIN DEL MUNDO,508,508,https://www.jumbo.com.ar/vino-special-blend-fin-del-mundo-x-750cc/p
1,Jumbo,tinto,Vino Sublimis Malb Ed.limitad 750cc,SUBLIMIS,22,22,https://www.jumbo.com.ar/vino-sublimis-malb-ed-limitad-750cc/p
1,Jumbo,tinto,Vino Suc Abel Michel Torino C/soda Lata473cc,SUC. ABEL MICHEL TORINO,57,57,https://www.jumbo.com.ar/vino-suc-abel-michel-torino-c-soda-lata473cc/p
1,Jumbo,tinto,Vino Suc. Abel Michel Torino Abocado X 1.250,SUC. ABEL MICHEL TORINO,30,30,https://www.jumbo.com.ar/vino-suc-abel-michel-torino-abocado-x-1-250/p
1,Jumbo,tinto,Vino Suc. Abel Michel Torino Tinto X 1125,SUC. ABEL MICHEL TORINO,123,123,https://www.jumbo.com.ar/vino-suc-abel-michel-torino-tinto-x-1125/p
1,Jumbo,tinto,Vino Suc. Abel Michel Torino Tinto-bot-cc.-841,SUC. ABEL MICHEL TORINO,27,27,https://www.jumbo.com.ar/vino-suc-abel-michel-torino-tinto-bot-cc-841/p
1,Jumbo,tinto,Vino Suc. Abel Michel Torino Tinto-cja-un.-6,SUC. ABEL MICHEL TORINO,31,31,https://www.jumbo.com.ar/vino-suc-abel-michel-torino-tinto-cja-un-6/p
1,Jumbo,tinto,Vino Summa Vareitais Blend-bot-cc.-750,MARQUES DE GRIÑON,193,193,https://www.jumbo.com.ar/vino-summa-vareitais-blend-bot-cc-750/p
1,Jumbo,tinto,Vino Supremo Blend X 750cc,SUPREMO,330,330,https://www.jumbo.com.ar/vino-supremo-blend-x-750cc-2/p
1,Jumbo,tinto,Vino Susana B. Brioso  Blend-bot-cc.-750,SUSANA B.,,,https://www.jumbo.com.ar/vino-susana-b-brioso-blend-bot-cc-750/p
1,Jumbo,tinto,Vino Suter Tinto Vintage Blend   Bot-750-cc.,SUTER,106,106,https://www.jumbo.com.ar/vino-suter-tinto-vintage-blend-bot-750-cc/p
1,Jumbo,tinto,Vino Syrah Bin 28 X 750 Cc Penfolds,PENFOLDS,120128,120128,https://www.jumbo.com.ar/vino-syrah-bin-28-x-750-cc-penfolds/p
1,ChangoMás,tinto,Vino Syrah Graffigna Cent 750 Cc,Graffigna,,,https://www.masonline.com.ar/vino-syrah-graffigna-cent-750-cc-2/p
1,Jumbo,tinto,"Vino T/v Syrah- Malbec 12,50cc.-bot-cc.-750",TORO VIEJO,,,https://www.jumbo.com.ar/vino-t-v-syrah-malbec-12-50cc-bot-cc-750/p
1,Jumbo,tinto,Vino T/v Syrah- Malbec 750cc.-bot-cc.-750,TORO VIEJO,,,https://www.jumbo.com.ar/vino-t-v-syrah-malbec-750cc-bot-cc-750-2/p
1,Jumbo,tinto,Vino Tamari Cabernet Sauvignon,TAMARI,88,88,https://www.jumbo.com.ar/vino-tamari-cabernet-sauvignon/p
1,Jumbo,tinto,Vino Tamari Res Cab. Malb X 750ml,CORTIMUNDO,36,36,https://www.jumbo.com.ar/vino-tamari-res-cab-malb-x-750ml/p
1,Jumbo,tinto,Vino Tapiz Merlot 2007   Bot 750 Cc.,TAPIZ,95,95,https://www.jumbo.com.ar/vino-tapiz-merlot-2007/p
1,Jumbo,tinto,Vino Tarapac  Carmenere Gran Reser,SIN MARCA,30,30,https://www.jumbo.com.ar/vino-tarapaca-carmenere-gran-reser-290526/p
1,Jumbo,tinto,Vino Tawe Cabernet Sauvignon X 750cc,TAWE,14,14,https://www.jumbo.com.ar/vino-tawe-cabernet-sauvignon-x-750cc-2/p
1,Jumbo,tinto,Vino Tawe Malbec X 750cc   Bot 750 Cc.,TAWE,17,17,https://www.jumbo.com.ar/vino-tawe-malbec-x-750cc-bot-750-cc/p
1,Jumbo,tinto,Vino Taymente Malbec 750cc,SIN MARCA,2972,2972,https://www.jumbo.com.ar/vino-taymente-malbec-750cc/p
1,Jumbo,tinto,Vino Telmo Rodriguez Blend-bot-cc.-750,TELMO RODRIGUEZ,88,88,https://www.jumbo.com.ar/vino-telmo-rodriguez-blend-bot-cc-750/p
1,Jumbo,tinto,Vino Telmo Rodriguez Gaba Du Xil-bot-cc.-750,TELMO RODRIGUEZ,82,82,https://www.jumbo.com.ar/vino-telmo-rodriguez-gaba-du-xil-bot-cc-750/p
1,Jumbo,tinto,Vino Telteca Merlot Botella 750 Cc,TELTECA,22,22,https://www.jumbo.com.ar/vino-telteca-merlot-botella-750-cc/p
1,Jumbo,tinto,Vino Termidor Cab Sauv X 1l,TERMIDOR,16,16,https://www.jumbo.com.ar/vino-termidor-cab-sauv-x-1l/p
1,Jumbo,tinto,Vino Termidor Intenso Tinto Brk,TERMIDOR,148,148,https://www.jumbo.com.ar/vino-termidor-intenso-tinto-brk/p
1,Jumbo,tinto,Vino Termidor Tinto X 1 Lt,TERMIDOR,13,13,https://www.jumbo.com.ar/vino-termidor-tinto-x-1-lt/p
1,Jumbo,tinto,Vino Terrazas Cabernet Sauvignon X 750 Cc Gran Cabernet Sauvignon  Bot 750 Cc.,ALTOS DEL PLATA,120,120,https://www.jumbo.com.ar/vino-terrazas-cabernet-sauvignon-x-750-cc-gran-cabernet-sauvignon-bot-750-cc/p
1,Jumbo,tinto,Vino Terrazas Reserva X 750 Cc Pinot Noir,TERRAZAS,15363,15363,https://www.jumbo.com.ar/vino-terrazas-reserva-x-750-cc-pinot-noir/p
1,Jumbo,tinto,Vino Teso La Monja Blend-bot-cc.-750,TESO LA MONJA,199,199,https://www.jumbo.com.ar/vino-teso-la-monja-blend-bot-cc-750/p
1,Jumbo,tinto,Vino Tesoro Malbec X 750 Cc Trapiche,TRAPICHE,18650,18650,https://www.jumbo.com.ar/vino-tesoro-malbec-x-750-cc-trapiche/p
1,ChangoMás,tinto,Vino Tetra Intenso Tinto Termidor 1 Lt,Termidor,,,https://www.masonline.com.ar/vino-tetra-intenso-tinto-termidor-1-lt-2/p
1,Jumbo,tinto,Vino Texto Súbito Cabernet Sauvignon Petit Verdot 750 Cc,TEXTO SUBITO,9050,9050,https://www.jumbo.com.ar/vino-texto-subito-cabernet-sauvignon-petit-verdot-750-cc/p
1,Jumbo,tinto,Vino Textura Fina Malbec X 750 Cc Trapiche,TRAPICHE,21050,21050,https://www.jumbo.com.ar/vino-textura-fina-malbec-x-750-cc-trapiche/p
1,Jumbo,tinto,Vino The Presidents Blend 750cc,ESCORIHUELA,39140,39140,https://www.jumbo.com.ar/vino-the-presidents-blend-750cc/p
1,Jumbo,tinto,Vino Tiasta Joven Malbec X 750cc   Bot 750 Cc.,TIASTA,34,34,https://www.jumbo.com.ar/vino-tiasta-joven-malbec-x-750cc-bot-750-cc/p
1,Jumbo,tinto,Vino Tierra Del Fuego Cabernet Sauvignon Reser,TIERRA DEL FUEGO,196,196,https://www.jumbo.com.ar/vino-tierra-del-fuego-cabernet-sauvignon-reser/p
1,Jumbo,tinto,Vino Tierra Del Fuego Malbec Reserva,TIERRA DEL FUEGO,196,196,https://www.jumbo.com.ar/vino-tierra-del-fuego-malbec-reserva-2/p
1,Jumbo,tinto,Vino Tierra Mayor Malbec Tannat X 750cc   Bot 750 Cc.,TIERRA MAYOR,48,48,https://www.jumbo.com.ar/vino-tierra-mayor-malbec-tannat-x-750cc/p
1,Jumbo,tinto,Vino Tierra Mayor Malbec-bot-cc.-750,TIERRA MAYOR,49,49,https://www.jumbo.com.ar/vino-tierra-mayor-malbec-bot-cc-750/p
1,ChangoMás,tinto,Vino Tino Amalaya Malbec 750 Ml,Amalaya,,,https://www.masonline.com.ar/vino-tino-amalaya-malbec-750-ml/p
1,ChangoMás,tinto,Vino Tino Canciller Cabernet Sauvignon 750ml,Canciller,,,https://www.masonline.com.ar/vino-tino-canciller-cabernet-sauvignon-750ml-2/p
1,ChangoMás,tinto,Vino Tino Caprone Malbec 750 Ml,Caprone,,,https://www.masonline.com.ar/vino-tino-caprone-malbec-750-ml-2/p
1,ChangoMás,tinto,Vino Tino Centenario Cabernet Sauvignon 750 Ml,Centenario,,,https://www.masonline.com.ar/vino-tino-centenario-cabernet-sauvignon-750-ml-2/p
1,ChangoMás,tinto,Vino Tino Phebus Cabernet Sauvignon 750 Ml,Phebus,9410,9410,https://www.masonline.com.ar/vino-tino-phebus-cabernet-sauvignon-750-ml/p
1,ChangoMás,tinto,Vino Tino Resero 1 L,Resero,,,https://www.masonline.com.ar/vino-tino-resero-1-l/p
1,ChangoMás,tinto,Vino Tinto  Chacabuco Malbec 1.5 Lt,Chacabuco,,,https://www.masonline.com.ar/vino-tinto-chacabuco-malbec-1-5-lt-2/p
1,Jumbo,tinto,Vino Tinto 1 Lts Resero,RESERO,2650,2650,https://www.jumbo.com.ar/vino-resero-tinto-1lt-brk/p
1,Jumbo,tinto,Vino Tinto 1 Lts Termidor,TERMIDOR,2350,2350,https://www.jumbo.com.ar/vino-termidor-tinto-brk/p
1,Jumbo,tinto,Vino Tinto 1 Lts Toro,TORO,2700,2700,https://www.jumbo.com.ar/vino-toro-clasico-tinto-1lt-brk/p
1,Jumbo,tinto,Vino Tinto 1 Lts Vin Up,VIN UP,2050,2050,https://www.jumbo.com.ar/brik-vin-up-tinto-1lt/p
1,Jumbo,tinto,Vino Tinto 1 Lts Zumuva,ZUMUVA,2300,2300,https://www.jumbo.com.ar/vino-de-mesa-zumuva-tinto-brk-lt-1/p
1,ChangoMás,tinto,Vino Tinto 12 Uvas San Felipe 750 Cc,San Felipe,,,https://www.masonline.com.ar/vino-tinto-12-uvas-san-felipe-750-cc-2/p
1,ChangoMás,tinto,Vino Tinto 1300 Cabernet Franc 750 Ml,1300,,,https://www.masonline.com.ar/vino-tinto-1300-cabernet-franc-750-ml/p
1,ChangoMás,tinto,Vino Tinto 1300 Malbec 750 Ml,1300,11480,11480,https://www.masonline.com.ar/vino-tinto-1300-malbec-750-ml/p
1,Día,tinto,Vino Tinto 5 Flores Malbec 750 Ml.,5 FLORES,3990,3990,https://diaonline.supermercadosdia.com.ar/vino-tinto-5-flores-malbec-750-ml-264666/p
1,Jumbo,tinto,Vino Tinto 750 Cc Chateau Montchenot,CHATEAU MONTCHENOT,33400,33400,https://www.jumbo.com.ar/vino-fino-chateau-montchenot-tinto-botella-750-cc/p
1,Jumbo,tinto,Vino Tinto Achaval Ferrer 750 Cc,ACHAVAL FERRER,651,651,https://www.jumbo.com.ar/vino-tinto-achaval-ferrer-750-cc/p
1,Jumbo,tinto,Vino Tinto Achaval Ferrer Blend 750 Cc,ACHAVAL FERRER,1045,1045,https://www.jumbo.com.ar/vino-tinto-achaval-ferrer-blend-750-cc/p
1,ChangoMás,tinto,Vino Tinto Aguijón De Abeja Cabernet Franc 750 Ml,Aguijón De Abeja,18600,18600,https://www.masonline.com.ar/vino-tinto-aguijon-de-abeja-cabernet-franc-750-ml/p
1,ChangoMás,tinto,Vino Tinto Aguijón De Abeja Malbec 750 Ml,Aguijón De Abeja,18600,18600,https://www.masonline.com.ar/vino-tinto-aguijon-de-abeja-malbec-750-ml-2/p
1,ChangoMás,tinto,Vino Tinto Alaris Blend Malbec Cabernet Sauvignon 750ml,Alaris,5769,5769,https://www.masonline.com.ar/vino-tinto-alaris-blend-750-ml/p
1,ChangoMás,tinto,Vino Tinto Altitud Malbec 750 Ml,Altitud,16459,16459,https://www.masonline.com.ar/vino-tinto-altitud-malbec-750-ml/p
1,ChangoMás,tinto,Vino Tinto Altos Las Hormigas Malbec Special 750cc,Altos Las Hormigas,,,https://www.masonline.com.ar/altos-las-hormigas-malbec-special-750cc-2/p
1,ChangoMás,tinto,Vino Tinto Alzamora Cabernet Sauvignon 750ml,Alzamora,,,https://www.masonline.com.ar/vino-tinto-alzamora-cabernet-suavington-750-cc-2/p
1,ChangoMás,tinto,Vino Tinto Amalaya Blend Malbec Cabernet Franc Tannat 750ml,Amalaya,,,https://www.masonline.com.ar/vino-tinto-amalaya-gran-corte-malbec-cabernet-franc-tannat-750-ml/p
1,Jumbo,tinto,Vino Tinto Amalaya Corte único 750 Cc,AMALAYA,762,762,https://www.jumbo.com.ar/vino-tinto-amalaya-corte-unico-750-cc/p
1,Jumbo,tinto,Vino Tinto Ampakama Intenso Malbec 750 Cc,AMPAKAMA,149,149,https://www.jumbo.com.ar/vino-tinto-ampakama-intenso-malbec-750-cc/p
1,Jumbo,tinto,Vino Tinto Andeluna Altitud Malbec 750 Cc,ANDELUNA,13600,13600,https://www.jumbo.com.ar/vino-tinto-andeluna-altitud-malbec-750-cc/p
1,Jumbo,tinto,Vino Tinto Apartado Gran Blend 750 Cc Rutini,RUTINI,120000,120000,https://www.jumbo.com.ar/vino-rutini-apartado-x-1-un-bot-750-cc/p
1,ChangoMás,tinto,Vino Tinto Argento Malbec Orgánico 750ml,Argento,,,https://www.masonline.com.ar/vino-tinto-argento-malbec-organico-750ml-2/p
1,ChangoMás,tinto,Vino Tinto Argento Orgánico Cabernet Franc 750ml,Argento,,,https://www.masonline.com.ar/vino-tinto-argento-cabernet-franc-750-cc-2/p
1,Jumbo,tinto,Vino Tinto Arlene Blend 750 Ml Piattelli,PIATELLI,55150,55150,https://www.jumbo.com.ar/vino-piattelli-arlene-750/p
1,ChangoMás,tinto,Vino Tinto Arnaldo B Blend Malbec Cabernet Sauvignon Tannat Petit Verdot Ancellotta 750ml,Arnaldo B,,,https://www.masonline.com.ar/vino-malbec-cabernet-tannat-arnaldo-b-750ml-2/p
1,ChangoMás,tinto,Vino Tinto Artesano Cabernet Franc 750 Ml,Artesano,,,https://www.masonline.com.ar/vino-tinto-artesano-cabernet-franc-750-ml-2/p
1,Jumbo,tinto,Vino Tinto Assemblage 750 Cc Sin Reglas,SIN REGLAS,17550,17550,https://www.jumbo.com.ar/vino-x-750-cc-assemblage-blend/p
1,Jumbo,tinto,Vino Tinto Assemblage 750 Ml Serbal,SERBAL,22050,22050,https://www.jumbo.com.ar/vino-serbal-assemblage-x-750-ml/p
1,Jumbo,tinto,Vino Tinto Australian Bush Shiraz 750ml,AUSTRALIAN BUSH,12584,12584,https://www.jumbo.com.ar/vino-tinto-australian-bush-shiraz-750ml/p
1,Jumbo,tinto,Vino Tinto Barrel Blend 750 Cc Salentein,SALENTEIN,11450,11450,https://www.jumbo.com.ar/vino-salentein-barrel-blend-750ml/p
1,Jumbo,tinto,Vino Tinto Benjamín Nieto Senetiner Malbec 750 Cc - Caja 6 U,NIETO,1162,1162,https://www.jumbo.com.ar/vino-tinto-benjamin-nieto-senetiner-malbec-750-cc-caja-6-u/p
1,ChangoMás,tinto,Vino Tinto Bianchi Varietales Malbec 750ml,Bianchi,,,https://www.masonline.com.ar/vino-tinto-bianchi-varietales-malbec-750ml-2/p
1,Jumbo,tinto,"Vino Tinto Blend 1,5 Lts Clos De Los 7",CLOS DE LOS 7,46000,46000,https://www.jumbo.com.ar/vino-clos-de-los-siete-blend-1-5lt/p
1,Jumbo,tinto,Vino Tinto Blend 1000 Cc Resero,RESERO,3600,3600,https://www.jumbo.com.ar/vino-resero-tinto-1000-cc/p
1,Jumbo,tinto,Vino Tinto Blend 1125 Ml Viñas de Balbo,VIÑAS DE BALBO,,,https://www.jumbo.com.ar/vino-tinto-1125-ml-vinas-de-balbo/p
1,Jumbo,tinto,Vino Tinto Blend 1500 Cc Gran Alma Negra,ALMA NEGRA,94500,94500,https://www.jumbo.com.ar/vino-tinto-x-1500-cc-gran-alma-negra-2/p
1,Jumbo,tinto,Vino Tinto Blend 750 Cc Agostino Legado,AGOSTINO,39450,39450,https://www.jumbo.com.ar/vino-casa-agostino-legado-blend-2/p
1,Jumbo,tinto,Vino Tinto Blend 750 Cc Bianchi IV Generación,BIANCHI IV GENERACION,62000,62000,https://www.jumbo.com.ar/vino-blend-iv-generacion-corte-x-750-cc-bianchi/p
1,Jumbo,tinto,Vino Tinto Blend 750 Cc Brazos de los Andes,Brazos de los Andes,13600,13600,https://www.jumbo.com.ar/vino-tinto-blend-brazos-de-los-andes-750-ml-zuccardi/p
1,Jumbo,tinto,Vino Tinto Blend 750 Cc Cavas de Weinert,CAVAS DE WEINERT,89250,89250,https://www.jumbo.com.ar/vino-tinto-x-750-cc-cavas-de-weinert-cask/p
1,Jumbo,tinto,Vino Tinto Blend 750 Cc Chateau Laujac,CHATEAU,78000,78000,https://www.jumbo.com.ar/vino-medoc-blend-x-750-cc-chateau-laujac/p
1,Jumbo,tinto,Vino Tinto Blend 750 Cc Chateau Malmaison,CHATEAU,85050,85050,https://www.jumbo.com.ar/vino-medoc-blend-x-750-cc-chateau-malmaison/p
1,Jumbo,tinto,Vino Tinto Blend 750 Cc Colección Privada Navarro Correas,NAVARRO CORREAS,10000,10000,https://www.jumbo.com.ar/vino-blend-750-ml-coleccion-privada-2/p
1,Jumbo,tinto,Vino Tinto Blend 750 Cc Dada,DADA,7950,7950,https://www.jumbo.com.ar/vino-dada-art-1-vainilla-750cc/p
1,Jumbo,tinto,Vino Tinto Blend 750 Cc Don Valentin,DON VALENTIN,4550,4550,https://www.jumbo.com.ar/vino-don-valentin-lacrado-tinto-clasico-750cc/p
1,Jumbo,tinto,Vino Tinto Blend 750 Cc Escorihuela Gascon,ESCORIHUELA,53200,53200,https://www.jumbo.com.ar/vino-malbec-cabernet-sauvignon-y-syrah-escorihuela-gascon/p
1,Jumbo,tinto,Vino Tinto Blend 750 Cc Lacoste Borie,CHATEAU,140000,140000,https://www.jumbo.com.ar/vino-grand-puy-blend-x-750-cc-lacoste-borie/p
1,Jumbo,tinto,Vino Tinto Blend 750 Cc Lagarde Guarda,LAGARDE,28850,28850,https://www.jumbo.com.ar/vino-tinto-fino-lagarde-750-cc/p
1,Jumbo,tinto,Vino Tinto Blend 750 Cc Le Volte dell'Ornellaia,ORNELLAIA,121000,121000,https://www.jumbo.com.ar/vino-blend-x-750-cc-ornellaia-le-volte/p
1,Jumbo,tinto,Vino Tinto Blend 750 Cc Lorca Viña Peón,LORCA,30500,30500,https://www.jumbo.com.ar/vino-lorca-vina-peon-barrica-750cc/p
1,Jumbo,tinto,Vino Tinto Blend 750 Cc Mil Demonios,MIL DEMONIOS,38150,38150,https://www.jumbo.com.ar/vino-mil-demonios-gitano-blend-750ml/p
1,Jumbo,tinto,Vino Tinto Blend 750 Cc Nicasia,NICASIA,19300,19300,https://www.jumbo.com.ar/vino-nicasia-blend-historico-750ml/p
1,Jumbo,tinto,Vino Tinto Blend 750 Cc Noellat,NOELLAT,75500,75500,https://www.jumbo.com.ar/vino-noellat-blend-x-750-cc-coteaux-bourguignons/p
1,Jumbo,tinto,Vino Tinto Blend 750 Cc Poggio Al Tesoro Il Seggio,POGGIO AL TESORO,98700,98700,https://www.jumbo.com.ar/vino-rosso-blend-x-750-cc-poggio-al-tesoro-il-seggio/p
1,Jumbo,tinto,Vino Tinto Blend 750 Cc San Felipe 12 Uvas,SAN FELIPE,6200,6200,https://www.jumbo.com.ar/vino-tinto-san-felipe-12-uvas-750-cc/p
1,Jumbo,tinto,Vino Tinto Blend 750 Ml 2014 Yacochuya,YACOCHUYA,89100,89100,https://www.jumbo.com.ar/vino-tinto-yacochuya-blend-750ml/p
1,Jumbo,tinto,Vino Tinto Blend 750 Ml Alba de Luces,ALBA DE LUCES,17666,17666,https://www.jumbo.com.ar/vino-alba-de-luces-tempranillo-crianza-doc-rio/p
1,Jumbo,tinto,Vino Tinto Blend 750 Ml Alma Mora,ALMA MORA,10550,10550,https://www.jumbo.com.ar/vino-alma-mora-select-reserve-blend-750-ml/p
1,Jumbo,tinto,Vino Tinto Blend 750 Ml Contracara Callia,CALLIA,8600,8600,https://www.jumbo.com.ar/vino-tinto-blend-750-ml-contracara/p
1,Jumbo,tinto,Vino Tinto Blend 750 Ml Gran Callejón del Crimen,CALLEJON DEL CRIMEN,49000,49000,https://www.jumbo.com.ar/vino-callejon-del-crimen-gran-callejon/p
1,Jumbo,tinto,Vino Tinto Blend Bordeaux 750 Cc Rue De Perle,RUE DE PERLE,22050,22050,https://www.jumbo.com.ar/vino-rue-de-perle-bordeaux-750ml/p
1,Jumbo,tinto,Vino Tinto Blend Cabernet Sauvignon y Merlot 750 Cc Saint Felicien,SAINT FELICIEN,16950,16950,https://www.jumbo.com.ar/vino-tinto-cabernet-sauvignon-merlot-saint-felicien-750-cc/p
1,Jumbo,tinto,Vino Tinto Blend Cabernet Sauvignon y Tannat 750 Ml Gino Putruele,PUTRUELE,9650,9650,https://www.jumbo.com.ar/vino-blend-by-putruele-750-ml-gino/p
1,Jumbo,tinto,Vino Tinto Blend Camino Empedrado 750 Cc Lorca,LORCA,76650,76650,https://www.jumbo.com.ar/vino-camino-empedrado-blend-de-fincas-x-750-cc/p
1,Jumbo,tinto,Vino Tinto Blend Cofermentado 750 Ml Huentala,HUENTALA,21050,21050,https://www.jumbo.com.ar/vino-huentala-cofermentado/p
1,Jumbo,tinto,Vino Tinto Blend de Tintas 750 Cc Mosquita Muerta,Mosquita Muerta,23900,23900,https://www.jumbo.com.ar/vino-mosquita-muerta-blend-de-tintas-750-cc/p
1,Jumbo,tinto,Vino Tinto Blend de Tintas 750 Cc Sapo de Otro Pozo,SAPO,18500,18500,https://www.jumbo.com.ar/vino-sapo-de-otro-pozo-blend-de-tintas-750-cc/p
1,Jumbo,tinto,Vino Tinto Blend de Uvas Tintas 750 Cc Vasco Viejo,VASCO VIEJO,4200,4200,https://www.jumbo.com.ar/vino-vasco-viejo-tinto-seleccion-2/p
1,Día,tinto,Vino Tinto Blend Eno Canciller 750 Ml.,CANCILLER,3560,3560,https://diaonline.supermercadosdia.com.ar/vino-tinto-blend-eno-canciller-750-ml-310373/p
1,Jumbo,tinto,Vino Tinto Blend Judas 750 Cc Sottano,SOTTANO,119575,119575,https://www.jumbo.com.ar/vino-judas-blend-x-750-cc-sottano/p
1,Jumbo,tinto,Vino Tinto Blend Killka Salentein 750 Ml,KILLKA,2350,2350,https://www.jumbo.com.ar/vino-tinto-blend-killka-salentein-750-ml-2/p
1,Jumbo,tinto,"Vino Tinto Blend Malbec, Tempranillo y Cabernet Sauvignon 750 Cc Trumpeter",TRUMPETER,14200,14200,https://www.jumbo.com.ar/vino-tinto-trumpeter-reserve-750-cc/p
1,Jumbo,tinto,Vino Tinto Blend Osado 750 Ml,OSADO,384,384,https://www.jumbo.com.ar/vino-tinto-blend-osado-750-ml/p
1,Jumbo,tinto,Vino Tinto Blend Pía 750 Ml Putruele,PUTRUELE,9750,9750,https://www.jumbo.com.ar/vino-blend-by-putruele-750-ml-pia/p
1,Jumbo,tinto,Vino Tinto Blend Sabor Chocolat 750 Cc Dadá,DADA,8050,8050,https://www.jumbo.com.ar/vino-dada-art-8-chocolat-750cc/p
1,Jumbo,tinto,Vino Tinto Blend Sygnos 750 Ml,SIGNOS,320,320,https://www.jumbo.com.ar/vino-tinto-blend-sygnos-750-ml/p
1,Jumbo,tinto,Vino Tinto Blend Trinita 750 Cc Piattelli,PIATELLI,56700,56700,https://www.jumbo.com.ar/vino-piattelli-trinita-750cc/p
1,Jumbo,tinto,Vino Tinto Blend Vikingo 750 Cc Mil Demonios,MIL DEMONIOS,36750,36750,https://www.jumbo.com.ar/vino-vikingo-blend-x-750-cc-mil-demonios/p
1,ChangoMás,tinto,Vino Tinto Bodega Privada Cabernet Sauvignon 750ml,Bodega Privada,,,https://www.masonline.com.ar/vino-coleccion-cabernet-suavignon-bodega-privada-750-ml-2/p
1,Jumbo,tinto,Vino Tinto Bonarda 750 Ml Nicola Catena,CATENA ZAPATA,60506,60506,https://www.jumbo.com.ar/vino-nicola-catena-bonarda-750ml/p
1,Jumbo,tinto,Vino Tinto Bordeaux Blend 750 Ml Les Vignes,LES VIGNES,8954,8954,https://www.jumbo.com.ar/vino-tinto-les-vignes-burdeos-750ml/p
1,Jumbo,tinto,Vino Tinto Borgoña 1125 Cc Viñas de Balbo,VIÑAS DE BALBO,4000,4000,https://www.jumbo.com.ar/vino-tinto-borgona-1-125-cc-vinas-de-balbo/p
1,ChangoMás,tinto,Vino Tinto Bravio Malbec 750 Ml,Uxmal,6939,6939,https://www.masonline.com.ar/vino-malbec-bravio-uxmal-750-cc-2/p
1,Jumbo,tinto,Vino Tinto Bravio Malbec Chocolate 750 Cc,BRAVIO,166,166,https://www.jumbo.com.ar/vino-tinto-bravio-malbec-chocolate-750-cc/p
1,Jumbo,tinto,Vino Tinto Bravio Malbec Vainilla 750 Ml,BRAVIO,166,166,https://www.jumbo.com.ar/vino-tinto-bravio-malbec-vainilla-750-ml/p
1,Jumbo,tinto,Vino Tinto Cabernet Franc 1300 750 Cc Andeluna,ANDELUNA,8700,8700,https://www.jumbo.com.ar/vino-1300-cabernet-franc-750cc-andeluna/p
1,Jumbo,tinto,Vino Tinto Cabernet Franc 269 Cc Las Perdices,LAS PERDICES,3700,3700,https://www.jumbo.com.ar/vino-chac-chac-cab-franc-lata-269cc/p
1,Jumbo,tinto,Vino Tinto Cabernet Franc 750 Cc Artesano de Argento,ARTESANO,11950,11950,https://www.jumbo.com.ar/vino-artesano-cabernet-franc-organico-750cc/p
1,Jumbo,tinto,Vino Tinto Cabernet Franc 750 Cc Casa Boher,CASA BOHER,18667,18667,https://www.jumbo.com.ar/vino-casa-boher-cabernet-franc-750cc/p
1,Jumbo,tinto,Vino Tinto Cabernet Franc 750 Cc Durigutti,DURIGUTTI,34250,34250,https://www.jumbo.com.ar/vino-gran-reserva-cabernet-franc-x-750-cc-durigutti/p
1,Jumbo,tinto,Vino Tinto Cabernet Franc 750 Cc Gran Enemigo Gualtallary 2014,GRAN ENEMIGO,88050,88050,https://www.jumbo.com.ar/vino-gualtallary-x-750-cc-gran-enemigo/p
1,Jumbo,tinto,Vino Tinto Cabernet Franc 750 Cc Norton,NORTON,21000,21000,https://www.jumbo.com.ar/vino-norton-libre-malbec-750-cc/p
1,Jumbo,tinto,Vino Tinto Cabernet Franc 750 Cc Pequeñas Producciones,PEQUEÑAS PRODUCCIONES,36700,36700,https://www.jumbo.com.ar/vino-cabernet-franc-x-750-cc-pequenas-producciones/p
1,Jumbo,tinto,Vino Tinto Cabernet Franc 750 Cc Pulenta Estate,PULENTA ESTATE,32300,32300,https://www.jumbo.com.ar/vino-cabernet-franc-750cc-pulenta-estate/p
1,Jumbo,tinto,Vino Tinto Cabernet Franc 750 Cc Rutini,RUTINI,30800,30800,https://www.jumbo.com.ar/vino-rutini-cabernet-franc-750cc/p
1,Jumbo,tinto,Vino Tinto Cabernet Franc 750 Cc Santa Julia,SANTA JULIA,7050,7050,https://www.jumbo.com.ar/vino-santa-julia-cabernet-franc-750cc/p
1,Jumbo,tinto,Vino Tinto Cabernet Franc 750 Cc Weinert,WEINERT,39400,39400,https://www.jumbo.com.ar/vino-tinto-cabernet-franc-2020-x-750-cc-weinert/p
1,Jumbo,tinto,Vino Tinto Cabernet Franc 750 Ml Cuchillo de Palo,CUCHILLO DE PALO,20500,20500,https://www.jumbo.com.ar/vino-cabernet-franc-x-750-ml-cuchillo-de-palo/p
1,Jumbo,tinto,Vino Tinto Cabernet Franc 750 Ml Don Nicanor,0-61,25500,25500,https://www.jumbo.com.ar/vino-don-nicanor-bs-cab-franc-nuevo-750ml/p
1,Jumbo,tinto,Vino Tinto Cabernet Franc 750 Ml Famiglia Bianchi,FAMIGLIA BIANCHI,10350,10350,https://www.jumbo.com.ar/vino-famiglia-cab-franc-x-750-ml/p
1,Jumbo,tinto,Vino Tinto Cabernet Franc 750 Ml Humberto Canale,HUMBERTO CANALE,44550,44550,https://www.jumbo.com.ar/vino-humberto-canale-gran-reserva-cabernet-franc-750-ml/p
1,Jumbo,tinto,Vino Tinto Cabernet Franc 750 Ml Killka,KILLKA,10133,10133,https://www.jumbo.com.ar/vino-killka-cabernet-franc-750ml/p
1,Jumbo,tinto,Vino Tinto Cabernet Franc 750 Ml Sombrero,SOMBRERO,12300,12300,https://www.jumbo.com.ar/vino-sombrero-cabernet-franc-750-ml/p
1,Jumbo,tinto,Vino Tinto Cabernet Franc 750 Ml Terrazas,TERRAZAS,18150,18150,https://www.jumbo.com.ar/vino-terrazas-reserva-cabernet-franc-750/p
1,Jumbo,tinto,Vino Tinto Cabernet Franc Reserva 750 Cc Escorihuela Gascon,ESCORIHUELA GASCON,12950,12950,https://www.jumbo.com.ar/vino-cabernet-franc-x-750-cc-escorihuela-gascon/p
1,Jumbo,tinto,Vino Tinto Cabernet Franc y Malbec 750 Ml Amauta,AMAUTA,26250,26250,https://www.jumbo.com.ar/vino-amauta-innovacion-cabernet-franc-malbec-750-ml/p
1,Jumbo,tinto,Vino Tinto Cabernet Malbec 750 Cc Felipe Rutini,RUTINI,453600,453600,https://www.jumbo.com.ar/vino-felipe-rutini-cabernet-malbec-botella-750-cc/p
1,Jumbo,tinto,Vino Tinto Cabernet Malbec 750 Cc x 6 Un Rutini,RUTINI,173000,173000,https://www.jumbo.com.ar/vino-rutini-estuche-x-6-sv-ch-tr-cb-mb-me-estuche-est-cc-790/p
1,Jumbo,tinto,Vino Tinto Cabernet Sauvignon 750 Cc Aristides,ARISTIDES,11600,11600,https://www.jumbo.com.ar/vino-tinto-aristides-cabernet-sauvignon-750-cc/p
1,Jumbo,tinto,Vino Tinto Cabernet Sauvignon 750 Cc Bendito Pecado,BENDITO PECADO,11450,11450,https://www.jumbo.com.ar/vino-bendito-pecado-cabernet-sauvignon-750cc-2/p
1,Jumbo,tinto,Vino Tinto Cabernet Sauvignon 750 Cc Cuvelier Los Andes,CUVELIER LOS ANDES,23650,23650,https://www.jumbo.com.ar/vino-cuvelier-los-andes-cabernet-sauvignon-750cc/p
1,Jumbo,tinto,Vino Tinto Cabernet Sauvignon 750 Cc Il Caprone,IL CAPRONE,6850,6850,https://www.jumbo.com.ar/vino-cabernet-sauvignon-x-750-cc-il-caprone/p
1,Jumbo,tinto,Vino Tinto Cabernet Sauvignon 750 Cc Magna Finca La Anita,FINCA LA ANITA,35600,35600,https://www.jumbo.com.ar/vino-magna-finca-cabernet-sauvignon/p
1,Jumbo,tinto,Vino Tinto Cabernet Sauvignon 750 Cc Mauricio Lorca Inspirado,LORCA,70950,70950,https://www.jumbo.com.ar/vino-mauricio-lorca-inspitado-cabernet-caberne/p
1,Jumbo,tinto,Vino Tinto Cabernet Sauvignon 750 Cc Numina,NUMINA,21250,21250,https://www.jumbo.com.ar/vino-cabernet-sauvignon-750cc-numina/p
1,Jumbo,tinto,Vino Tinto Cabernet Sauvignon 750 Cc Trapiche Medalla,TRAPICHE,24100,24100,https://www.jumbo.com.ar/vino-trapiche-medalla-cabernet-sauvignon-750cc/p
1,Jumbo,tinto,Vino Tinto Cabernet Sauvignon 750 Cc Zorro Salvaje,ZORRO SALVAJE,6700,6700,https://www.jumbo.com.ar/vino-zorro-salvaje-de-uco-cabernet-750-cc/p
1,Jumbo,tinto,Vino Tinto Cabernet Sauvignon 750 Ml Chateau du Grand Soussans,CHATEAU DU GRAND SOUSSANS,38962,38962,https://www.jumbo.com.ar/vino-chateau-du-grand-soussans-margaux-750ml/p
1,Jumbo,tinto,Vino Tinto Cabernet Sauvignon 750 Ml Esperado Callia,CALLIA,7100,7100,https://www.jumbo.com.ar/vino-esperado-cabernet-sauvignon-750-ml-callia/p
1,Jumbo,tinto,Vino Tinto Cabernet Sauvignon 750 Ml La Regence,LA REGENCE,43802,43802,https://www.jumbo.com.ar/vino-tinto-la-regence-pauillac-750ml/p
1,Jumbo,tinto,Vino Tinto Cabernet Sauvignon 750 Ml San Huberto Centenario,SAN HUBERTO,4650,4650,https://www.jumbo.com.ar/vino-san-huberto-cabernet-centenario-1905/p
1,Jumbo,tinto,Vino Tinto Cabernet Sauvignon 750 Ml Terrazas de los Andes Grand,TERRAZAS,67980,67980,https://www.jumbo.com.ar/vino-tinto-terrazas-de-los-andes-grand-cabernet-sauvignon-2019-750-ml/p
1,ChangoMás,tinto,Vino Tinto Cabernet Sauvignon Fuzion Alta 750 Ml,Fuzion Alta,,,https://www.masonline.com.ar/vino-tinto-cabernet-sauvignon-fuzion-alta-750-ml-2/p
1,Jumbo,tinto,Vino Tinto Cabernet Sauvignon La Piramide 750 Ml D.V. Catena,CATENA ZAPATA,43000,43000,https://www.jumbo.com.ar/vino-cabernet-sauvignon-la-piramide-x-750-ml-d-v-catena/p
1,Jumbo,tinto,Vino Tinto Cabernet Sauvignon y Cabernet Franc 750 Cc Lupa Wines,ALTAMIRA,28150,28150,https://www.jumbo.com.ar/vino-paraje-altamira-tocayos-cab-sauv-cab-fran/p
1,Jumbo,tinto,Vino Tinto Cabernet Sauvignon y Cabernet Franc 750 Ml Paz,FINCA LAS MORAS,15350,15350,https://www.jumbo.com.ar/vio-tinto-cabernet-sauvignon-franc-750-ml-paz-2/p
1,Jumbo,tinto,Vino Tinto Cabernet Sauvignon y Cabernet Franc 750 Ml Teia Lagarde,LAGARDE,11150,11150,https://www.jumbo.com.ar/vino-cabernet-sauvignon-franc-750-ml-teia/p
1,Jumbo,tinto,Vino Tinto Cabernet Sauvignon y Malbec 750 Ml Postales,POSTALES,8900,8900,https://www.jumbo.com.ar/vino-postales-roble-cabernet-malbec-750-ml/p
1,ChangoMás,tinto,Vino Tinto Cabernet Sauvingnon Reserva Estancia Mendoza 750 Ml,Estancia Mendoza,,,https://www.masonline.com.ar/vino-tinto-cabernet-sauvingnon-reserva-estancia-mendoza-750-ml-2/p
1,Jumbo,tinto,Vino Tinto Cabernet y Malbec 750 Cc Catena Zapata,CATENA ZAPATA,23550,23550,https://www.jumbo.com.ar/vino-tinto-catena-d-v-cabernet-malbec-750-cc/p
1,ChangoMás,tinto,Vino Tinto Cadus Appelation Cabernet Sauvignon 750ml,Cadus,,,https://www.masonline.com.ar/vino-tinto-cadus-appelation-cabernet-sauvignon-750ml-2/p
1,ChangoMás,tinto,Vino Tinto Cafayate Gran Linaje Malbec 750 Ml,Cafayate,,,https://www.masonline.com.ar/vino-tinto-cafayate-gran-linaje-malbec-750-ml-2/p
1,ChangoMás,tinto,Vino Tinto Callia Blend Syrah Malbec 750ml,Callia,5899,5899,https://www.masonline.com.ar/vino-tinto-callia-blend-syrah-malbec-750ml-2/p
1,ChangoMás,tinto,Vino Tinto Callia Malbec 1.5 L,Callia,,,https://www.masonline.com.ar/vino-tinto-callia-malbec-1-5-l-2/p
1,ChangoMás,tinto,Vino Tinto Canciller Blend Bag In Box 3 Lt,Canciller,,,https://www.masonline.com.ar/vino-tinto-canciller-blend-bag-in-box-3-lt-2/p
1,ChangoMás,tinto,Vino Tinto Canciller Blend I 1125 Ml,Canciller,,,https://www.masonline.com.ar/vino-tinto-canciller-blend-i-1125-ml-2/p
1,Día,tinto,"Vino Tinto Canciller Blend Iii 1,125 Lt.",CANCILLER,4170,4170,https://diaonline.supermercadosdia.com.ar/vino-tinto-canciller-blend-iii-1125-lt-259731/p
1,ChangoMás,tinto,Vino Tinto Canciller Blend Iii Edición Especial 1 L,Canciller,,,https://www.masonline.com.ar/vino-tinto-canciller-blend-iii-edicion-especial-1-l-2/p
1,Jumbo,tinto,Vino Tinto Cantalici Baruffo Chianti Classico,BARUFFO,27588,27588,https://www.jumbo.com.ar/vino-tinto-cantalici-baruffo-chianti-classico/p
1,ChangoMás,tinto,Vino Tinto Caprone Malbec Orgánico 750 Ml,Caprone,,,https://www.masonline.com.ar/vino-tinto-caprone-malbec-organico-il-750-ml/p
1,ChangoMás,tinto,Vino Tinto Carcassonne Clásico 700 Ml,Carcassonne,,,https://www.masonline.com.ar/vino-tinto-carcassonne-clasico-700-ml-2/p
1,Jumbo,tinto,Vino Tinto Carmener Reserv Ventisq,SIN MARCA,16,16,https://www.jumbo.com.ar/vino-tinto-carmener-reserv-ventisq-290634/p
1,ChangoMás,tinto,Vino Tinto Casa Petrini Malbec Roca Volcánica 750 Cc,Petrini,,,https://www.masonline.com.ar/vino-tinto-casa-petrini-malbec-roca-volcanica-750-cc-2/p
1,ChangoMás,tinto,Vino Tinto Casillero Del Diablo Blend Cabernet Sauvignon Malbec 750ml,Casillero del Diablo,,,https://www.masonline.com.ar/vino-fino-casillero-del-diablo-red-blend-750-ml-2/p
1,Jumbo,tinto,Vino Tinto Castillo De Valdestrada X 750 Ml,CASTILLO DE BALDESTRADA,46,46,https://www.jumbo.com.ar/vino-tinto-castillo-de-valdestrada-x-750-ml-2/p
1,ChangoMás,tinto,Vino Tinto Cavas De Zonda Blend Malbec Syrah 1125ml,Cavas de Zonda,,,https://www.masonline.com.ar/vino-tinto-cavas-de-zonda-malbec-syrah-1125cc-2/p
1,ChangoMás,tinto,Vino Tinto Cavas De Zonda Cabernet Sauvignon 750ml,Cavas de Zonda,,,https://www.masonline.com.ar/vino-tinto-cavas-de-zonda-cabernet-sauvignon-750cc-2/p
1,ChangoMás,tinto,Vino Tinto Cavas San Julián Clásico 750 Ml,Cavas San Julian,,,https://www.masonline.com.ar/vino-tinto-cavas-san-julian-clasico-750-ml-2/p
1,ChangoMás,tinto,Vino Tinto Centenario Malbec 750 Ml,Centenario,,,https://www.masonline.com.ar/vino-tinto-centenario-malbec-750-ml-2/p
1,Jumbo,tinto,Vino Tinto Chateau Hauterive Médoc 750ml,CHATEAU HAUTERIVE,13794,13794,https://www.jumbo.com.ar/vino-tinto-chateau-hauterive-medoc-750ml/p
1,Jumbo,tinto,Vino Tinto Chateau Quattre Cahors 750ml,CHATEAU QUATTRE,12584,12584,https://www.jumbo.com.ar/vino-tinto-chateau-quattre-cahors-750ml/p
1,ChangoMás,tinto,Vino Tinto Chateau Vieux Gran Reserva Blend Cabernet Sauvignon Merlot Pinot Noir 750ml,Chateau Vieux,,,https://www.masonline.com.ar/vino-tinto-chateau-vieux-blend-gran-reserva-750-ml/p
1,Jumbo,tinto,Vino Tinto Chateauneuf Chemin,SIN MARCA,130,130,https://www.jumbo.com.ar/vino-tinto-chateauneuf-chemin-290851/p
1,Jumbo,tinto,Vino Tinto Chianti Blend 750 Ml Villa Cardini,VILLA CARDINI,18392,18392,https://www.jumbo.com.ar/vino-tinto-villa-cardini-chianti-750ml/p
1,Jumbo,tinto,Vino Tinto Chipo Cespedes X 750 Cc Sin Atributo Sin Atributo Sin Atributo Sin Atributo,CHIPO CESPEDES,,,https://www.jumbo.com.ar/vino-chipo-cespedes-coupage-tinto-168598/p
1,ChangoMás,tinto,Vino Tinto Circus Roble Malbec 750 Ml,Circus,6200,6200,https://www.masonline.com.ar/vino-tinto-circus-roble-malbec-750cc-2/p
1,Día,tinto,Vino Tinto Clasico Finca Norte 750 Ml.,FINCA NORTE,3590,3590,https://diaonline.supermercadosdia.com.ar/vino-tinto-clasico-finca-norte-750-ml-260650/p
1,ChangoMás,tinto,Vino Tinto Colon Blend Cabernet Sauvignon Syrah 750ml,Colon,,,https://www.masonline.com.ar/vino-tinto-colon-cabernet-sauvignon-syrah-750-ml-2/p
1,ChangoMás,tinto,Vino Tinto Colon Selecto Dulce Fresco 750 Ml,Colon,,,https://www.masonline.com.ar/vino-tinto-colon-selecto-dulce-fresco-750-ml-2/p
1,Jumbo,tinto,Vino Tinto Comte De Beltour 750 Cc,COMTE DE BELTOUR,184,184,https://www.jumbo.com.ar/vino-tinto-comte-de-beltour-750-cc/p
1,ChangoMás,tinto,Vino Tinto Conclave Nocturno Malbec 750 Ml,Conclave,,,https://www.masonline.com.ar/vino-tinto-conclave-nocturno-malbec-750-ml/p
1,Jumbo,tinto,Vino Tinto Cordisco Tannat 750 Ml El Que Rie Ultimo Rie Mejor,LA LIGA DE ENÓLOGOS,12150,12150,https://www.jumbo.com.ar/vino-tinto-cordisco-tannat-750-ml-el-que-rie-ultimo-rie-mejor/p
1,Jumbo,tinto,Vino Tinto Corte 750 Cc Gran Famiglia Bianchi,FAMIGLIA BIANCHI,21300,21300,https://www.jumbo.com.ar/vino-gran-famiglia-bianchi-corte-2022-750cc/p
1,Jumbo,tinto,Vino Tinto Corte 750 Ml Crux,CRUX,13700,13700,https://www.jumbo.com.ar/vino-crux-corte/p
1,Jumbo,tinto,Vino Tinto Corte B 750 Ml Vistalba,VISTALBA,32000,32000,https://www.jumbo.com.ar/vino-vistalba-corte-b/p
1,Jumbo,tinto,Vino Tinto Corte de Malbec y Cabernet Sauvignon 750 Ml Finjamos Demencia,Finjamos Demencia,6650,6650,https://www.jumbo.com.ar/vino-corte-de-tintas-750-ml-finjamos-demencia/p
1,Jumbo,tinto,Vino Tinto Corte de Origen 750 Cc Amalaya,AMALAYA,14700,14700,https://www.jumbo.com.ar/vino-corte-de-origen-x-750-cc-amalaya/p
1,Jumbo,tinto,Vino Tinto Corte Único Blend 750 Cc Durigutti,DURIGUTTI,26400,26400,https://www.jumbo.com.ar/vino-corte-unico-x-750-cc-durigutti/p
1,Jumbo,tinto,Vino Tinto Criolla Orgánico 750 Cc Animal,ANIMAL,19550,19550,https://www.jumbo.com.ar/vino-criolla-organico-x-750-cc-animal/p
1,Jumbo,tinto,Vino Tinto Cruz Alta Malbec 750 Cc,CRUZ ALTA,8600,8600,https://www.jumbo.com.ar/vino-tinto-cruz-alta-malbec-750-cc/p
1,ChangoMás,tinto,Vino Tinto Cuatro Monos Locos Malbec 750 Ml,Cuatro Monos Locos,,,https://www.masonline.com.ar/vino-tinto-cuatro-monos-locos-malbec-750-ml/p
1,Jumbo,tinto,Vino Tinto Cuesta Del Madero Malbec  Roble 750 Cc,CUESTA DEL MADERO,850,850,https://www.jumbo.com.ar/vino-tinto-cuesta-del-madero-malbec-roble-750-cc/p
1,Jumbo,tinto,Vino Tinto D.v. Catena Malbec - Malbec 750 Cc,NICASIA,31550,31550,https://www.jumbo.com.ar/vino-tinto-d-v-catena-malbec-malbec-750-cc/p
1,ChangoMás,tinto,Vino Tinto Dada 1 Art Blend Bonarda Malbec 750ml,Dada,7739,7739,https://www.masonline.com.ar/vino-tinto-bonarda-malbec-1-vainilla-dada-750cc-2/p
1,ChangoMás,tinto,Vino Tinto Dada 2 Art Blend Merlot 750ml,Dada,7739,7739,https://www.masonline.com.ar/vino-merlot-2-mokka-dada-750-cc-2/p
1,ChangoMás,tinto,Vino Tinto Dada 2 Blend Malbec Tempranillo 750ml,Dada,,,https://www.masonline.com.ar/vino-tinto-incrediblends-2-dada-750-cc-2/p
1,ChangoMás,tinto,Vino Tinto Dada 3 Art Blend Cabernet Sauvignon Syrah 750ml,Dada,7739,7739,https://www.masonline.com.ar/vino-cabernet-syrah-dada-3-especias-dada-750cc-2/p
1,ChangoMás,tinto,Vino Tinto Dada 391 Art Malbec 750 Ml,Dada,7739,7739,https://www.masonline.com.ar/vino-malbec-dada-art-750cc-2/p
1,ChangoMás,tinto,Vino Tinto Dada 8 Chocolate Malbec 750 Ml,Dada,7739,7739,https://www.masonline.com.ar/vino-tinto-malbec-8-chocolate-dada-750-cc-2/p
1,ChangoMás,tinto,Vino Tinto Dada 9 Caramel 750 Ml,Dada,7739,7739,https://www.masonline.com.ar/vino-tinto-dada-caramel-750-ml/p
1,Jumbo,tinto,Vino Tinto Dadá Nº5 Moscato 750 Cc,DADA,217,217,https://www.jumbo.com.ar/vino-tinto-dada-n-5-moscato-750-cc/p
1,ChangoMás,tinto,Vino Tinto Dante Legado Malbec Legado Malbec 750 Ml,Dante Robino,,,https://www.masonline.com.ar/vino-tinto-dante-legado-malbec-legado-malbec-750-ml-2/p
1,ChangoMás,tinto,Vino Tinto Dante Robino Legado Cabernet Sauvignon 750 Ml,Dante Robino,,,https://www.masonline.com.ar/vino-tinto-dante-robino-legado-cabernet-sauvignon-750-ml-2/p
1,Jumbo,tinto,Vino Tinto de Verano 355 Ml Dada,DADA,2071,2071,https://www.jumbo.com.ar/vino-dada-tinto-verano-355ml/p
1,Jumbo,tinto,Vino Tinto Diamandes Blend 750 Cc,DIAMANDES,81900,81900,https://www.jumbo.com.ar/vino-tinto-diamandes-blend-750-cc/p
1,ChangoMás,tinto,Vino Tinto Dilema Day Cabernet X 750,Dilema,,,https://www.masonline.com.ar/dilema-day-cabernet-x-750-2/p
1,ChangoMás,tinto,Vino Tinto Dilema Velvet 750 Ml,Dilema,5299,5299,https://www.masonline.com.ar/vino-tinto-dilema-velvet-750-ml-2/p
1,ChangoMás,tinto,Vino Tinto Don Nicanor Malbec Organico 750ml,Don Nicanor,,,https://www.masonline.com.ar/vino-tinto-don-nicanor-malbec-organico-750ml-2/p
1,ChangoMás,tinto,Vino Tinto Don Valentin Lacrado 1 L,Don Valentin,,,https://www.masonline.com.ar/vino-tinto-don-valentin-lacrado-dv-lacrado-1l-2/p
1,Jumbo,tinto,Vino Tinto Dulce Cosecha 750 Ml Alaris,ALARIS,5700,5700,https://www.jumbo.com.ar/vino-dulce-cosecha-tinto-x-750-ml-alaris/p
1,ChangoMás,tinto,Vino Tinto Dulce Lata Santa Julia 269 Cc,Santa Julia,3059,3059,https://www.masonline.com.ar/vino-tinto-dulce-lata-santa-julia-269-cc-2/p
1,ChangoMás,tinto,Vino Tinto Dulce Uvita 1 Lt,Uvita,,,https://www.masonline.com.ar/vino-tinto-dulce-uvita-1-lt-2/p
1,ChangoMás,tinto,Vino Tinto Dv Catena Blend Cabernet Malbec 750ml,Dv Catena,22999,22999,https://www.masonline.com.ar/vino-cabernet-sauvignon-malbec-dv-catena-750-cc-2/p
1,ChangoMás,tinto,Vino Tinto Dv Catena L' Esploratore Malbec 750 Ml,Dv Catena,,,https://www.masonline.com.ar/vino-tinto-dv-catena-l-esploratore-malbec-750-ml/p
1,ChangoMás,tinto,Vino Tinto Ed 2020 Clasico 1895 X 750 Ml,1895,,,https://www.masonline.com.ar/vino-tinto-ed-2020-clasico-1895-x-750-ml-2/p
1,ChangoMás,tinto,"Vino Tinto Edicion Especial Resero 1,125 Lts",Resero,,,https://www.masonline.com.ar/vino-tinto-edicion-especial-resero-1-125-lts-2/p
1,ChangoMás,tinto,Vino Tinto El Abuelo Marsala 750ml,El Abuelo,,,https://www.masonline.com.ar/vino-tinto-el-abuelo-marsala-750ml-2/p
1,ChangoMás,tinto,Vino Tinto El Abuelo Oporto 750 Ml,El Abuelo,,,https://www.masonline.com.ar/vino-tinto-el-abuelo-oporto-750-ml-2/p
1,Jumbo,tinto,Vino Tinto El Acequion Merlot Ii 750 Cc,EL ACEQUION,56,56,https://www.jumbo.com.ar/vino-tinto-el-acequion-merlot-ii-750-cc/p
1,Jumbo,tinto,Vino Tinto El Acequion Syrah 750 Cc,EL ACEQUION,52,52,https://www.jumbo.com.ar/vino-tinto-el-acequion-syrah-750-cc/p
1,Jumbo,tinto,Vino Tinto El Esteco Cabernet Sauvignon 750 Cc,EL ESTECO,863,863,https://www.jumbo.com.ar/vino-tinto-el-esteco-cabernet-sauvignon-750-cc/p
1,ChangoMás,tinto,Vino Tinto Elementos Blend Malbec Cabernet Sauvignon Tannat 750ml,Elementos,6959,6959,https://www.masonline.com.ar/vino-tinto-elementos-red-blend-750-ml/p
1,ChangoMás,tinto,Vino Tinto Ell Que Rie Ultimo Rie Mejor Cordisco Y Tannat 750 Ml,El que rie ultimo,,,https://www.masonline.com.ar/vino-tinto-el-que-rie-ultimo-rie-mejor-cordisco-y-tannat-750cc-2/p
1,ChangoMás,tinto,Vino Tinto Emilia Blend Malbec Bonarda 750ml,Emilia,,,https://www.masonline.com.ar/vino-malbec-bonarda-emilia-750-cc-2/p
1,Día,tinto,Vino Tinto Emilia Nieto Senetiner Malbec 750 ml.,EMILIA,7590,7590,https://diaonline.supermercadosdia.com.ar/vino-tinto-emilia-nieto-senetiner-malbec-750-ml-128829/p
1,ChangoMás,tinto,Vino Tinto Esperado Blend Syrah Malbec 750ml,Esperado,6699,6699,https://www.masonline.com.ar/vino-tinto-esperado-syrah-malbec-750ml-2/p
1,ChangoMás,tinto,Vino Tinto Estancia Mendoza Blend Syrah Malbec 1l,Estancia Mendoza,,,https://www.masonline.com.ar/vino-tinto-estancia-mendoza-blend-syrah-malbec-1-l/p
1,ChangoMás,tinto,Vino Tinto Estancia Mendoza Cabernet Malbec Bag In Box 3 Lt,Estancia Mendoza,,,https://www.masonline.com.ar/vino-tinto-estancia-mendoza-cabernet-malbec-bag-in-box-3-lt-2/p
1,ChangoMás,tinto,Vino Tinto Estancia Mendoza Malbec Cabernet 1 L,Estancia Mendoza,,,https://www.masonline.com.ar/vino-tinto-estancia-mendoza-malbec-cabernet-1-l-2/p
1,Jumbo,tinto,Vino Tinto Estate Bonarda Roble 750 Cc,ESTATE,6400,6400,https://www.jumbo.com.ar/vino-tinto-estate-bonarda-roble-750-cc-2/p
1,Día,tinto,Vino Tinto Estiba Malbec 750 Ml.,ESTIBA,7290,7290,https://diaonline.supermercadosdia.com.ar/vino-tinto-estiba-malbec-750-ml-69060/p
1,ChangoMás,tinto,Vino Tinto Etiq Negra Santa Ana 750 Cc,Santa Ana,,,https://www.masonline.com.ar/vino-tinto-etiq-negra-santa-ana-750-cc-2/p
1,Jumbo,tinto,Vino Tinto Expresiones Reserve Syrah Cabernet Sauvignon 750 Cc,SIN MARCA,302,302,https://www.jumbo.com.ar/vino-tinto-expresiones-reserve-syrah-cabernet-sauvignon-750-cc/p
1,ChangoMás,tinto,Vino Tinto Fabre Montmayou Blend Malbec Cabernet Franc 750ml,Fabre Montmayou,,,https://www.masonline.com.ar/vino-tinto-malbec-cabernet-franc-fabre-montmayou-750-ml-2/p
1,ChangoMás,tinto,Vino Tinto Fabre Montmayou Blend Malbec Merlot 750ml,Fabre Montmayou,,,https://www.masonline.com.ar/vino-tinto-malbec-merlot-fabre-montmayou-750-ml-2/p
1,ChangoMás,tinto,Vino Tinto Fabre Montmayou Malbec Petit Verdot 750ml,Fabre Montmayou,,,https://www.masonline.com.ar/vino-tinto-malbec-petit-verdot-fabre-montmayou-750-ml-2/p
1,ChangoMás,tinto,Vino Tinto Famiglia Bianch Cabernet Franc 750 Ml,Famiglia Bianchi,,,https://www.masonline.com.ar/vino-tinto-famiglia-bianch-cabernet-franc-750-ml-2/p
1,ChangoMás,tinto,Vino Tinto Familia Gascon Roble Malbec 750 Ml,Familia Gascon,9700,9700,https://www.masonline.com.ar/vino-tinto-familia-gascon-roble-malbec-750-cc-2/p
1,Jumbo,tinto,Vino Tinto Familia Tipo Syrah-bot-cc.-750,FAMILIA TIPO,28,28,https://www.jumbo.com.ar/vino-tinto-familia-tipo-syrah-bot-cc-750/p
1,Jumbo,tinto,Vino Tinto Familia Zuccardi Malbec 750 Cc,FAMILIA ZUCCARDI,27650,27650,https://www.jumbo.com.ar/vino-tinto-familia-zuccardi-malbec-750-cc/p
1,Jumbo,tinto,Vino Tinto Familia Zuccardi Q Cabernet Sauvignon Valle De Uco 750 Cc,FAMILIA ZUCCARDI,27900,27900,https://www.jumbo.com.ar/vino-tinto-familia-zuccardi-q-cabernet-sauvignon-valle-de-uco-750-cc/p
1,Jumbo,tinto,Vino Tinto Family Blend 750 Ml Norton,Privada,25800,25800,https://www.jumbo.com.ar/vino-privada-family-blend-75ml/p
1,Día,tinto,Vino Tinto Fiel Red Blend 750 Ml.,FIEL,4790,4790,https://diaonline.supermercadosdia.com.ar/vino-tinto-fiel-red-blend-750-ml-309148/p
1,ChangoMás,tinto,Vino Tinto Fin Del Mundo Low Alcohol Syrah 750 Ml,Del Fin Del Mundo,,,https://www.masonline.com.ar/vino-tinto-fin-del-mundo-low-alcohol-syrah-750-ml/p
1,ChangoMás,tinto,Vino Tinto Fin Del Mundo Organic Vinewards Pinot Noir 750 Ml,Del Fin Del Mundo,,,https://www.masonline.com.ar/vino-tinto-fin-del-mundo-organic-vinewards-pinot-noir-750-ml/p
1,ChangoMás,tinto,Vino Tinto Fin Del Mundo Organic Vineyards Malbec 750 Ml,Del Fin Del Mundo,,,https://www.masonline.com.ar/vino-tinto-fin-del-mundo-organic-vineyards-malbec-750-ml/p
1,ChangoMás,tinto,Vino Tinto Fin Del Mundo Orgánico Blend Malbec Carbenet Sauvignon Merlot 750ml,Del Fin Del Mundo,,,https://www.masonline.com.ar/vino-tinto-fin-del-mundo-organic-vineyards-red-blend-750-ml/p
1,ChangoMás,tinto,Vino Tinto Fin Malbec X 750cc,Del Fin Del Mundo,,,https://www.masonline.com.ar/fin-malbec-x-750cc-2/p
1,ChangoMás,tinto,Vino Tinto Finca Ferrer Malbec 750 Ml,Finca Ferrer,,,https://www.masonline.com.ar/vino-tinto-finca-ferrer-malbec-750-ml/p
1,ChangoMás,tinto,Vino Tinto Finca Flichman Reserva Blend Malbec Cabernet Sauvignon 750ml,Finca Flichman,,,https://www.masonline.com.ar/vino-tinto-finca-flichman-reserva-bi-varietal-750-cc-2/p
1,ChangoMás,tinto,Vino Tinto Finca Flinchman Estate Blend 750 Cc,Finca Flichman,,,https://www.masonline.com.ar/vino-tinto-finca-flinchman-estate-blend-750-cc-2/p
1,ChangoMás,tinto,Vino Tinto Finca Las Morasmalbec 750 Ml,Finca Las Moras,7329,7329,https://www.masonline.com.ar/vino-blanco-finca-las-moras-fair-for-life-chardonnay-750ml-2/p
1,ChangoMás,tinto,Vino Tinto Finca Martha Malbec 750 Ml,Genérico,,,https://www.masonline.com.ar/vino-tinto-finca-martha-malbec-750-ml/p
1,ChangoMás,tinto,Vino Tinto Finca Nat Tint 750cc,Finca Natalina,3999,3999,https://www.masonline.com.ar/vino-tinto-finca-nat-tint-750cc-2/p
1,ChangoMás,tinto,Vino Tinto Finca Natalina Black Blend  X 750cc,Finca Natalina,,,https://www.masonline.com.ar/finca-natalina-black-blend-x-750cc-2/p
1,ChangoMás,tinto,Vino Tinto Finca Natalina Blend Syrah Malbec 750ml,Finca Natalina,,,https://www.masonline.com.ar/vino-syrah-y-malbec-finca-natalina-750cc-2/p
1,ChangoMás,tinto,Vino Tinto Finca Natalina Roble Cabernet Sauvignon 750ml,Finca Natalina,,,https://www.masonline.com.ar/vino-cabernet-sauvignon-roble-finca-natalina-750-cc-2/p
1,ChangoMás,tinto,Vino Tinto Finjamos Demencia Blend Malbec Cabernet Sauvignon 750ml,Finjamos demencia,,,https://www.masonline.com.ar/vino-tinto-finjamos-demencia-corte-de-tintas-750-ml/p
1,ChangoMás,tinto,Vino Tinto Finjamos Demencia Malbec 750 Ml,Finjamos demencia,,,https://www.masonline.com.ar/vino-tinto-finjamos-demencia-malbec-750-ml/p
1,ChangoMás,tinto,Vino Tinto Finjamos Demencia Malbec 750 Ml 2 U Combo,Finjamos demencia,,,https://www.masonline.com.ar/vino-tinto-finjamos-demencia-malbec-750-ml-2-u-combo/p
1,Jumbo,tinto,Vino Tinto Fino Arnaldo B. Etchart 750 Cc,ETCHART,6750,6750,https://www.jumbo.com.ar/vino-tinto-fino-arnaldo-b-etchart-750-cc/p
1,Jumbo,tinto,Vino Tinto Fino Comte De Valmont 750 Cc,VALMONT,179,179,https://www.jumbo.com.ar/vino-tinto-fino-comte-de-valmont-750-cc/p
1,Jumbo,tinto,"Vino Tinto Fino Comte De Valmont Magnum 1,5 Lt",VALMONT,812,812,https://www.jumbo.com.ar/vino-tinto-fino-comte-de-valmont-magnum-1-5-lt/p
1,Jumbo,tinto,Vino Tinto Fino Cuesta Del Madero 750 Cc,CUESTA DEL MADERO,174,174,https://www.jumbo.com.ar/vino-tinto-fino-cuesta-del-madero-750-cc/p
1,Jumbo,tinto,"Vino Tinto Fino Finca Los Quiroga Merlot Cabernet Sauvignon 1,2 Lt",FINCA LOS QUIROGA,97,97,https://www.jumbo.com.ar/vino-tinto-fino-finca-los-quiroga-merlot-cabernet-sauvignon-1-2-lt/p
1,Jumbo,tinto,Vino Tinto Fino Goyenechea Centenario Tinto 750 Cc,GOYENECHEA,830,830,https://www.jumbo.com.ar/vino-tinto-fino-goyenechea-centenario-tinto-750-cc/p
1,Jumbo,tinto,Vino Tinto Fino San Felipe 375 Cc,SAN FELIPE,4100,4100,https://www.jumbo.com.ar/vino-tinto-fino-san-felipe-375-cc/p
1,Jumbo,tinto,Vino Tinto Fino Santa Julia Colección Tempranillo 750 Cc,SANTA JULIA,464,464,https://www.jumbo.com.ar/vino-tinto-fino-santa-julia-coleccion-tempranillo-750-cc/p
1,Jumbo,tinto,Vino Tinto Fino Valmont Twin Pack,VALMONT,271,271,https://www.jumbo.com.ar/vino-tinto-fino-valmont-twin-pack/p
1,ChangoMás,tinto,Vino Tinto Fond De Cave Cabernet Franc 750 Ml,Fond De Cave,14249,14249,https://www.masonline.com.ar/vino-tinto-fond-de-cave-cabernet-franc-750-ml/p
1,ChangoMás,tinto,Vino Tinto Foster Ique Malbec 750 Ml,Foster,9999,9999,https://www.masonline.com.ar/vino-tinto-foster-ique-malbec-750-ml/p
1,ChangoMás,tinto,Vino Tinto Foster Reserva Malbec 750 Ml,Foster,21999,21999,https://www.masonline.com.ar/vino-tinto-foster-reserva-malbec-750-ml/p
1,ChangoMás,tinto,Vino Tinto Foster Single Vineyard Malbec 750 Ml,Foster,21999,21999,https://www.masonline.com.ar/vino-tinto-foster-single-vineyard-malbec-750-ml-2/p
1,ChangoMás,tinto,Vino Tinto Fran Nieto Senetiner Blend Cabernet X 750 Ml,Nieto Senetiner,,,https://www.masonline.com.ar/vino-tinto-fran-nieto-senetiner-blend-cabernet-x-750-ml-2/p
1,ChangoMás,tinto,Vino Tinto Fraternal Tetra 700cc,Fraternal,,,https://www.masonline.com.ar/vino-tinto-fraternal-tetra-700cc-2/p
1,ChangoMás,tinto,Vino Tinto Frontera Malbec,Frontera,,,https://www.masonline.com.ar/vino-tinto-frontera-malbec-2/p
1,ChangoMás,tinto,Vino Tinto Fuego Negro Blend Cabernet Franc Malbec 750ml,Fuego Negro,,,https://www.masonline.com.ar/vino-tinto-fuego-negro-cabernet-franc-malbec-750-cc-2/p
1,ChangoMás,tinto,Vino Tinto Fuego Negro Petit V Malbec 750 Cc,Fuego Negro,,,https://www.masonline.com.ar/vino-tinto-fuego-negro-petit-v-malbec-750-cc-2/p
1,ChangoMás,tinto,Vino Tinto Gino Bogani Blend Cabernet Sauvignon Tannat 750ml,Gino Bogani,,,https://www.masonline.com.ar/vino-tinto-blend-by-putruele-gino-750-cc-2/p
1,ChangoMás,tinto,Vino Tinto Goyenechea Blend Merlot Syrah 700ml,Goyenechea,,,https://www.masonline.com.ar/vino-tinto-clasico-goyenechea-700-cc-2/p
1,ChangoMás,tinto,Vino Tinto Graffigna Glorious Malbec 750 Cc,Graffigna,,,https://www.masonline.com.ar/vino-tinto-graffigna-glorious-malbec-750-cc-2/p
1,Jumbo,tinto,"Vino Tinto Gran Blend Malbec, Syrah y Petit Verdot 750 Cc Mauricio Lorca",LORCA,44400,44400,https://www.jumbo.com.ar/vino-mauricio-lorca-gran-blend/p
1,Jumbo,tinto,Vino Tinto Gran Corte Blend 750 Cc Enzo Bianchi,ENZO BIANCHI,168900,168900,https://www.jumbo.com.ar/vino-blend-gran-corte-x-750-cc-enzo-bianchi/p
1,Jumbo,tinto,Vino Tinto Gran Corte Blend 750 Ml Finca La Anita,FINCA LA ANITA,26900,26900,https://www.jumbo.com.ar/vino-finca-la-anita-gran-corte-blend/p
1,ChangoMás,tinto,Vino Tinto Gran Dante Cabernet Franc 750 Ml,Gran Dante,,,https://www.masonline.com.ar/vino-tinto-gran-dante-cabernet-franc-750-ml/p
1,Jumbo,tinto,Vino Tinto Gran Rodas Tempranillo 750 Cc,GRAN RODAS,111,111,https://www.jumbo.com.ar/vino-tinto-gran-rodas-tempranillo-750-cc/p
1,Jumbo,tinto,Vino Tinto Icono 2019 750 Ml El Porvenir,EL PORVENIR,80900,80900,https://www.jumbo.com.ar/vino-el-porvenir-icono-750-ml/p
1,Jumbo,tinto,Vino Tinto Imago Blend 750 Cc,IMAGO,541,541,https://www.jumbo.com.ar/vino-tinto-imago-blend-750-cc/p
1,Jumbo,tinto,Vino Tinto Imago Malbec 750 Cc,IMAGO,432,432,https://www.jumbo.com.ar/vino-tinto-imago-malbec-750-cc/p
1,ChangoMás,tinto,Vino Tinto Impuro Malbec 750 Ml,Impuro,13539,13539,https://www.masonline.com.ar/vino-trapiche-impuro-malbec-x750cc-2/p
1,ChangoMás,tinto,Vino Tinto Incrediblends 1 Dada 750ml,Dada,,,https://www.masonline.com.ar/vino-tinto-incrediblends-1-dada-750-cc-2/p
1,ChangoMás,tinto,Vino Tinto Incrediblends 3 Dada 750ml,Dada,,,https://www.masonline.com.ar/vino-tinto-incrediblends-3-dada-750-cc-2/p
1,Jumbo,tinto,Vino Tinto J. Palacios Remondo La Vendimia Rio,LA VENDIMIA,17908,17908,https://www.jumbo.com.ar/vino-tinto-j-palacios-remondo-la-vendimia-rio/p
1,ChangoMás,tinto,Vino Tinto Kadabra Cabernet Sauvignon 750cc,Kadabra,,,https://www.masonline.com.ar/vino-tinto-kadabra-cabernet-sauvignon-750cc-2/p
1,ChangoMás,tinto,Vino Tinto La Celia Reserva Blend Malbec Cabernet Franc 750ml,La Celia,,,https://www.masonline.com.ar/vino-tinto-la-celia-reserva-malbec-cabernet-franc-750-ml-2/p
1,ChangoMás,tinto,Vino Tinto La Danza Blend,Altos Las Hormigas,,,https://www.masonline.com.ar/la-danza-blend-2/p
1,ChangoMás,tinto,Vino Tinto La Linda Blend Malbec Cabernet Sauvignon 750ml,La Linda,,,https://www.masonline.com.ar/vino-red-blend-luigi-bosca-la-linda-750ml-2/p
1,Jumbo,tinto,Vino Tinto La Poderosa Blend 750 Cc,LA PODEROSA,10450,10450,https://www.jumbo.com.ar/vino-tinto-la-poderosa-blend-750-cc/p
1,ChangoMás,tinto,Vino Tinto La Poderosa Blend Cabernet Franc Merlot 750ml,La Poderosa,,,https://www.masonline.com.ar/vino-cabernet-merlot-la-poderosa-750cc-2/p
1,Jumbo,tinto,Vino Tinto La Primer Bodeguita Bonarda-bot-cc.-750,LA PRIMER BODEGUITA,,,https://www.jumbo.com.ar/vino-tinto-la-primer-bodeguita-bonarda-bot-cc-750/p
1,ChangoMás,tinto,Vino Tinto Las Estancas Malbec 750 Ml,Las Estancas,5199,5199,https://www.masonline.com.ar/vino-tinto-las-estancas-malbec-750-ml/p
1,Jumbo,tinto,Vino Tinto Las Moras Cabernet Sauvignon 750 Cc,LAS MORAS,5550,5550,https://www.jumbo.com.ar/vino-tinto-las-moras-cabernet-sauvignon-750-cc-2/p
1,ChangoMás,tinto,Vino Tinto Las Perdices Blend Malbec Cabernet Franc Petit Verdot 750ml,Las Perdices,,,https://www.masonline.com.ar/vino-tinto-las-perdices-red-blend-750-ml/p
1,Jumbo,tinto,Vino Tinto Lcp Merlot 750 Cc,NAVARRO CORREAS,7190,7190,https://www.jumbo.com.ar/vino-tinto-lcp-merlot-750-cc/p
1,Jumbo,tinto,Vino Tinto Leo Malbec 750 Cc,SIN MARCA,66,66,https://www.jumbo.com.ar/vino-tinto-leo-malbec-750-cc/p
1,Jumbo,tinto,Vino Tinto Les Grands Ducs Saint-julien 750ml,LES GRANDS DUCS,38962,38962,https://www.jumbo.com.ar/vino-tinto-les-grands-ducs-saint-julien-750ml/p
1,ChangoMás,tinto,Vino Tinto Lola Montes Cabernet Sauvingnon 750ml,Lola Montes,6700,6700,https://www.masonline.com.ar/vino-tinto-lola-montes-cabernet-sauvingnon-750cc-2/p
1,ChangoMás,tinto,Vino Tinto Lola Montes Malbec 750 Ml,Lola Montes,6700,6700,https://www.masonline.com.ar/vino-tinto-lola-montes-malbec-750cc-2/p
1,ChangoMás,tinto,Vino Tinto Lola Montes Red Blend 750cc,Lola Montes,,,https://www.masonline.com.ar/vino-tinto-lola-montes-red-blend-750cc-2/p
1,ChangoMás,tinto,Vino Tinto Lorca Fantasia Malbec 750 Ml,Lorca,12999,12999,https://www.masonline.com.ar/vino-tinto-lorca-fantasia-malbec-750-ml/p
1,ChangoMás,tinto,Vino Tinto Los Fundadores Una Historia De Sueños Malbec Reserve 2020 750 Ml,Los Fundadores,,,https://www.masonline.com.ar/vino-tinto-los-fundadores-una-historia-de-suenos-malbec-reserve-2020-750-ml/p
1,Jumbo,tinto,Vino Tinto Los Haroldos Reserva De Familia Malbec 750 Cc,LOS HAROLDOS,8600,8600,https://www.jumbo.com.ar/vino-tinto-los-haroldos-reserva-de-familia-malbec-750-cc/p
1,ChangoMás,tinto,Vino Tinto Los Intocables Blend Syrah Merlot Bonarda 750ml,Los Intocables,13149,13149,https://www.masonline.com.ar/vino-blend-los-intocables-x750cc-2/p
1,ChangoMás,tinto,Vino Tinto Los Intocables Carnet Sauvignon 750ml,Los Intocables,13149,13149,https://www.masonline.com.ar/vino-cabernet-sauvignon-los-intocables-x750cc-2/p
1,ChangoMás,tinto,Vino Tinto Los Intocables Doble Oak Malbec 750 Ml,Los Intocables,,,https://www.masonline.com.ar/vino-tinto-los-intocables-doble-oak-malbec-750-ml/p
1,ChangoMás,tinto,Vino Tinto Los Primos Pinot Noir 750cc,Los Primos,,,https://www.masonline.com.ar/vino-tinto-los-primos-pinot-noir-750cc-2/p
1,ChangoMás,tinto,Vino Tinto Lote Negro Blend Malbec Cabernet Franc 750ml,Lote Negro,,,https://www.masonline.com.ar/vino-tinto-lote-negro-750cc-2/p
1,Jumbo,tinto,Vino Tinto Love Malbec 750 Cc,LOVE,238,238,https://www.jumbo.com.ar/vino-tinto-love-malbec-750-cc/p
1,Jumbo,tinto,Vino Tinto Lucifer Blend 750 Cc Mil Demonios,MIL DEMONIOS,60900,60900,https://www.jumbo.com.ar/vino-lucifer-blend-x-750-cc-mil-demonios/p
1,ChangoMás,tinto,Vino Tinto Luigi Bosca De Sangre Blend Cabernet Sauvignon Syrah Merlot 750ml,Luigi Bosca,24099,24099,https://www.masonline.com.ar/vino-tinto-luigi-bosca-de-sangre-red-blend-750-cc-2/p
1,Jumbo,tinto,Vino Tinto Luigi Bosca Gala 4 750 Cc,LUIGI BOSCA,1029,1029,https://www.jumbo.com.ar/vino-tinto-luigi-bosca-gala-4-750-cc/p
1,ChangoMás,tinto,Vino Tinto Luigi Bosca Gala Cabernet Sauvignon 750ml,Luigi Bosca,17999,17999,https://www.masonline.com.ar/vino-cabernet-sauvignon-luigi-bosca-gala-750-cc-2/p
1,ChangoMás,tinto,Vino Tinto Madero Malbec 750 Ml,Genérico,,,https://www.masonline.com.ar/vino-tinto-madero-malbec-750-ml-2/p
1,ChangoMás,tinto,Vino Tinto Magna Cabernet Sauvignon 750ml,Magna,12579,12579,https://www.masonline.com.ar/vino-cabernet-sauvignon-santa-julia-750cc-2/p
1,ChangoMás,tinto,Vino Tinto Magnolia Negra Cabernet Reserve 750 Ml,Magnolia,6859,6859,https://www.masonline.com.ar/vino-tinto-magnolia-negra-cabernet-reserve-750ml-2/p
1,Jumbo,tinto,Vino Tinto Malbec 1 Lts Pico de Oro,PICO DE ORO,2500,2500,https://www.jumbo.com.ar/pico-de-oro-tinto-1lt/p
1,Jumbo,tinto,Vino Tinto Malbec 1.5 Lts Portillo,PORTILLO,13200,13200,https://www.jumbo.com.ar/vino-tinto-malbec-portillo-1-5-l/p
1,Jumbo,tinto,Vino Tinto Malbec 1300 750 Cc Andeluna,ANDELUNA,9150,9150,https://www.jumbo.com.ar/vino-tinto-andeluna-1300-malbec-750-cc/p
1,Jumbo,tinto,Vino Tinto Malbec 473 Ml Cordero con Piel de Lobo,CORDERO CON PIEL DE LOBO,3050,3050,https://www.jumbo.com.ar/vino-malbec-lata-473-ml-cordero-con-piel-de-lobo/p
1,Jumbo,tinto,Vino Tinto Malbec 750 Cc Andeluna,ANDELUNA,34050,34050,https://www.jumbo.com.ar/vino-andeluna-gran-reserva-x-750-cc/p
1,Jumbo,tinto,Vino Tinto Malbec 750 Cc Animal,ANIMAL,16000,16000,https://www.jumbo.com.ar/vino-animal-malbec-bot-750-cc/p
1,Jumbo,tinto,Vino Tinto Malbec 750 Cc Aruma,ARUMA,28350,28350,https://www.jumbo.com.ar/vino-tinto-aruma-malbec-750-cc/p
1,Jumbo,tinto,Vino Tinto Malbec 750 Cc Asi Como Soy,ASI COMO SOY,11050,11050,https://www.jumbo.com.ar/vino-asi-como-soy-malbec-750cc/p
1,Jumbo,tinto,Vino Tinto Malbec 750 Cc Bravio Uxmal,UXMAL,7300,7300,https://www.jumbo.com.ar/vino-tinto-uxmal-malbec-750-ml-bravio-2/p
1,Jumbo,tinto,Vino Tinto Malbec 750 Cc Cadus,CADUS,38200,38200,https://www.jumbo.com.ar/vino-cadus-tupungato-mb-750cc/p
1,Jumbo,tinto,Vino Tinto Malbec 750 Cc Calle Contastini Lupa,ALTAMIRA,18550,18550,https://www.jumbo.com.ar/vino-paraje-altamira-calle-contastini-malbec-7/p
1,Jumbo,tinto,Vino Tinto Malbec 750 Cc Callejón del Crimen,CALLEJON DEL CRIMEN,16800,16800,https://www.jumbo.com.ar/vino-callejon-del-crimen-reserva-malbec/p
1,Jumbo,tinto,Vino Tinto Malbec 750 Cc D.v. Catena L'Esploratore,DV CATENA,32450,32450,https://www.jumbo.com.ar/vino-esploratore-salta-x-750-cc-d-v-catena/p
1,Jumbo,tinto,Vino Tinto Malbec 750 Cc Dada,DADA,7750,7750,https://www.jumbo.com.ar/vino-dada-art-391-malbec-750cc/p
1,Jumbo,tinto,Vino Tinto Malbec 750 Cc Don Escorihuela Gascón,ESCORIHUELA,89600,89600,https://www.jumbo.com.ar/vino-don-escorihuela-gascon-malbec-750cc/p
1,Jumbo,tinto,Vino Tinto Malbec 750 Cc Felino,FELINO,28900,28900,https://www.jumbo.com.ar/vino-felino-malbec-2022-750-cc/p
1,Jumbo,tinto,Vino Tinto Malbec 750 Cc Finca La Anita,FINCA LA ANITA,20650,20650,https://www.jumbo.com.ar/vino-finca-la-anita-malbec-750cc/p
1,Jumbo,tinto,Vino Tinto Malbec 750 Cc Gaia,GAIA,16400,16400,https://www.jumbo.com.ar/vino-malbec-x-750-cc-gaia/p
1,Jumbo,tinto,Vino Tinto Malbec 750 Cc La Celia Heritage,LA CELIA,54950,54950,https://www.jumbo.com.ar/vino-la-celia-heritage-malbec-750cc/p
1,Jumbo,tinto,Vino Tinto Malbec 750 Cc La Posta,LA POSTA,18300,18300,https://www.jumbo.com.ar/vino-la-posta-fazzio-malbec-750-cc/p
1,Jumbo,tinto,Vino Tinto Malbec 750 Cc Lagarde,LAGARDE,17850,17850,https://www.jumbo.com.ar/vino-lagarde-organico-malbec-750-cc/p
1,Jumbo,tinto,Vino Tinto Malbec 750 Cc Lorca Poético,LORCA,21150,21150,https://www.jumbo.com.ar/vino-lorca-poetico-2/p
1,Jumbo,tinto,Vino Tinto Malbec 750 Cc Mendel,MENDEL,32500,32500,https://www.jumbo.com.ar/vino-mendel-malbec-x-750cc-2/p
1,Jumbo,tinto,Vino Tinto Malbec 750 Cc Padrillos,PADRILLOS,15900,15900,https://www.jumbo.com.ar/vino-padrillos-malbec-750cc/p
1,Jumbo,tinto,Vino Tinto Malbec 750 Cc Petite Fleur,PETITE FLEUR,22900,22900,https://www.jumbo.com.ar/vino-petite-fleur-malbec-750cc/p
1,Jumbo,tinto,Vino Tinto Malbec 750 Cc Primeras Viñas Lagarde,PRIMERAS VIÑAS,69550,69550,https://www.jumbo.com.ar/vino-tinto-primeras-vinas-malbec-750-cc/p
1,Jumbo,tinto,Vino Tinto Malbec 750 Cc Salentein Single Vineyard Los Jabalíes,SALENTEIN,204933,204933,https://www.jumbo.com.ar/vino-salentein-single-vineyard-los-jabalies-75/p
1,Jumbo,tinto,Vino Tinto Malbec 750 Cc Saurus Select,SAURUS,23150,23150,https://www.jumbo.com.ar/vino-tinto-saurus-patagonia-seleccion-malbec-750-cc/p
1,Jumbo,tinto,Vino Tinto Malbec 750 Cc Siesta,SIESTA,50000,50000,https://www.jumbo.com.ar/vino-siesta-malbec-750cc/p
1,Jumbo,tinto,Vino Tinto Malbec 750 Cc Terrazas Grand,TERRAZAS,67980,67980,https://www.jumbo.com.ar/vino-terrazas-grand-malbec-750-cc/p
1,Jumbo,tinto,Vino Tinto Malbec 750 Cc Trapiche Puro,TRAPICHE,14550,14550,https://www.jumbo.com.ar/vino-trapiche-puro-750cc/p
1,Jumbo,tinto,Vino Tinto Malbec 750 Cc Viña Amalia,VIÑA AMALIA,15250,15250,https://www.jumbo.com.ar/vino-vina-amalia-malbec-botella-750-cc/p
1,Jumbo,tinto,Vino Tinto Malbec 750 Ml Alfa Crux,CRUX,65800,65800,https://www.jumbo.com.ar/vino-malbec-750-ml-alfa-crux/p
1,Jumbo,tinto,Vino Tinto Malbec 750 Ml Argento,ARGENTO,16600,16600,https://www.jumbo.com.ar/vino-argento-estate-malbec-organico-750cc/p
1,Jumbo,tinto,Vino Tinto Malbec 750 Ml Atamisque,ATAMISQUE,45600,45600,https://www.jumbo.com.ar/vino-atamisque-malbec-750-ml-2/p
1,Jumbo,tinto,Vino Tinto Malbec 750 Ml Beta Crux,CRUX,36600,36600,https://www.jumbo.com.ar/vino-malbec-750-ml-beta-crux/p
1,Jumbo,tinto,Vino Tinto Malbec 750 Ml Centenario 1905 San Huberto,SAN HUBERTO,5200,5200,https://www.jumbo.com.ar/vino-san-huberto-malbec-centenario-1905/p
1,Jumbo,tinto,Vino Tinto Malbec 750 Ml Colome,COLOME,24700,24700,https://www.jumbo.com.ar/vino-colome-estate-malbec-750cc/p
1,Jumbo,tinto,Vino Tinto Malbec 750 Ml Contracara Callia,CALLIA,9050,9050,https://www.jumbo.com.ar/vino-malbec-750-ml-contracara/p
1,Jumbo,tinto,Vino Tinto Malbec 750 Ml Coquena,COQUENA,11700,11700,https://www.jumbo.com.ar/vino-tinto-coquena-malbec-750-ml/p
1,Jumbo,tinto,Vino Tinto Malbec 750 Ml Crux,CRUX,31400,31400,https://www.jumbo.com.ar/vino-crux-xtra-malbec-750-ml/p
1,Jumbo,tinto,Vino Tinto Malbec 750 Ml Cuartel 41 Tomero,TOMERO,70000,70000,https://www.jumbo.com.ar/vino-tomero-cuartel-41-2/p
1,Jumbo,tinto,Vino Tinto Malbec 750 Ml De Sangre Luigi Bosca,LUIGI BOSCA,30950,30950,https://www.jumbo.com.ar/vino-luigi-bosca-de-sangre-malbec/p
1,Jumbo,tinto,Vino Tinto Malbec 750 Ml Don Nicanor Nieto Senetiner,NIETO & SENETINER,19250,19250,https://www.jumbo.com.ar/vino-malbec-750-ml-don-nicanor/p
1,Jumbo,tinto,Vino Tinto Malbec 750 Ml Humberto Canale Estate,HUMBERTO CANALE,17950,17950,https://www.jumbo.com.ar/vino-humberto-canale-estate-malbec-750-ml/p
1,Jumbo,tinto,Vino Tinto Malbec 750 Ml La Posta Paulucci,LA POSTA,19550,19550,https://www.jumbo.com.ar/vino-la-posta-paulucci-malbec-bot-750-cc/p
1,Jumbo,tinto,Vino Tinto Malbec 750 Ml La Posta Pizzella,LA POSTA,19750,19750,https://www.jumbo.com.ar/vino-la-posta-single-pizzaela-malbec-750-ml/p
1,Jumbo,tinto,Vino Tinto Malbec 750 Ml Nico by Luca,LUCA,137093,137093,https://www.jumbo.com.ar/vino-nico-by-luca/p
1,Jumbo,tinto,Vino Tinto Malbec 750 Ml Raíces Andeluna,ANDELUNA,7250,7250,https://www.jumbo.com.ar/vino-andeluna-raices-malbec-750ml/p
1,Jumbo,tinto,Vino Tinto Malbec 750 Ml Sottano,SOTTANO,15950,15950,https://www.jumbo.com.ar/vino-sottano-clasico-malbec-750-ml-2/p
1,Jumbo,tinto,Vino Tinto Malbec 750 Ml Tilia,TILIA,14050,14050,https://www.jumbo.com.ar/vino-tilia-malbec-organico-750-ml/p
1,Jumbo,tinto,Vino Tinto Malbec 750 Ml Tomero,TOMERO,22400,22400,https://www.jumbo.com.ar/vino-tomero-single-vineyard-malbec-750-ml/p
1,Jumbo,tinto,Vino Tinto Malbec 750 Ml Vera Prima Artesano,ARTESANO,12400,12400,https://www.jumbo.com.ar/vino-vera-prima-malbec-750-ml-artesano/p
1,ChangoMás,tinto,Vino Tinto Malbec D.O.C Luigi Bosca De Sangre 750ml,Luigi Bosca,32749,32749,https://www.masonline.com.ar/vino-tinto-malbec-doc-luigi-bosca-de-sangre-750-cc-2/p
1,Jumbo,tinto,Vino Tinto Malbec De Angeles Single Vineyard 750 Cc,SIN MARCA,576,576,https://www.jumbo.com.ar/vino-tinto-malbec-de-angeles-single-vineyard-750-cc/p
1,ChangoMás,tinto,Vino Tinto Malbec De Valentin Lacrado Red Blend Bagin Box 3 Lt,Don Valentin,,,https://www.masonline.com.ar/vino-tinto-malbec-de-valentin-lacrado-red-blend-bagin-box-3-lt-2/p
1,ChangoMás,tinto,Vino Tinto Malbec Diana Viñalba 750 Ml,Viñalba,,,https://www.masonline.com.ar/vino-tinto-malbec-diana-vinalba-750-ml-2/p
1,ChangoMás,tinto,Vino Tinto Malbec Finca Los Primos Bag In Box 3 Lt,Los Primos,,,https://www.masonline.com.ar/vino-tinto-malbec-finca-los-primos-bag-in-box-3-lt-2/p
1,ChangoMás,tinto,Vino Tinto Malbec Fuzion 750 Ml,Fuzion Alta,,,https://www.masonline.com.ar/vino-tinto-malbec-fuzion-750-ml-2/p
1,Jumbo,tinto,Vino Tinto Malbec Gran Apartado 750 Ml Rutini,RUTINI,120000,120000,https://www.jumbo.com.ar/vino-rutini-gran-apartado-malbec-750-ml/p
1,Jumbo,tinto,Vino Tinto Malbec Gran Reserva 750 Ml Viñalba,VIÑALBA,15050,15050,https://www.jumbo.com.ar/vino-vinalba-gran-reserva-malbec/p
1,Jumbo,tinto,Vino Tinto Malbec Historia de Familia 1.5 Lts Luca,LUCA,93100,93100,https://www.jumbo.com.ar/vino-luca-historia-familia-magnum-1-5-l/p
1,Jumbo,tinto,Vino Tinto Malbec Judas Sottano,SOTTANO,98600,98600,https://www.jumbo.com.ar/vino-sottano-judas-malbec/p
1,Jumbo,tinto,Vino Tinto Malbec Las Tunas 750 Cc Salentein,SALENTEIN,51200,51200,https://www.jumbo.com.ar/vino-salentein-las-tunas-malbec-750cc/p
1,Jumbo,tinto,Vino Tinto Malbec Osado 750 Ml,OSADO,384,384,https://www.jumbo.com.ar/vino-tinto-malbec-osado-750-ml/p
1,Jumbo,tinto,Vino Tinto Malbec Reserva 750 Cc Weinert,WEINERT,39400,39400,https://www.jumbo.com.ar/vino-tinto-malbec-x-750-cc-weinert/p
1,Jumbo,tinto,Vino Tinto Malbec Reserve X 750 Cc Montfleury,MONTFLEURY,21550,21550,https://www.jumbo.com.ar/vino-tinto-malbec-reserve-x-750-cc-montfleury/p
1,Jumbo,tinto,Vino Tinto Malbec Roble 750 Cc Alma Roja,ALMA ROJA,11800,11800,https://www.jumbo.com.ar/vino-alma-roja-malbec-750cc/p
1,Jumbo,tinto,Vino Tinto Malbec Roble 750 Cc Bendito Pecado,BENDITO PECADO,11450,11450,https://www.jumbo.com.ar/vino-bendito-pecado-malbec-750cc-2/p
1,Jumbo,tinto,Vino Tinto Malbec Single Vineyard Altamira 750 Ml Rutini,RUTINI,60000,60000,https://www.jumbo.com.ar/vino-rutini-single-vineyard-altamira-750-ml/p
1,Jumbo,tinto,Vino Tinto Malbec Sygnos 750 Ml,SIGNOS,247,247,https://www.jumbo.com.ar/vino-tinto-malbec-sygnos-750-ml/p
1,ChangoMás,tinto,Vino Tinto Malbec Vasco Viejo 1.125 L,Vasco Viejo,,,https://www.masonline.com.ar/vino-tinto-malbec-vasco-viejo-1-125-l-2/p
1,Día,tinto,Vino Tinto Malbec Viñas Del Tango 750 Ml.,VIÑAS DEL TANGO,4990,4990,https://diaonline.supermercadosdia.com.ar/vino-tinto-malbec-vinas-del-tango-750-ml-5141/p
1,Jumbo,tinto,Vino Tinto Malbec Vistalba,VISTALBA,14950,14950,https://www.jumbo.com.ar/vino-vistalba-malbec/p
1,ChangoMás,tinto,Vino Tinto Malbec Xeneizes Bianchi 750 Ml,Bianchi,,,https://www.masonline.com.ar/vino-tinto-malbec-xeneizes-bianchi-750-ml-2/p
1,Jumbo,tinto,Vino Tinto Malbec y Bonarda 750 Ml Chances,CHANCES,6900,6900,https://www.jumbo.com.ar/vino-malbec-bonarda-750ml-chances/p
1,Jumbo,tinto,Vino Tinto Malbec y Cabernet Franc 750 Cc Argento,ARGENTO,16600,16600,https://www.jumbo.com.ar/vino-argento-estate-malbec-franc-750cc/p
1,Jumbo,tinto,Vino Tinto Malbec y Cabernet Sauvignon 1500 Cc Escorihuela Gascon x 2 Un,ESCORIHUELA,38350,38350,https://www.jumbo.com.ar/vino-estuche-malbec-y-cabernet-sauvignon-escorihuela-gascon/p
1,Jumbo,tinto,Vino Tinto Malbec y Cabernet Sauvignon 3 Lts Las Perdices,LAS PERDICES,40000,40000,https://www.jumbo.com.ar/vino-tinto-malbec-y-cabernet-sauvignon-box-3-lts-las-perdices/p
1,Jumbo,tinto,Vino Tinto Malbec y Cabernet Sauvignon 750 Cc Tacuil Rd,RD,33900,33900,https://www.jumbo.com.ar/vino-rd-malbec-cabernet-bot-cc-750-2/p
1,Jumbo,tinto,Vino Tinto Malbec y Petit Verdot 750 Ml Lagarde,LAGARDE,11150,11150,https://www.jumbo.com.ar/vino-malbec-petit-verdot-750-ml-teia/p
1,Jumbo,tinto,Vino Tinto Malbec y Syrah 750 Cc Diamandes Perlita,DIAMANDES,14250,14250,https://www.jumbo.com.ar/vino-diamandes-perlita-malbec-syrah/p
1,ChangoMás,tinto,Vino Tinto Maoutier 1125cc,Maoutier,,,https://www.masonline.com.ar/vino-tinto-maoutier-1125cc-2/p
1,ChangoMás,tinto,Vino Tinto Marcus Blend Cabernet Merlot 750ml,Marcus,,,https://www.masonline.com.ar/vino-cabernet-merlot-marcus-750-cc-2/p
1,ChangoMás,tinto,Vino Tinto Margaux Bianchi 700 Cc,Bianchi,,,https://www.masonline.com.ar/vino-tinto-margaux-bianchi-700-cc-2/p
1,Jumbo,tinto,Vino Tinto Margaux Tino 700 Cc,DON VALENTIN,360,360,https://www.jumbo.com.ar/vino-tinto-margaux-tino-700-cc/p
1,ChangoMás,tinto,"Vino Tinto Marques Del Sur Blend Malbec Cabernet Sauvignon Bonarda 1,125l",Marques del Sur,,,https://www.masonline.com.ar/vino-tinto-botellon-blend-marques-del-sur-1-125-lt-2/p
1,ChangoMás,tinto,Vino Tinto Marques Del Sur Roble Malbec 750 Ml,Marques del Sur,,,https://www.masonline.com.ar/vino-tinto-marques-del-sur-malbec-750ml-2/p
1,ChangoMás,tinto,Vino Tinto Martin Fierro Blend Bonarda Malbec 750ml,Martin Fierro,,,https://www.masonline.com.ar/vino-tinto-martin-fierro-bonarda-malbec-750-ml/p
1,Jumbo,tinto,Vino Tinto Mencía Viña Peón 750 Cc Lorca,LORCA,24300,24300,https://www.jumbo.com.ar/vino-lorca-vina-peon-mencia-amandi-750cc/p
1,Jumbo,tinto,Vino Tinto Merlot 750 Ml Chateau Bourdieu,CHATEAU BOURDIEU,12100,12100,https://www.jumbo.com.ar/vino-chateau-bourdieu-blaye-c-tes-de-bordeaux/p
1,Jumbo,tinto,Vino Tinto Merlot 750 Ml Conclave,CONCLAVE,10067,10067,https://www.jumbo.com.ar/vino-merlot-nocturno-750-ml-conclave/p
1,Jumbo,tinto,Vino Tinto Merlot Reserva Ventisq,SIN MARCA,58,58,https://www.jumbo.com.ar/vino-villa-seca-290635/p
1,Jumbo,tinto,Vino Tinto Merlot Saint Emilion Grand Cru 750 Ml Chateau Haut Plaisance,CHATEAU HAUT PLAISANCE,22264,22264,https://www.jumbo.com.ar/vino-chateau-haut-plaisance-saint-emilion-gran/p
1,Jumbo,tinto,Vino Tinto Monasterio De Tentudía X 750 Ml,MONASTERIO DE TENTUDÍA,39,39,https://www.jumbo.com.ar/vino-tinto-monasterio-de-tentudia-x-750-ml/p
1,ChangoMás,tinto,Vino Tinto Montchenot 5 Anos 750 Cc,Generico,,,https://www.masonline.com.ar/vino-tinto-montchenot-5-anos-750-cc-2/p
1,ChangoMás,tinto,Vino Tinto Montchenot Gran Reserva Blend Cabernet Sauvignon Merlot Malbec 750ml,Montchenot,34499,34499,https://www.masonline.com.ar/vino-tinto-montchenot-blend-gran-reserva-750-ml/p
1,Jumbo,tinto,Vino Tinto Montechez Reserva Malbec 750 Cc,MONTECHEZ,171,171,https://www.jumbo.com.ar/vino-tinto-montechez-reserva-malbec-750-cc/p
1,ChangoMás,tinto,Vino Tinto Mosquita Muerta Blend Malbec Cabernet Sauvingnon Merlot Cabernet Franc 750ml,Mosquita Muerta,,,https://www.masonline.com.ar/vino-tinto-mosquita-muerta-blend-750-ml/p
1,Jumbo,tinto,Vino Tinto Nampe Malbec Rose 750 Cc,NAMPE,192,192,https://www.jumbo.com.ar/vino-tinto-nampe-malbec-rose-750-cc/p
1,Jumbo,tinto,Vino Tinto Nero D'Avola 750 Ml Marchese Montefusco,MARCHESE MONTEFUSCO,13794,13794,https://www.jumbo.com.ar/vino-tinto-marchese-montefusco-nero-davola-sic/p
1,Día,tinto,Vino Tinto Nicasia Cabernet Franc 750 Ml.,NICASIA,13275,13275,https://diaonline.supermercadosdia.com.ar/vino-tinto-nicasia-cabernet-franc-750-ml-284581/p
1,ChangoMás,tinto,Vino Tinto Nicasia Vineyard Blend Malbec Cabernet Sauvignon Petit Verdot 750ml,Nicasia Vineyard,,,https://www.masonline.com.ar/vino-tinto-nicasia-vineyard-grand-blend-750-ml/p
1,ChangoMás,tinto,Vino Tinto Nicasia Vineyard Red Blend Malbec Cabernet Sauvignon Petit Verdot 750ml,Nicasia Vineyard,13279,13279,https://www.masonline.com.ar/vino-red-blend-nicasia-vineyard-750ml-2/p
1,ChangoMás,tinto,Vino Tinto Nicasia Vineyards Blend Cabernet Franc Merlot Petit Verdot 750ml,Nicasia Vineyard,13279,13279,https://www.masonline.com.ar/vino-tinto-cabernet-franc-nicasia-vineyards-750cc-2/p
1,Día,tinto,Vino Tinto Nicasia Vineyards Malbec 750 Ml.,NICASIA,13275,13275,https://diaonline.supermercadosdia.com.ar/vino-tinto-nicasia-vineyards-malbec-750-ml-284580/p
1,ChangoMás,tinto,Vino Tinto Nicolás Catena Zapata Blend 750 Ml,Dv Catena,,,https://www.masonline.com.ar/vino-tinto-nicolas-catena-zapata-blend-750-ml/p
1,Jumbo,tinto,Vino Tinto Nicolas Catena Zapata Malbec 750 Ml,CATENA ZAPATA,121000,121000,https://www.jumbo.com.ar/vino-zapata-750-ml-nicolas-catena/p
1,ChangoMás,tinto,Vino Tinto Nieto Senetiner Patrimonial Malbec Doc 750 Ml,Nieto Senetiner,13999,13999,https://www.masonline.com.ar/vino-tinto-nieto-senetiner-malbec-doc-750ml-2/p
1,ChangoMás,tinto,Vino Tinto Nina Natural Special Blend 750 Ml,Nina,10849,10849,https://www.masonline.com.ar/vino-tinto-nina-natural-special-blend-750-ml-2/p
1,ChangoMás,tinto,Vino Tinto Noron Talisman Cabernet Sauvignon 750 Ml,Norton,,,https://www.masonline.com.ar/vino-tinto-talisman-cabernet-sauvignon-750-ml-2/p
1,ChangoMás,tinto,Vino Tinto Norton Altura Cabernet Franc 750 Ml,Norton,20049,20049,https://www.masonline.com.ar/vino-tinto-norton-altura-cabernet-franc-750-ml-2/p
1,Jumbo,tinto,Vino Tinto Norton Clasico 375 Cc,NORTON,99,99,https://www.jumbo.com.ar/vino-tinto-norton-clasico-375-cc/p
1,Jumbo,tinto,Vino Tinto Norton Clásico Blend 750 Cc,NORTON,172,172,https://www.jumbo.com.ar/vino-tinto-norton-clasico-blend-750-cc/p
1,Jumbo,tinto,Vino Tinto Norton Colección Tempranillo 750 Ml,NORTON,115,115,https://www.jumbo.com.ar/vino-tinto-norton-coleccion-tempranillo-750-ml/p
1,Día,tinto,Vino Tinto Norton Elegido Malbec 750 Ml.,ELEGIDO,5290,5290,https://diaonline.supermercadosdia.com.ar/vino-tinto-norton-elegido-malbec-750-ml-215542/p
1,ChangoMás,tinto,Vino Tinto Norton Roble Cabernet Sauvignon 750ml,Norton,,,https://www.masonline.com.ar/vino-cabernet-sauvignon-roble-norton-750-cc-2/p
1,ChangoMás,tinto,Vino Tinto Norton Select Pino Noir 750 Ml,Norton,,,https://www.masonline.com.ar/vino-tinto-norton-select-pino-noir-750-ml-2/p
1,ChangoMás,tinto,Vino Tinto Omnium Criolla Suave 750ml,Omnium,,,https://www.masonline.com.ar/vino-tinto-omnium-criolla-suave-750ml-2/p
1,ChangoMás,tinto,Vino Tinto Ópalo Malbec 750 Ml,Lorca Opalo,,,https://www.masonline.com.ar/vino-tinto-opalo-malbec-750-ml/p
1,ChangoMás,tinto,Vino Tinto Origen Cabernet Sauvignon 750ml,Origen,8139,8139,https://www.masonline.com.ar/vino-trapiche-cabernet-sauvignon-750ml-2/p
1,Jumbo,tinto,Vino Tinto Oso Hormiguero Cabernet Sauvignon-bot-cc.-750,FINCA LOS MAZA,317,317,https://www.jumbo.com.ar/vino-tinto-oso-hormiguero-cabernet-sauvignon-bot-cc-750/p
1,Jumbo,tinto,Vino Tinto Oso Hormiguero Malbec Botella X 750 Cc,FINCA LOS MAZA,500,500,https://www.jumbo.com.ar/vino-tinto-oso-hormiguero-malbec-botella-x-750-cc/p
1,ChangoMás,tinto,Vino Tinto Oveja Black Malbec 750 Ml,Oveja Black,,,https://www.masonline.com.ar/vino-tinto-oveja-black-malbec-750-ml/p
1,Jumbo,tinto,Vino Tinto Palacio De Valdeastarda 750 Ml,PALACIO DE VALDESTRADA,43,43,https://www.jumbo.com.ar/vino-tinto-palacio-de-valdeastarda-750-ml/p
1,ChangoMás,tinto,Vino Tinto Partridge Blend Malbec Carbernet Sauvignon Merlot 750ml,Partridge,8049,8049,https://www.masonline.com.ar/vino-tinto-partridge-red-blend-750-ml/p
1,ChangoMás,tinto,Vino Tinto Partridge Malbec 1.5 L,Partridge,13909,13909,https://www.masonline.com.ar/vino-tinto-partride-malbec-magnum-1-5-l/p
1,ChangoMás,tinto,Vino Tinto Pascual Toso Estate Malbec 750 Ml,Pascual Toso,,,https://www.masonline.com.ar/vino-tinto-pascual-toso-estate-malbec-750-ml-2/p
1,ChangoMás,tinto,Vino Tinto Pascual Toso Estate Red Blend 750 Ml,Pascual Toso,,,https://www.masonline.com.ar/vino-tinto-pascual-toso-estate-red-blend-750-ml-2/p
1,Jumbo,tinto,Vino Tinto Pasionado Blend 750 Cc Andeluna,ANDELUNA,34050,34050,https://www.jumbo.com.ar/vino-tinto-andeluna-pasionado-blend-750-cc/p
1,ChangoMás,tinto,Vino Tinto Pasionado Blend Malbec Merlot Cabernet Sauvignon Cabernet Franc 750ml,Pasionado,40984,40984,https://www.masonline.com.ar/vino-tinto-pasionado-cuatro-cepas-750-ml/p
1,ChangoMás,tinto,Vino Tinto Pasionado Malbec 750 Ml,Pasionado,,,https://www.masonline.com.ar/vino-tinto-pasionado-malbec-750-ml/p
1,Jumbo,tinto,Vino Tinto Patriota Malbec y Bonarda 750 Ml Tikal,TIKAL,42000,42000,https://www.jumbo.com.ar/vino-patriota-malbec-bonarda-750ml-tikal/p
1,ChangoMás,tinto,Vino Tinto Paz Blend Cabernet Sauvignon Cabernet Franc 750ml,Paz,,,https://www.masonline.com.ar/vino-tinto-paz-cabernet-sauvignon-cabernet-franc-750-ml-2/p
1,ChangoMás,tinto,Vino Tinto Perro Callejero Blend Malbec 750ml,Perro Callejero,,,https://www.masonline.com.ar/vino-tinto-perro-callejero-blend-de-malbec-750-ml-2/p
1,Jumbo,tinto,Vino Tinto Petit Verdot 750 Cc Mauricio Lorca,LORCA,44400,44400,https://www.jumbo.com.ar/vino-mauricio-lorca-gran-petit-verdot/p
1,Jumbo,tinto,Vino Tinto Petit Verdot 750 Cc Ruca Malen,RUCA MALEN,18700,18700,https://www.jumbo.com.ar/vino-ruca-malen-cap-dos-pv-750cc/p
1,Jumbo,tinto,Vino Tinto Petit Verdot 750 Ml Numina,NUMINA,20200,20200,https://www.jumbo.com.ar/vino-numina-petit-verdot-75ml/p
1,Jumbo,tinto,Vino Tinto Petit Verdot 750 Ml Piccolo Banfi,PICCOLO,41150,41150,https://www.jumbo.com.ar/vino-petit-verdot-750-ml-via-flavia/p
1,ChangoMás,tinto,Vino Tinto Phebus Mmc 750 Ml,Phebus,11799,11799,https://www.masonline.com.ar/vino-tinto-phebus-mmc-750-ml/p
1,ChangoMás,tinto,Vino Tinto Piattelli Reserve Malbec 750 Ml,Piattelli,,,https://www.masonline.com.ar/vino-tinto-piattelli-reserve-malbec-750-ml/p
1,Día,tinto,Vino Tinto Pico De Oro 1 Lt.,PICO DE ORO,2467,2467,https://diaonline.supermercadosdia.com.ar/vino-tinto-pico-de-oro-1-lt-77505/p
1,ChangoMás,tinto,Vino Tinto Pico De Oro 1125ml,Pico de Oro,,,https://www.masonline.com.ar/vino-tinto-pico-de-oro-1125ml-2/p
1,ChangoMás,tinto,Vino Tinto Pie De Monte Inmigrantes Criollas De Pie Franco 750 Ml,Pie De Monte,,,https://www.masonline.com.ar/vino-tinto-pie-de-monte-inmigrantes-criollas-de-pie-franco-750-ml/p
1,Jumbo,tinto,Vino Tinto Pinot Noir 750 Cc Cuchillo de Palo,CUCHILLO DE PALO,22000,22000,https://www.jumbo.com.ar/vino-pinot-noir-x-750-cc-cuchillo-de-palo/p
1,Jumbo,tinto,Vino Tinto Pinot Noir 750 Cc Escorihuela Gascon Pequeñas Producciones,PEQUEÑAS PRODUCCIONES,35700,35700,https://www.jumbo.com.ar/vino-pinot-noir-x-750-cc-pequenas-producciones/p
1,Jumbo,tinto,Vino Tinto Pinot Noir 750 Cc Luca,LUCA,37250,37250,https://www.jumbo.com.ar/vino-pinot-noir-750-cc-luca/p
1,Jumbo,tinto,Vino Tinto Pinot Noir 750 Ml Marlborough Sun,MARLBOROUGH,22913,22913,https://www.jumbo.com.ar/vino-sun-pinot-noir-x-750-ml-marlborough/p
1,Jumbo,tinto,Vino Tinto Pinot Noir 750 Ml Moillard,MOILLARD,45496,45496,https://www.jumbo.com.ar/vino-tinto-moillard-le-duche-pinot-noir-750ml/p
1,Jumbo,tinto,Vino Tinto Pinot Noir 750 Ml Pierre Blanche,PIERRE BLANCHE,25168,25168,https://www.jumbo.com.ar/vino-tinto-pierre-blanche-pinot-noir-borgona-7/p
1,Jumbo,tinto,Vino Tinto Pinot Noir 750 Ml Salentein Primus,PRIMUS,82800,82800,https://www.jumbo.com.ar/vino-salentein-primus-pinot-noir-750-ml/p
1,Jumbo,tinto,Vino Tinto Pinot Noir Grand Père 750 Cc Domaine Nico,DOMAINE NICO,46250,46250,https://www.jumbo.com.ar/vino-pinot-noir-grand-pere-x-750-cc-domaine-nico/p
1,ChangoMás,tinto,Vino Tinto Pinot Noird Portillo 750cc,Portillo,,,https://www.masonline.com.ar/vino-tinto-pinot-noird-portillo-750cc-2/p
1,Jumbo,tinto,Vino Tinto Pinotage 750 Ml Cape Spring,CAPE SPRING,12584,12584,https://www.jumbo.com.ar/vino-tinto-cape-spring-pinotage-750ml/p
1,ChangoMás,tinto,Vino Tinto Pispi Blend Malbec Bonarda Petit Verdot Cabernet Franc Merlot 750ml,Pispi,12999,12999,https://www.masonline.com.ar/vino-tinto-pispi-blend-de-tintas-750-ml-2/p
1,ChangoMás,tinto,Vino Tinto Postales Del Fin Del Mundo Blend Cabernet Sauvignon Malbec 750ml,Postales Del Fin Del Mundo,,,https://www.masonline.com.ar/vino-tinto-cabernet-y-malbec-postales-roble-750cc-2/p
1,ChangoMás,tinto,Vino Tinto Postales Del Fin Del Mundo Malbec 750 Ml,Postales Del Fin Del Mundo,,,https://www.masonline.com.ar/vino-malbec-postales-del-fin-del-mundo-750-cc-2/p
1,ChangoMás,tinto,Vino Tinto Postales Del Fin Del Mundo Roble Cabernet Sauvignon 750ml,Postales Del Fin Del Mundo,,,https://www.masonline.com.ar/vino-cabernet-sauvignon-roble-postales-del-fin-del-mundo-750-cc-2/p
1,Jumbo,tinto,Vino Tinto Prieto Picudo 750 Cc Lorca,LORCA,20700,20700,https://www.jumbo.com.ar/vino-lorca-espiritu-indomito-prieto-picudo-bar/p
1,Jumbo,tinto,Vino Tinto Primitivo 750 Ml Nero Marone,NERO MARONE,22506,22506,https://www.jumbo.com.ar/vino-tinto-nero-marone-primitivo-di-puglia-igt/p
1,ChangoMás,tinto,Vino Tinto Privada Family Blend Malbec Merlot Cabernet Sauvignon 750ml,Privada Family,,,https://www.masonline.com.ar/vino-tinto-privada-family-blend-750cc-2/p
1,ChangoMás,tinto,Vino Tinto Prófugo Cabernet Especias 750 Ml,Prófugo,,,https://www.masonline.com.ar/vino-tinto-profugo-cabernet-especias-750-ml/p
1,ChangoMás,tinto,Vino Tinto Prófugo Malbec Frutos Rojos 750 Ml,Prófugo,,,https://www.masonline.com.ar/vino-tinto-profugo-malbec-frutos-rojos-750-ml/p
1,ChangoMás,tinto,Vino Tinto Puro Malbec 750 Ml,Puro,13539,13539,https://www.masonline.com.ar/vino-trapiche-puro-malbec-x750cc-2/p
1,ChangoMás,tinto,Vino Tinto Putruele Blend Malbec Cabernet Sauvignon Syrah 1500ml,Putruele,,,https://www.masonline.com.ar/vinos-tintos-putruele-con-estuche-de-madera-malbec-cabernet-syrah/p
1,ChangoMás,tinto,Vino Tinto Putruele Carbernet Sauvignon 750ml,Putruele,,,https://www.masonline.com.ar/vino-tinto-putruele-carbernet-sauvignon-750cc-2/p
1,ChangoMás,tinto,Vino Tinto Pyros Apellation Syrah 750 Ml,Pyros,13899,13899,https://www.masonline.com.ar/vino-tinto-pyros-apellation-syrah-750ml-2/p
1,ChangoMás,tinto,Vino Tinto Quorum Vi 750cc,Norton,,,https://www.masonline.com.ar/vino-tinto-quorum-vi-750cc-2/p
1,ChangoMás,tinto,Vino Tinto Raices Cabernet Sauvignon 750 Ml,Raices,9279,9279,https://www.masonline.com.ar/vino-tinto-raices-cabernet-sauvignon-750-ml/p
1,Jumbo,tinto,Vino Tinto Red Blend 750 Cc Alaris,ALARIS,5900,5900,https://www.jumbo.com.ar/vino-trapiche-alaris-red-blend-750cc/p
1,Jumbo,tinto,Vino Tinto Red Blend 750 Cc Bread y Butter,BREAD&BUTTER,18800,18800,https://www.jumbo.com.ar/vino-breadbutter-r-blend-750ml/p
1,Jumbo,tinto,Vino Tinto Red Blend 750 Cc Casillero del Diablo,CASILLERO DEL DIABLO,14550,14550,https://www.jumbo.com.ar/vino-edicion-manchester-red-blend-750cc-casillero-del-diablo/p
1,Jumbo,tinto,Vino Tinto Red Blend 750 Cc Elementos,ELEMENTOS,7250,7250,https://www.jumbo.com.ar/vino-elementos-red-blend-750cc/p
1,Jumbo,tinto,Vino Tinto Red Blend 750 Cc Finca Las Moras,FINCA LAS MORAS,5550,5550,https://www.jumbo.com.ar/vino-finca-las-moras-red-blend-750cc/p
1,Jumbo,tinto,Vino Tinto Red Blend 750 Cc La Linda,LA LINDA,11200,11200,https://www.jumbo.com.ar/vino-la-linda-red-blend-750cc/p
1,Jumbo,tinto,Vino Tinto Red Blend 750 Cc Trapiche,TRAPICHE,12500,12500,https://www.jumbo.com.ar/vino-trapiche-reserva-red-blend-750cc/p
1,Jumbo,tinto,Vino Tinto Red Blend 750 Cc Ventus,VENTUS,8400,8400,https://www.jumbo.com.ar/vino-ventus-tinto-750cc/p
1,Jumbo,tinto,Vino Tinto Red Blend 750 Ml Emilia,EMILIA,7900,7900,https://www.jumbo.com.ar/vino-emilia-red-blend-750ml-2/p
1,Jumbo,tinto,Vino Tinto Red Blend 750 Ml Fin Del Mundo,FIN DEL MUNDO,16600,16600,https://www.jumbo.com.ar/vino-fin-del-mundo-organic-vineyards-red-blend/p
1,Jumbo,tinto,Vino Tinto Red Blend 750 Ml Las Perdices,SAURUS,11800,11800,https://www.jumbo.com.ar/vino-las-perdices-red-blend-750-ml/p
1,Jumbo,tinto,Vino Tinto Red Blend 750 Ml Los Intocables,LOS INTOCABLES,13750,13750,https://www.jumbo.com.ar/vino-red-blend-750-cc-los-intocables/p
1,Jumbo,tinto,Vino Tinto Red Blend 750 Ml Saurus,SAURUS,14950,14950,https://www.jumbo.com.ar/vino-saurus-estate-red-blend-750ml/p
1,Jumbo,tinto,Vino Tinto Red Blend 750 Ml Varua Finca La Anita,FINCA LA ANITA,69000,69000,https://www.jumbo.com.ar/vino-red-blend-750-ml-varua/p
1,Jumbo,tinto,Vino Tinto Red Blend Cabernet Franc 750 Cc Nicasia,NICASIA,13600,13600,https://www.jumbo.com.ar/vino-tinto-nicasia-vineyard-red-blend-cabernet-franc-750-cc/p
1,ChangoMás,tinto,Vino Tinto Red Blend Fuzion 750 Ml,Fuzion Alta,,,https://www.masonline.com.ar/vino-tinto-red-blend-fuzion-750-ml-2/p
1,Jumbo,tinto,Vino Tinto Red Blend Malbec 750 Cc Nicasia,NICASIA,13400,13400,https://www.jumbo.com.ar/vino-tinto-vineyard-red-blend-malbec-750-ml-nicasia/p
1,Jumbo,tinto,Vino Tinto Red Blend Malbec y Cabernet Sauvignon 750 Cc Trivento,TRIVENTO,9500,9500,https://www.jumbo.com.ar/trivento-reserva-maximum-red-blend/p
1,Día,tinto,Vino Tinto Red Lacrado Don Valentin 750 Ml.,DON VALENTIN,4790,4790,https://diaonline.supermercadosdia.com.ar/vino-tinto-red-lacrado-don-valentin-750-ml-298984/p
1,Día,tinto,Vino Tinto Resero 1 Lt.,RESERO,3490,3490,https://diaonline.supermercadosdia.com.ar/vino-tinto-resero-1-lt-304831/p
1,ChangoMás,tinto,Vino Tinto Resero Clásico 700ml,Resero,,,https://www.masonline.com.ar/vino-tinto-resero-clasico-700ml-2/p
1,Día,tinto,Vino Tinto Resero Tetra Brick 1 Lt.,RESERO,2502,2502,https://diaonline.supermercadosdia.com.ar/vino-tinto-resero-tetra-brick-1-lt-259732/p
1,Jumbo,tinto,Vino Tinto Reserva Blend 750 Cc Marqués de Cáceres,MARQUES DE CACERES,66600,66600,https://www.jumbo.com.ar/vino-reserva-blend-x-750-cc-marques-de-caceres/p
1,Jumbo,tinto,Vino Tinto Reserva Blend Salentein 750 Ml,SALENTEIN,655,655,https://www.jumbo.com.ar/vino-tinto-reserva-blend-salentein-750-ml/p
1,ChangoMás,tinto,Vino Tinto Reto Blend Malbec Syrah Cabernet Franc 750ml,Reto,,,https://www.masonline.com.ar/vino-tinto-reto-blend-750-ml/p
1,ChangoMás,tinto,Vino Tinto Reto Cabernet Sauvignon 750 Ml,Reto,,,https://www.masonline.com.ar/vino-tinto-reto-cabernet-sauvignon-750-ml/p
1,ChangoMás,tinto,Vino Tinto Rey De Copas 1 L,Rey de Copas,2239,2239,https://www.masonline.com.ar/vino-tinto-rey-de-copas-1-l-3/p
1,ChangoMás,tinto,Vino Tinto Rincón Famoso Blend Sangiovese Malbec Merlot 750ml,Rincón Famoso,9499,9499,https://www.masonline.com.ar/vino-tinto-rincon-famoso-blend-750-ml/p
1,Jumbo,tinto,Vino Tinto Riscal 1860,MARQUES DE RISCAL,40,40,https://www.jumbo.com.ar/vino-tinto-riscal-1860/p
1,Jumbo,tinto,Vino Tinto Rosado Malbec Seco Viñas Del Alto Salvador X750ml,TRAPICHE,30,30,https://www.jumbo.com.ar/vino-tinto-rosado-malbec-seco-vinas-del-alto-salvador-x750ml/p
1,ChangoMás,tinto,Vino Tinto Ruca Malen Capitulo Dos Petit Verdot 750ml,Ruca Malen,,,https://www.masonline.com.ar/vino-tinto-ruca-malen-capitulo-dos-petit-verdot-750ml-2/p
1,ChangoMás,tinto,Vino Tinto Ruca Malen Malbec X 750 Ml,Ruca Malen,,,https://www.masonline.com.ar/vino-tinto-ruca-malen-malbec-x-750-ml-2/p
1,ChangoMás,tinto,Vino Tinto Rutini Blend Cabernet Syrah 750ml,Rutini,,,https://www.masonline.com.ar/vino-cabernet-syrah-rutini-750-cc-2/p
1,ChangoMás,tinto,Vino Tinto Safari Malbec 750 Ml,Safari,,,https://www.masonline.com.ar/vino-tinto-safari-malbec-750-ml/p
1,ChangoMás,tinto,Vino Tinto Salentein Numina Cabernet Franc 750 Ml,Salentein,,,https://www.masonline.com.ar/vino-tinto-salentein-numina-cabernet-franc-750-ml-2/p
1,Jumbo,tinto,Vino Tinto Salentein Single Vineyard Malbec 750 Cc,SALENTEIN,42560,42560,https://www.jumbo.com.ar/vino-tinto-salentein-single-vineyard-malbec-750-cc/p
1,ChangoMás,tinto,Vino Tinto San Huberto Malbec 1.5 Ml,San Huberto,9469,9469,https://www.masonline.com.ar/vino-tinto-san-huberto-malbec-1-5-ml-2/p
1,ChangoMás,tinto,Vino Tinto San Huberto Resera Syrah 750 Ml,San Huberto,5989,5989,https://www.masonline.com.ar/vino-tinto-san-huberto-resera-syrah-750-ml-2/p
1,Jumbo,tinto,Vino Tinto Sangiovese Di Puglia X 750 Ml Gaetano,GAETANO,26500,26500,https://www.jumbo.com.ar/vino-tinto-sangiovese-di-puglia-x-750-ml-gaetano/p
1,ChangoMás,tinto,Vino Tinto Santa Isabel Borgoña 750ml,Santa Isabel,,,https://www.masonline.com.ar/vino-tinto-santa-isabel-borgona-x-750-ml-2/p
1,ChangoMás,tinto,Vino Tinto Santa Isabel Clásico 750 Ml,Santa Isabel,,,https://www.masonline.com.ar/vino-tinto-santa-isabel-clasico-750-ml/p
1,ChangoMás,tinto,Vino Tinto Santa Julia Reserva Blend Malbec Cabernet Franc 750ml,Santa Julia,9999,9999,https://www.masonline.com.ar/vino-tinto-santa-julia-reserva-mountain-blend-750-ml-2/p
1,ChangoMás,tinto,Vino Tinto Santa Julia Tintillo Blend Malbec Bonarda 269ml,Santa Julia,3059,3059,https://www.masonline.com.ar/vino-tinto-tintillo-lata-santa-julia-269-cc-2/p
1,ChangoMás,tinto,Vino Tinto Santa Julia Variental Malbec 750 Cc,Santa Julia,,,https://www.masonline.com.ar/vino-tinto-santa-julia-variental-malbec-750-cc-2/p
1,ChangoMás,tinto,Vino Tinto Sapo De Otro Pozo Blend Malbec Syrah Cabernet Sauvignon 750ml,Sapo de otro Pozo,17599,17599,https://www.masonline.com.ar/vino-tinto-sapo-de-otro-pozo-blend-750-ml/p
1,ChangoMás,tinto,Vino Tinto Seleccion Suc. Abel Michel Torino 1.125lt,Michel Torino,,,https://www.masonline.com.ar/vino-tinto-seleccion-suc-abel-michel-torino-1-125lt-2/p
1,Día,tinto,"Vino Tinto Seleccionado Samt 1,125 Ml.",SAMT,4412,4412,https://diaonline.supermercadosdia.com.ar/vino-tinto-seleccionado-samt-1125-ml-22262/p
1,ChangoMás,tinto,Vino Tinto Sensei Malbec Ahumado 750 Ml,Sensei,,,https://www.masonline.com.ar/vino-tinto-sensei-malbec-ahumado-750-ml/p
1,ChangoMás,tinto,Vino Tinto Sin Palabras Malbec 750 Ml,Sin Palabras,,,https://www.masonline.com.ar/vino-tinto-sin-palabras-malbec-750-ml/p
1,Jumbo,tinto,Vino Tinto Solano,SOLANO,7,7,https://www.jumbo.com.ar/vino-tinto-solano/p
1,Jumbo,tinto,Vino Tinto Solano X 1250 Ml-bot-ml.-12_,SOLANO,13,13,https://www.jumbo.com.ar/vino-tinto-solano-x-1250-ml-bot-ml-12-2/p
1,ChangoMás,tinto,Vino Tinto Suter Blend Malbec Bonarda 750ml,Suter,,,https://www.masonline.com.ar/vino-malbec-bonarda-bi-varietal-suter-750-cc-2/p
1,Jumbo,tinto,Vino Tinto Syrah 750 Cc Cuatro de Copas,CUATRO DE COPAS,4750,4750,https://www.jumbo.com.ar/vino-syrah-750cc-cuatro-de-copas/p
1,ChangoMás,tinto,Vino Tinto Tango Cabernet Franc 750 Ml,Tango,,,https://www.masonline.com.ar/vino-tinto-tango-cabernet-franc-750-ml/p
1,ChangoMás,tinto,Vino Tinto Tango Cabernet Sauvignon 750 Ml,Tango,,,https://www.masonline.com.ar/vino-tinto-tango-cabernet-sauvignon-750-ml/p
1,ChangoMás,tinto,Vino Tinto Tango Selection Malbec 750 Ml,Tango,,,https://www.masonline.com.ar/vino-tinto-tango-selection-malbec-750-ml/p
1,ChangoMás,tinto,Vino Tinto Tanguero Malbec 750ml,Generico,,,https://www.masonline.com.ar/vino-tinto-tanguero-malbec-750ml-2/p
1,Jumbo,tinto,Vino Tinto Tempranillo 750 Cc La Capilla,LA CAPILLA,148050,148050,https://www.jumbo.com.ar/vino-tinto-vendimia-seleccionada-x-750-cc-la-capilla/p
1,Jumbo,tinto,Vino Tinto Tempranillo 750 Ml Peña Roble,PENA ROBLE,27588,27588,https://www.jumbo.com.ar/vino-tinto-pena-roble-ribera-del-duero-750ml/p
1,Jumbo,tinto,Vino Tinto Tempranillo Rioja 750 Ml Finca Cienvacas,FINCA CIENVACAS,12584,12584,https://www.jumbo.com.ar/vino-tinto-finca-cienvacas-tempranillo-rioja-7/p
1,ChangoMás,tinto,Vino Tinto Termidor 1 L,Termidor,2259,2259,https://www.masonline.com.ar/vino-tinto-termidor-1l-2/p
1,Día,tinto,Vino Tinto Termidor Tradición brik 1 Lt.,TERMIDOR,2257,2257,https://diaonline.supermercadosdia.com.ar/vino-tinto-termidor-tradicion-brik-1-lt-165431/p
1,ChangoMás,tinto,Vino Tinto Terra Cabernet Sauvignon 750 Ml,Terra,8299,8299,https://www.masonline.com.ar/vino-cabernet-sauvignon-terra-750-cc-2/p
1,ChangoMás,tinto,Vino Tinto Terrazas De Los Andes Reserva Cabernet Franc 750 Ml,Terrazas De Los Andes,,,https://www.masonline.com.ar/vino-terrazas-de-los-andes-reserva-cabernet-franc-750-ml-2/p
1,ChangoMás,tinto,Vino Tinto Tesoro Malbec 750 Ml,Tesoro,17479,17479,https://www.masonline.com.ar/vino-tinto-trapiche-tesoro-malbec-750-ml/p
1,Día,tinto,Vino Tinto Tetra Con Tapa Dia 1 lt.,DIA,1790,1790,https://diaonline.supermercadosdia.com.ar/vino-tinto-tetra-con-tapa-dia-1-lt-296011/p
1,ChangoMás,tinto,Vino Tinto Texto Subito Blend Malbec Cabernet Franc 750ml,Texto Subito,,,https://www.masonline.com.ar/vino-malbec-cabernet-franc-texto-subito-750-cc-2/p
1,Jumbo,tinto,Vino Tinto Tinamú Blend 750 Ml Las Perdices,LAS PERDICES,66350,66350,https://www.jumbo.com.ar/vino-tinamu-blend-de-vina-750-ml-las-perdices/p
1,Jumbo,tinto,Vino Tinto Tintillo Malbec y Bonarda 269 Ml Santa Julia,SANTA JULIA,3200,3200,https://www.jumbo.com.ar/vino-tintillo-lata-269-ml-santa-julia/p
1,Jumbo,tinto,Vino Tinto Tintillo Malbec y Bonarda 750 Ml Santa Julia,SANTA JULIA,9100,9100,https://www.jumbo.com.ar/vino-santa-julia-tintillo-malbec-bonarda-750-ml/p
1,Día,tinto,Vino Tinto Toro 1 Lt.,TORO (VINO),2990,2990,https://diaonline.supermercadosdia.com.ar/vino-tinto-toro-1-lt-21257/p
1,ChangoMás,tinto,"Vino Tinto Toro Viejo Blend Bonarda Syrah 1,125ml",Toro Viejo,,,https://www.masonline.com.ar/vino-bonarda-syrah-toro-viejo-1-125-cc-2/p
1,ChangoMás,tinto,Vino Tinto Toro Viejo Blend Syrah Bonarda 750ml,Toro Viejo,,,https://www.masonline.com.ar/vino-tinto-toro-viejo-bonarda-syrah-750-ml-2/p
1,ChangoMás,tinto,Vino Tinto Tradicional Termidor 1lt,Termidor,,,https://www.masonline.com.ar/vino-tinto-tradicional-termidor-1lt-2/p
1,ChangoMás,tinto,Vino Tinto Traful Blend 750 Ml,Traful,,,https://www.masonline.com.ar/vino-tinto-traful-blend-750-ml-2/p
1,ChangoMás,tinto,Vino Tinto Traful Blend Malbec Tempranillo Merlot Sangiovese 1125ml,Traful,,,https://www.masonline.com.ar/vino-tinto-traful-blend-1125-ml-2/p
1,Jumbo,tinto,Vino Tinto Trapiche Fond De Cave Reserva Malbec 750 Cc,FOND DE CAVE,15350,15350,https://www.jumbo.com.ar/vino-tinto-trapiche-fond-de-cave-reserva-malbec-750-cc/p
1,ChangoMás,tinto,Vino Tinto Trapiche Perfiles Malbec 750 Ml,Trapiche,,,https://www.masonline.com.ar/vino-tinto-trapiche-perfiles-malbec-750-ml/p
1,ChangoMás,tinto,Vino Tinto Trapiche Reserva Blend Malbec Cabernet Sauvingon Syrah 750ml,Trapiche,12119,12119,https://www.masonline.com.ar/vino-tinto-trapiche-reserva-blend-750-ml-2/p
1,ChangoMás,tinto,Vino Tinto Trivento Golden Cabernet Sauvignon 750 Ml,Trivento,22299,22299,https://www.masonline.com.ar/vino-tinto-golden-cabernet-sauvignon-trivento-750-cc-2/p
1,ChangoMás,tinto,Vino Tinto Trumpeter Reserve Blend Malbec Tempranillo Cabernet Sauvignon 750ml,Trumpeter,19699,19699,https://www.masonline.com.ar/vino-cabernet-malbec-rutini-750-cc-2/p
1,ChangoMás,tinto,Vino Tinto Uxmal Blend Cabernet Malbec 750ml,Uxmal,,,https://www.masonline.com.ar/vino-cabernet-sauvignon-malbec-uxmal-750-cc-2/p
1,Jumbo,tinto,Vino Tinto Uxmal Merlot 750 Cc - Caja 6 U,UXMAL,125,125,https://www.jumbo.com.ar/vino-tinto-uxmal-merlot-750-cc-caja-6-u/p
1,ChangoMás,tinto,Vino Tinto Valderrobles Blend Syrah Bonarda 700ml,Valderrobles,,,https://www.masonline.com.ar/vino-bonarda-syrah-valderrobles-700cc-2/p
1,Jumbo,tinto,Vino Tinto Valentin Bianchi Cabernet Sauvignon 750 Cc,BIANCHI,1477,1477,https://www.jumbo.com.ar/vino-tinto-valentin-bianchi-cabernet-sauvignon-750-cc/p
1,Jumbo,tinto,Vino Tinto Valpolicella Blend 750 Ml Signore Giuseppe,SIGNORE GIUSEPPE,17666,17666,https://www.jumbo.com.ar/vino-tinto-signore-giuseppe-valpolicella-750ml/p
1,ChangoMás,tinto,Vino Tinto Vasco Viejo Blend Tempranillo Malbec Merlot 750ml,Vasco Viejo,4287,4287,https://www.masonline.com.ar/vino-tinto-vasco-viejo-700cc-2/p
1,ChangoMás,tinto,Vino Tinto Viejo Rincon Roble Malbec   750 Ml,Viejo Rincón,,,https://www.masonline.com.ar/vino-tinto-viejo-rincon-malbec-750ml-2/p
1,ChangoMás,tinto,Vino Tinto Vin Up 1 L,Vin Up,1800,1800,https://www.masonline.com.ar/vino-tetra-tinto-vin-up-1-lt-2/p
1,ChangoMás,tinto,"Vino Tinto Vinas De Alvear Borgoña 1,25l",Vinas de Alvear,,,https://www.masonline.com.ar/vino-borgona-vinas-de-alvear-1-25-lt-2/p
1,ChangoMás,tinto,Vino Tinto Viñas De Alvear Clásico 1125ml,Vinas de Alvear,,,https://www.masonline.com.ar/vino-tinto-vinas-de-alvear-clasico-1125ml-2/p
1,Día,tinto,"Vino Tinto Viñas de Balbo Borgoña 1,25 Lt.",VIÑAS DE BALBO,2790,2790,https://diaonline.supermercadosdia.com.ar/vino-tinto-vinas-de-balbo-borgona-125-lt-46836/p
1,ChangoMás,tinto,Vino Tinto Viñas De Balbo Magnum Gran Tinto 1125 L,Viñas De Balbo,4369,4369,https://www.masonline.com.ar/vino-tinto-vinas-de-balbo-magnum-gran-tinto-1125-l/p
1,ChangoMás,tinto,Vino Tinto Viñas Riojanas Bonarda 750 Cc,Viñas Riojanas,,,https://www.masonline.com.ar/vino-tinto-vinas-riojanas-bonarda-750-cc-2/p
1,ChangoMás,tinto,Vino Tinto Viñas Riojanas Tetrabrick 1 Lt,Viñas Riojanas,,,https://www.masonline.com.ar/vino-tinto-vinas-riojanas-tetrabrick-1-lt-2/p
1,ChangoMás,tinto,Vino Tinto Viñas Y Parrales 1 L,Viñas y Parrales,,,https://www.masonline.com.ar/vino-tinto-vinas-y-parrales-1-l-2/p
1,ChangoMás,tinto,Vino Tinto Viñas Y Parrales Blend 750 Ml,Viñas y Parrales,,,https://www.masonline.com.ar/vino-tinto-vinas-y-parrales-blend-750-ml-2/p
1,ChangoMás,tinto,Vino Tinto Viñas Y Parrales Tetrabrik  1 L,Viñas y Parrales,,,https://www.masonline.com.ar/vino-tinto-vinas-y-parrales-tetrabrik-1-l-2/p
1,Día,tinto,Vino Tinto Viñas&Parrals 1 Lt.,VIÑAS Y PARRALES,2467,2467,https://diaonline.supermercadosdia.com.ar/vino-tinto-vinas-parrals-1-lt-78379/p
1,Jumbo,tinto,Vino Tinto Zeo Rana Cabernet Suavignon,ZEO RANA,12,12,https://www.jumbo.com.ar/vino-tinto-zeo-rana-cabernet-suavignon/p
1,Jumbo,tinto,Vino Tinto Zeo Rana Malbec Premium   Bot 750 Cc.,ZEO RANA,22,22,https://www.jumbo.com.ar/vino-tinto-zeo-rana-malbec-premium-bot-750-cc/p
1,Jumbo,tinto,Vino Tinto Zeo Rana Syrah,ZEO RANA,12,12,https://www.jumbo.com.ar/vino-tinto-zeo-rana-syrah/p
1,ChangoMás,tinto,Vino Tinto Zuccardi Malbec 375 Ml,Zuccardi,9419,9419,https://www.masonline.com.ar/vino-malbec-zuccardi-375cc-2/p
1,Jumbo,tinto,Vino Titarelli Lambrusco +vino Tocai Agregados +vino Tocai Sin Atributo Sin Atributo,TITTARELLI,,,https://www.jumbo.com.ar/vino-titarelli-lambrusco-vino-tocai-agregados-vino-tocai-sin-atributo-sin-atributo-62075/p
1,Jumbo,tinto,Vino Titarelli Malbec,TITARELLI,19,19,https://www.jumbo.com.ar/vino-titarelli-malbec-2/p
1,Jumbo,tinto,Vino Tittarelli Malbec Botella 750 Cc,BODEGA UNO,16,16,https://www.jumbo.com.ar/vino-tittarelli-malbec-botella-750-cc/p
1,Jumbo,tinto,Vino Tittarelli Syrah X 750ml,CORTIMUNDO,15,15,https://www.jumbo.com.ar/vino-tittarelli-syrah-x-750ml-2/p
1,Jumbo,tinto,Vino Tocornal Malbec Varietales Nobles 750 Cc,TOCORNAL,26,26,https://www.jumbo.com.ar/vino-tocornal-malbec-varietales-nobles-750-cc/p
1,Jumbo,tinto,Vino Tomba Seleccion Tinto-bot-cc.-700,TOMBA,11,11,https://www.jumbo.com.ar/vino-tomba-seleccion-tinto-bot-cc-700/p
1,Jumbo,tinto,Vino Tomero Cabernet Franc 750cc,TOMERO,393,393,https://www.jumbo.com.ar/vino-tomero-cabernet-franc-750cc/p
1,Jumbo,tinto,Vino Tomero Syrah Reserva-bot-cc.-750,TOMERO,130,130,https://www.jumbo.com.ar/vino-tomero-syrah-reserva-bot-cc-750/p
1,Jumbo,tinto,Vino Toro Centenario Cabernet,TORO,234,234,https://www.jumbo.com.ar/vino-toro-centenario-cabernet/p
1,Jumbo,tinto,Vino Toro Lacrado Tinto 1125,TORO,3700,3700,https://www.jumbo.com.ar/vino-toro-lacrado-tinto-1125/p
1,Jumbo,tinto,Vino Toro Red Blend Bot-1125cc-,TORO,208,208,https://www.jumbo.com.ar/vino-toro-red-blend-bot-1125cc/p
1,Jumbo,tinto,Vino Toro Tinto Brk,TORO,1150,1150,https://www.jumbo.com.ar/vino-toro-tinto-brk/p
1,Jumbo,tinto,Vino Toro Tinto Dulce 1 L,TORO,3200,3200,https://www.jumbo.com.ar/vino-toro-tinto-dulce-1-l/p
1,Jumbo,tinto,Vino Toro Viejo Sirah-malbec 1125cc,TORO,4211,4211,https://www.jumbo.com.ar/vino-toro-viejo-sirah-malbec-1125cc/p
1,Jumbo,tinto,"Vino Toro Viejo Syrah X 1250 Cc-bonarda-bot-cc.-1,2",TORO VIEJO,33,33,https://www.jumbo.com.ar/vino-toro-viejo-syrah-x-1250-cc-bonarda-bot-cc-1-2/p
1,Jumbo,tinto,Vino Trapiche Ciento Veinte Años Tinto  Botella 750 Cc,TRAPICHE,123,123,https://www.jumbo.com.ar/vino-trapiche-ciento-veinte-anos-tinto-botella-750-cc/p
1,Jumbo,tinto,Vino Trapiche Col Roble Pinot Noir,TRAPICHE,33,33,https://www.jumbo.com.ar/vino-trapiche-col-roble-pinot-noir/p
1,Jumbo,tinto,Vino Trapiche Fond De Cave Cabernet Sauvignon Lta 1 Un,TRAPICHE,60,60,https://www.jumbo.com.ar/vino-trapiche-fond-de-cave-cabernet-sauvignon-lta-1-un/p
1,Jumbo,tinto,Vino Trapiche Fond De Cave Cabernet Sauvignon X 1.5 Lt,TRAPICHE,65,65,https://www.jumbo.com.ar/vino-trapiche-fond-de-cave-cabernet-sauvignon-x-1-5-lt/p
1,Jumbo,tinto,Vino Trapiche Gran Medalla Cabernet Sauvignon-bot-cc.-750,TRAPICHE,1347,1347,https://www.jumbo.com.ar/vino-trapiche-gran-medalla-cabernet-sauvignon-bot-cc-750/p
1,Jumbo,tinto,Vino Trapiche Impuro Cabernet Sauvignon 750cc,TRAPICHE,9848,9848,https://www.jumbo.com.ar/vino-trapiche-impuro-cabernet-sauvignon-750cc/p
1,Jumbo,tinto,Vino Trapiche Malbec X 750 Cc Roble  Lat 750 Cc.,TRAPICHE,36,36,https://www.jumbo.com.ar/vino-trapiche-malbec-x-750-cc-roble-lat-750-cc/p
1,Jumbo,tinto,Vino Trapiche Malbec X 750 Cc. X 6 Un.,ALARIS,250,250,https://www.jumbo.com.ar/vino-trapiche-malbec-x-750-cc-x-6-un-204200/p
1,Jumbo,tinto,Vino Trapiche Mio Cab Pack,TRAPICHE,34,34,https://www.jumbo.com.ar/vino-trapiche-mio-cab-pack/p
1,Jumbo,tinto,Vino Trapiche Mio Malb Pack,TRAPICHE,18,18,https://www.jumbo.com.ar/vino-trapiche-mio-malb-pack/p
1,Jumbo,tinto,Vino Trapiche Origen Malbec X 750 Ml Estuche  Est 750 Ml.,TRAPICHE,24,24,https://www.jumbo.com.ar/vino-trapiche-origen-malbec-x-750-ml-estuche-est-750-ml/p
1,Jumbo,tinto,Vino Trapiche Origen Malbec X Caja-cja-cc.-790,TRAPICHE,176,176,https://www.jumbo.com.ar/vino-trapiche-origen-malbec-x-caja-cja-cc-790/p
1,Jumbo,tinto,Vino Trapiche Origen Malbec-bot-cc.-375,TRAPICHE,31,31,https://www.jumbo.com.ar/vino-trapiche-origen-malbec-bot-cc-375/p
1,Jumbo,tinto,Vino Trapiche Origen Syrah X 750 Ml,TRAPICHE,32,32,https://www.jumbo.com.ar/vino-trapiche-origen-syrah-x-750-ml/p
1,Jumbo,tinto,Vino Trapiche Single Vineyard Orellana-bot-cc.-750,TRAPICHE,,,https://www.jumbo.com.ar/vino-trapiche-single-vineyard-orellana-bot-cc-750/p
1,Jumbo,tinto,Vino Trapiche Syrah Roble Botella 750 Cc,ALARIS,11100,11100,https://www.jumbo.com.ar/vino-trapiche-syrah-roble-botella-750-cc/p
1,Jumbo,tinto,Vino Trapiche Terroir Series Malbec-bot-cc.-750,TRAPICHE,430,430,https://www.jumbo.com.ar/vino-trapiche-terroir-series-malbec-bot-cc-750/p
1,Jumbo,tinto,Vino Tre Confini Syrah-bot-cc.-750,SIN MARCA,,,https://www.jumbo.com.ar/vino-tre-confini-syrah-bot-cc-750/p
1,Jumbo,tinto,Vino Trivento Dulce Natural Malbec X 750cc,TRIVENTO,101,101,https://www.jumbo.com.ar/vino-trivento-dulce-natural-malbec-x-750cc/p
1,Jumbo,tinto,Vino Trivento Golden Cabernet Franc 750cc,GOLDEN,3885,3885,https://www.jumbo.com.ar/vino-trivento-golden-cabernet-franc-750cc/p
1,Jumbo,tinto,Vino Trivento Merlot   Bot 750 Cc.,TRIVENTO,22,22,https://www.jumbo.com.ar/vino-trivento-merlot-bot-750-cc/p
1,Jumbo,tinto,Vino Trivento Organico Malbec 750cc,TRIVENTO,1618,1618,https://www.jumbo.com.ar/vino-trivento-organico-malbec-750cc/p
1,Jumbo,tinto,Vino Trivento Private Reserve Cabernet Sauvign,TRIBU,12000,12000,https://www.jumbo.com.ar/vino-trivento-private-reserve-cabernet-sauvign/p
1,Jumbo,tinto,Vino Trivento Private Reserve Malbec,TRIVENTO,12000,12000,https://www.jumbo.com.ar/vino-trivento-private-reserve-malbec/p
1,Jumbo,tinto,Vino Trivento Tto Dulce Natural X 750cc,TRIVENTO,20,20,https://www.jumbo.com.ar/vino-trivento-tto-dulce-natural-x-750cc-2/p
1,Jumbo,tinto,Vino Trumpeter Cab Franc 750cc,TRUMPETER,10950,10950,https://www.jumbo.com.ar/vino-trumpeter-cab-franc-750cc/p
1,Jumbo,tinto,Vino Trumpeter Malbec Estuche-reserva-est-cc.-750,TRUMPETER,129,129,https://www.jumbo.com.ar/vino-trumpeter-malbec-estuche-reserva-est-cc-750/p
1,Jumbo,tinto,Vino Tto Orgánico Sangi  Alto Salv,SIN MARCA,46,46,https://www.jumbo.com.ar/vino-tto-organico-sangi-alto-salv/p
1,Jumbo,tinto,Vino Tto Orgánico Tempran Alto Salv 750m,SIN MARCA,46,46,https://www.jumbo.com.ar/vino-tto-organico-tempran-alto-salv-750m/p
1,Jumbo,tinto,Vino Tto. Clasico Don Genaro X 750 Cc Sin Atributo Sin Atributo Sin Atributo Sin Atributo,DON GENARO,,,https://www.jumbo.com.ar/vino-don-genaro-clasico-tinto-168601/p
1,Jumbo,tinto,Vino Tto. Montchenot 5 Años,MONTCHENOT,21450,21450,https://www.jumbo.com.ar/vino-tto-montchenot-5-anos/p
1,Jumbo,tinto,Vino Tunquelen Tempranillo Bot 750 Cc,SANTA ERCILIA,30,30,https://www.jumbo.com.ar/vino-tunquelen-tempranillo-bot-750-cc/p
1,Jumbo,tinto,Vino Tupungato Appellation Cabernet Sauvignon Cadus X750 Ml,CADUS,5103,5103,https://www.jumbo.com.ar/vino-tupungato-appellation-cabernet-sauvignon-cadus-x750-ml/p
1,Jumbo,tinto,Vino Uma Colleccion Cabernet Suavignon X 750,UMA,15,15,https://www.jumbo.com.ar/vino-uma-colleccion-cabernet-suavignon-x-750/p
1,Jumbo,tinto,Vino Uma Malbec X 750,UMA,15,15,https://www.jumbo.com.ar/vino-uma-malbec-x-750-343331/p
1,Jumbo,tinto,Vino Umbral De Los Tiempos Cabernet Sauvignon-bot-cc.-750,UMBRAL DE LOS TIEMPOS,100,100,https://www.jumbo.com.ar/vino-umbral-de-los-tiempos-cabernet-sauvignon-bot-cc-750/p
1,Jumbo,tinto,Vino Un Mundo Chiquito Malbec,UN MUNDO CHIQUITO,7250,7250,https://www.jumbo.com.ar/vino-un-mundo-chiquito-malbec-2/p
1,Jumbo,tinto,Vino Urban Malbec 750 Ml,URBAN,5600,5600,https://www.jumbo.com.ar/vino-urban-malbec-750-ml/p
1,Jumbo,tinto,Vino Uvas Privadas Cab,UVAS PRIVADAS,7,7,https://www.jumbo.com.ar/vino-uvas-privadas-cab-290883/p
1,Jumbo,tinto,Vino Uxmal Bravio Tto Dce X500cc,UXMAL,36,36,https://www.jumbo.com.ar/vino-uxmal-bravio-tto-dce-x500cc/p
1,Jumbo,tinto,Vino Uxmal Malbec X 375cc,UXMAL,36,36,https://www.jumbo.com.ar/vino-uxmal-malbec-x-375cc/p
1,Jumbo,tinto,Vino V.narvaez Cabernet Franc,VIÑAS DE NARVAEZ,27,27,https://www.jumbo.com.ar/vino-v-narvaez-cabernet-franc/p
1,Jumbo,tinto,Vino V.narvaez Oveja Negra,VIÑAS DE NARVAEZ,29,29,https://www.jumbo.com.ar/vino-v-narvaez-oveja-negra/p
1,Jumbo,tinto,Vino Valbona Bonar  750cc,BONAR,39,39,https://www.jumbo.com.ar/vino-valbona-bonar-750cc/p
1,Jumbo,tinto,Vino Valbona Bonarda Reserva2002 X 750,VALBONA,70,70,https://www.jumbo.com.ar/vino-valbona-bonarda-reserva2002-x-750/p
1,Jumbo,tinto,Vino Valbona Malbec 750cc,AUGUSTO P,71,71,https://www.jumbo.com.ar/vino-valbona-malbec-750cc/p
1,Jumbo,tinto,Vino Valbona Syrah X 750cc,AUGUSTO P,24,24,https://www.jumbo.com.ar/vino-valbona-syrah-x-750cc-269086/p
1,Jumbo,tinto,Vino Valderrobles Borgoña Botella 750 Cc,VALDERROBLES,10,10,https://www.jumbo.com.ar/vino-valderrobles-borgona-botella-750-cc/p
1,Jumbo,tinto,Vino Valderrobles España,VALDERROBLES,134,134,https://www.jumbo.com.ar/vino-valderrobles-espana/p
1,Jumbo,tinto,Vino Valentin Bianchi Malbec Doc Estuche X2-est-un.-2,BIANCHI,,,https://www.jumbo.com.ar/vino-valentin-bianchi-malbec-doc-estuche-x2-est-un-2-406477/p
1,Jumbo,tinto,Vino Valle Las Acequias Malb Roble 750ml,VALLE LAS ACEQUIAS,150,150,https://www.jumbo.com.ar/vino-valle-las-acequias-malb-roble-750ml/p
1,Jumbo,tinto,Vino Valle Las Acequias Syrah,VALLE LAS ACEQUIAS,10,10,https://www.jumbo.com.ar/vino-valle-las-acequias-syrah-290185/p
1,Jumbo,tinto,Vino Vallisto Gaucho Club Malbec  Bot-750cc,VALLISTO,511,511,https://www.jumbo.com.ar/vino-vallisto-gaucho-club-malbec-bot-750cc/p
1,Jumbo,tinto,Vino Vallisto Malbec Bot -750cc,VALLISTO,1492,1492,https://www.jumbo.com.ar/vino-vallisto-malbec-bot-750cc/p
1,Jumbo,tinto,Vino Varietal Malbec 1895 Norton 750 Cc,NORTON,199,199,https://www.jumbo.com.ar/vino-varietal-malbec-1895-norton-750-cc/p
1,Jumbo,tinto,Vino Varietal Merlot  Bot 750 Cc.,BALBO,7,7,https://www.jumbo.com.ar/vino-varietal-merlot-bot-750-cc/p
1,Jumbo,tinto,Vino Vas Cabernet Suavignon-bot-cc.-750,VASIJA SECRETA,225,225,https://www.jumbo.com.ar/vino-vas-cabernet-suavignon-bot-cc-750/p
1,Jumbo,tinto,Vino Vas Malbec-bot-cc.-750,VASIJA SECRETA,103,103,https://www.jumbo.com.ar/vino-vas-malbec-bot-cc-750/p
1,Jumbo,tinto,Vino Vasija Secreta Borgoña,VASIJA SECRETA,20,20,https://www.jumbo.com.ar/vino-vasija-secreta-borgona/p
1,Jumbo,tinto,Vino Vasija Secreta Cabernet Suavignon-roble-bot-cc.-750,VASIJA SECRETA,52,52,https://www.jumbo.com.ar/vino-vasija-secreta-cabernet-suavignon-roble-bot-cc-750/p
1,Jumbo,tinto,Vino Vendimiario La Rioja Blen 750 Cc,ESMERALDA,1495,1495,https://www.jumbo.com.ar/vino-vendimiario-la-rioja-blen-750-cc/p
1,Jumbo,tinto,Vino Vendimiario Mendoza Blend 750 Cc,ESMERALDA,1495,1495,https://www.jumbo.com.ar/vino-vendimiario-mendoza-blend-750-cc/p
1,Jumbo,tinto,Vino Vendimiario San Juan Blend 750 Cc,ESMERALDA,1282,1282,https://www.jumbo.com.ar/vino-vendimiario-san-juan-blend-750-cc/p
1,Jumbo,tinto,Vino Ventus Roble Blend 750 Cc,VENTUS,573,573,https://www.jumbo.com.ar/vino-ventus-roble-blend-750-cc/p
1,Jumbo,tinto,Vino Ventus Tinto Cajax6-cja-cc.-790,VENTUS,129,129,https://www.jumbo.com.ar/vino-ventus-tinto-cajax6-cja-cc-790/p
1,Jumbo,tinto,Vino Vi¤a Antigua Tinto,VIÑA ANTIGUA,6,6,https://www.jumbo.com.ar/vino-vina-antigua-tinto-290187/p
1,Jumbo,tinto,Vino Vi¤a Maipu Cab Sauv,VIÑA MAIPU,10,10,https://www.jumbo.com.ar/vino-vina-maipu-cab-sauv-290189/p
1,Jumbo,tinto,Vino Vi¤as D/golf  Bonarda Tto,VIÑAS DEL GOLF,17,17,https://www.jumbo.com.ar/vino-vinas-d-golf-bonarda-tto-290570/p
1,Jumbo,tinto,Vino Vi¤as De Amburza Blend-bot-cc.-750,EMILIO VALERIO,124,124,https://www.jumbo.com.ar/vino-vinas-de-amburza-blend-bot-cc-750/p
1,Jumbo,tinto,Vino Via Flavia Petit Verdot 750 Ml,PICCOLO,13350,13350,https://www.jumbo.com.ar/vino-via-flavia-petit-verdot-750-ml/p
1,Jumbo,tinto,Vino Vicente Vargas Videla Malbec  Bot 750 Cc.,VICENTE VARGAS VIDELA,119,119,https://www.jumbo.com.ar/vino-vicente-vargas-videla-malbec-bot-750-cc/p
1,Jumbo,tinto,Vino Vicente Vargas Videla Malbec R-bot-cc.-750,VICENTE VARGAS VIDELA,76,76,https://www.jumbo.com.ar/vino-vicente-vargas-videla-malbec-r-bot-cc-750/p
1,Jumbo,tinto,Vino Vicentin Blend Malbecs Bot 750 Cc,VICENTIN,343,343,https://www.jumbo.com.ar/vino-vicentin-blend-malbecs-bot-750-cc/p
1,Jumbo,tinto,Vino Vida Organica Tempranillo X 750 Cc,VIDA ORGANICA,,,https://www.jumbo.com.ar/vino-vida-organica-tempranillo-x-750-cc/p
1,Jumbo,tinto,Vino Vieja Abadia Borgoña Botella 1250 Cc,VIEJA ABADIA,18,18,https://www.jumbo.com.ar/vino-vieja-abadia-borgona-botella-1250-cc/p
1,Jumbo,tinto,Vino Vieja Abadia Tinto-brk-cc.-251,VIEJA ABADIA,26,26,https://www.jumbo.com.ar/vino-vieja-abadia-tinto-brk-cc-251/p
1,Jumbo,tinto,Vino Viejo Solar Abocado 1125 Cc,VIEJO SOLAR,96,96,https://www.jumbo.com.ar/vino-viejo-solar-abocado-1125-cc/p
1,Jumbo,tinto,"Vino Viejo Solar Borgoña Botella 1,25 Lt",VIEJO SOLAR,4,4,https://www.jumbo.com.ar/vino-viejo-solar-borgona-botella-1-25-lt/p
1,Jumbo,tinto,Vino Viento Sur Cab/malbec,VIENTO SUR,27,27,https://www.jumbo.com.ar/vino-viento-sur-cab-malbec/p
1,Jumbo,tinto,Vino Viento Sur Syrah  Botella 750 Cc,VIENTO SUR,16,16,https://www.jumbo.com.ar/vino-viento-sur-syrah-x-750-cc/p
1,Jumbo,tinto,Vino Viento Sur Tempranillo X 750 Cc,VIENTO SUR,17,17,https://www.jumbo.com.ar/vino-viento-sur-tempranillo-x-750-cc/p
1,Jumbo,tinto,Vino Vika Syrah -cabernet,SIN MARCA,8,8,https://www.jumbo.com.ar/vino-vika-syrah-cabernet/p
1,Jumbo,tinto,Vino Viña Amalia Cabernet Sauvignon Rose  Botella 750 Cc,VIÑA AMALIA,32,32,https://www.jumbo.com.ar/vino-vina-amalia-cabernet-sauvignon-rose-botella-750-cc/p
1,Jumbo,tinto,Vino Viña Amalia Malbec Bot 1.5 Lt.,VIÑA AMALIA,69,69,https://www.jumbo.com.ar/vino-vina-amalia-malbec-bot-1-5-lt/p
1,Jumbo,tinto,Vino Viña Amalia Vendimia Tardia  Botella 500 Cc,VIÑA AMALIA,36,36,https://www.jumbo.com.ar/vino-vina-amalia-vendimia-tardia-botella-500-cc/p
1,Jumbo,tinto,Vino Viña De Narvaez Malbec X 750 Cc,NARVAEZ,26,26,https://www.jumbo.com.ar/vino-vina-de-narvaez-malbec-x-750-cc/p
1,Jumbo,tinto,Vino Viña Maipu Malb 750cc,VIÑA MAIPU,8,8,https://www.jumbo.com.ar/vino-vina-maipu-malb-750cc/p
1,Jumbo,tinto,Vino Viñador Del Rey Cabernet Sauvignon 750cc,VIÑADOR DEL REY,353,353,https://www.jumbo.com.ar/vino-vinador-del-rey-cabernet-sauvignon-750cc/p
1,Jumbo,tinto,Vino Viñas D/golf G Blend Barrel,VIÑAS DEL GOLF,35,35,https://www.jumbo.com.ar/vino-vinas-d-golf-g-blend-barrel/p
1,Jumbo,tinto,"Vino Viñas De Balbo Borgoña X 1,25 L",VIÑAS DE BALBO,37,37,https://www.jumbo.com.ar/vino-vinas-de-balbo-borgona-x-1-25-l/p
1,Jumbo,tinto,Vino Viñas De Balbo Cabernet Borgoña Tipo Borgoña Sin Atributo Sin Atributo,VIÑAS DE BALBO,22,22,https://www.jumbo.com.ar/vino-vinas-de-balbo-cabernet-borgona-tipo-borgona-sin-atributo-sin-atributo/p
1,Jumbo,tinto,Vino Viñas De Balbo Cabernet Tipo Cabernet Sin Atributo Sin Atributo,VIÑAS DE BALBO,22,22,https://www.jumbo.com.ar/vino-vinas-de-balbo-cabernet-tipo-cabernet-sin-atributo-sin-atributo/p
1,Jumbo,tinto,Vino Viñas De Narvaez Tinto-reserva-bot-cc.-750,VIÑAS DE NARVAEZ,34,34,https://www.jumbo.com.ar/vino-vinas-de-narvaez-tinto-reserva-bot-cc-750-2/p
1,Jumbo,tinto,Vino Viñas De Orfila Gran Reservado Tinto 750,ORFILA,10,10,https://www.jumbo.com.ar/vino-vinas-de-orfila-gran-reservado-tinto-750/p
1,Jumbo,tinto,Vino Viñas De Orfila Tinto,ORFILA,55,55,https://www.jumbo.com.ar/vino-vinas-de-orfila-tinto-2/p
1,Jumbo,tinto,Vino Viñas De Pocito Tinto Damajuana-dmj-lt.-4.7,VIÑAS DE POCITO,35,35,https://www.jumbo.com.ar/vino-vinas-de-pocito-tinto-damajuana-dmj-lt-4-7/p
1,Jumbo,tinto,Vino Viñas Don Manuel Borgoña  X 700 Sin Atributo Sin Atributo Sin Atributo Sin Atributo,DON MANUEL,,,https://www.jumbo.com.ar/vino-vinas-don-manuel-borgona-x-700-sin-atributo-sin-atributo-sin-atributo-sin-atributo-165274/p
1,Jumbo,tinto,Vino Viniterra Cabernet/malbec,VINITERRA,65,65,https://www.jumbo.com.ar/vino-viniterra-cabernet-malbec-290476/p
1,Jumbo,tinto,Vino Viniterra Pinot Grigio 750cc,VINITERRA,34,34,https://www.jumbo.com.ar/vino-viniterra-pinot-grigio-750cc/p
1,Jumbo,tinto,Vino Vinorum Premium Malbec 750 Cc,AMALIA,898,898,https://www.jumbo.com.ar/vino-vinorum-premium-malbec-750-cc/p
1,Jumbo,tinto,Vino Vistalba X 750 Cc Pie De Monte,PIE DE MONTE,26700,26700,https://www.jumbo.com.ar/vino-vistalba-x-750-cc-pie-de-monte/p
1,Jumbo,tinto,Vino Vit 7 Tazas Galan Variet Carmenere,SIN MARCA,84,84,https://www.jumbo.com.ar/vino-vit-7-tazas-galan-variet-carmenere-2/p
1,Jumbo,tinto,Vino Vit 7 Tazas Guiar Res Priv Cab Sauv,SIN MARCA,35,35,https://www.jumbo.com.ar/vino-vit-7-tazas-guiar-res-priv-cab-sauv/p
1,Jumbo,tinto,Vino Volver  Blend-bot-cc.-750,VOLVER,155,155,https://www.jumbo.com.ar/vino-volver-blend-bot-cc-750/p
1,Jumbo,tinto,Vino Weinert Cos Otoño X500cc,WEINERT,49,49,https://www.jumbo.com.ar/vino-weinert-cos-otono-x500cc/p
1,Jumbo,tinto,Vino Wrongo Dongo Blend-bot-cc.-750,WRONGO DONGO,66,66,https://www.jumbo.com.ar/vino-wrongo-dongo-blend-bot-cc-750/p
1,Jumbo,tinto,Vino X 750 Cc Dante Robino Bonarda,DANTE ROBINO,11028,11028,https://www.jumbo.com.ar/vino-x-750-cc-dante-robino-bonarda/p
1,Jumbo,tinto,Vino X 750 Ccs Pinot Noir,SIN REGLAS,16670,16670,https://www.jumbo.com.ar/vino-x-750-ccs-pinot-noir/p
1,Jumbo,tinto,Vino Xumek Malbec-bot-cc.-750,XUMEK,51,51,https://www.jumbo.com.ar/vino-xumek-malbec-bot-cc-750/p
1,Jumbo,tinto,Vino Yacuil 750cc,YACUIL,111950,111950,https://www.jumbo.com.ar/vino-yacuil-750cc-2/p
1,Jumbo,tinto,Vino Zolo Malbec-bot-cc.-750,ZOLO,75,75,https://www.jumbo.com.ar/vino-zolo-malbec-bot-cc-750-2/p
1,Jumbo,tinto,Vino Zorzal Cabernet Sauvignon Reserva-reserva-bot-cc.-750,ZORZAL,95,95,https://www.jumbo.com.ar/vino-zorzal-cabernet-sauvignon-reserva-reserva-bot-cc-750/p
1,Jumbo,tinto,Vino Zorzal Gran Terroir Cabernet Sauvignon-bot-cc.-750,ZORZAL WINES,272,272,https://www.jumbo.com.ar/vino-zorzal-gran-terroir-cabernet-sauvignon/p
1,Jumbo,tinto,Vino Zorzal Terroir Unico Cabernet Sauvignon-bot-cc.-750,ZORZAL WINES,160,160,https://www.jumbo.com.ar/vino-zorzal-terroir-unico-cabernet-sauvignon/p
1,Jumbo,tinto,Vino Zuccardi Aluvional La Consulta-bot-cc.-750,ZUCCARDI,564,564,https://www.jumbo.com.ar/vino-zuccardi-aluvional-la-consulta-bot-cc-750/p
1,Jumbo,tinto,Vino Zuccardi Concreto Malbec 750cc,ZUCCARDI,52250,52250,https://www.jumbo.com.ar/vino-zuccardi-concreto-malbec-750cc/p
1,Jumbo,tinto,Vino Zuccardi Q Cabernet Franc 750cc,ZUCCARDI,7806,7806,https://www.jumbo.com.ar/vino-zuccardi-q-cabernet-franc-750cc/p
1,Jumbo,tinto,Vino Zuccardi Serie A Malbec X 750 Cc,ZUCCARDI,17700,17700,https://www.jumbo.com.ar/vino-zuccardi-serie-a-malbec-x-750-cc/p
1,Jumbo,tinto,Vino Zumuva Tinto X 1 L Brk 1000 Cc,ZUMUVA,10,10,https://www.jumbo.com.ar/vino-zumuva-tinto-x-1-l-brk-1000-cc/p
1,Jumbo,tinto,Vinocavas Roblemalbec X 750,CAVAS ANDINAS,38,38,https://www.jumbo.com.ar/vinocavas-roblemalbec-x-750/p
1,Jumbo,tinto,Vinos Ampakama Syrah-tannat X 750cc,AMPAKAMA,27,27,https://www.jumbo.com.ar/vinos-ampakama-syrah-tannat-x-750cc/p
1,Jumbo,tinto,Vinos Finos Ampakama Syrah,AMPAKAMA,40,40,https://www.jumbo.com.ar/vinos-finos-ampakama-syrah/p
1,Jumbo,tinto,Vinos Malbec 750 Ml Los Nobles,LOS NOBLES,102900,102900,https://www.jumbo.com.ar/vinos-malbec-750-ml-los-nobles/p
1,ChangoMás,tinto,Vinto Tinto Toro Lacrado Malbec 750cc,Toro,,,https://www.masonline.com.ar/toro-lacrado750cc-2/p
1,Winery,tinto,WAPISA MALBEC &#8211; Caja x 6 X 750 ML,,0,0,https://tiendadevinos.ar/wapisa-malbec-caja-x-6-x-750-ml/
1,Winery,tinto,WEINERT &#8211; CABERNET SAUVIGNON Caja 6X750ML,,0,0,https://tiendadevinos.ar/weinert-cabernet-sauvignon-caja-6x750ml/
1,Winery,tinto,WEINERT MERLOT 2011 Caja x 6X750 ML,,0,0,https://tiendadevinos.ar/weinert-merlot-2011-caja-x-6x750-ml/
1,Winery,tinto,ZOLO BLACK CABERNET FRANC &#8211; Caja x 6 X 750 ML,,74650,74650,https://tiendadevinos.ar/zolo-black-cabernet-franc-caja-x-6-x-750-ml/
1,Winery,tinto,ZUCCARDI CONCRETO MALBEC &#8211; Caja x 6 X 750 ML,,45390,45390,https://tiendadevinos.ar/zuccardi-concreto-malbec-caja-x-6-x-750-ml/
1,Winery,tinto,ZUCCARDI POLIGONOS SAN PABLO MALBEC &#8211; Caja x 6 X 750 ML,,35060,35060,https://tiendadevinos.ar/zuccardi-poligonos-san-pablo-malbec-caja-x-6-x-750-ml/
1,Winery,tinto,ZUCCARDI Q CABERNET FRANC &#8211; Caja x 6 X 750 Ml,,24750,24750,https://tiendadevinos.ar/zuccardi-q-cabernet-franc-caja-x-6-x-750-ml/
1,Winery,tinto,ZUCCARDI Q CABERNET SAUVIGNON Caja x 6 x 750ML,,0,0,https://tiendadevinos.ar/zuccardi-q-cabernet-sauvignon-caja-x-6-x-750ml/
1,Winery,tinto,ZUCCARDI Q MALBEC &#8211; 6 X 750 ML,,24799,24799,https://tiendadevinos.ar/zuccardi-q-malbec-6-x-750-ml/
1,Winery,tinto,ZUCCARDI SERIE A BONARDA &#8211; 6 X 750 ML,,0,0,https://tiendadevinos.ar/zuccardi-serie-a-bonarda-6-x-750-ml/
1,Winery,tinto,ZUCCARDI SERIE A MALBEC &#8211;  Caja x 6 X 750 ML,,17350,17350,https://tiendadevinos.ar/zuccardi-serie-a-malbec-caja-x-6-x-750-ml/
1,Winery,tinto,ZUCCARDI SERIE A SYRAH Caja x 6 x 750ML,,0,0,https://tiendadevinos.ar/zuccardi-serie-a-syrah-caja-x-6-x-750ml/
