presence,retailers,type,name,brand,min_price,max_price,sample_url
5,Éxito; Carulla; Jumbo; Olímpica; Vinos El Kiosco,blanco,Vino blanco CONDES DE ALBAREI albariño Albarino (750  ml),CONDES DE ALBAREI,96600,125990,https://www.exito.com/vbco-albarino-condes-de-albarei-750-ml-588052/p
5,Éxito; Carulla; Jumbo; Olímpica; Dislicores,blanco,Vino blanco TRAPICHE torrontes  (750  ml),TRAPICHE,55990,65990,https://www.exito.com/vino-blanco-broquel-torrontes-trapiche-750-ml-3015082/p
5,Éxito; Carulla; Jumbo; Olímpica; Vinos El Kiosco,espumoso,Champaña VEUVE CLICQUOT brut  (750  ml),VEUVE CLICQUOT,435700,609990,https://www.exito.com/champagne-brut-veuve-clicquot-x-750ml-70707/p
5,Éxito; Carulla; Olímpica; Dislicores; Vinos El Kiosco,espumoso,Vino espumoso CHANDON brut extra  (750  ml),CHANDON,89500,106800,https://www.exito.com/vino-espumoso-extra-brut-x-750ml-778693/p
5,Éxito; Carulla; Olímpica; Dislicores; Vinos El Kiosco,espumoso,Vino espumoso CHANDON demi sec  (750  ml),CHANDON,89500,106500,https://www.exito.com/vino-espumoso-demisec-386930/p
5,Éxito; Carulla; Jumbo; Olímpica; Vinos El Kiosco,tinto,VINO ALIWEN  Cabernet Sauvignon (750  ml),ALIWEN,78643,99000,https://www.exito.com/vino-tinto-reserva-cabernet-syra-x-750ml-742315/p
5,Éxito; Carulla; Jumbo; Olímpica; Vinos El Kiosco,tinto,Vino tinto ALAMOS malbec Malbec (750  ml),ALAMOS,91000,105990,https://www.exito.com/vtinto-malbec-518028/p
5,Éxito; Carulla; Jumbo; Olímpica; Vinos El Kiosco,tinto,Vino tinto ANGELICA ZAPATA malbec  (750  ml),ANGELICA ZAPATA,281200,387900,https://www.exito.com/vino-tinto-malbec-x-750ml-617663/p
5,Éxito; Carulla; Jumbo; Olímpica; Vinos El Kiosco,tinto,Vino tinto CASILLERO DEL DIABLO reserva  (750  ml),CASILLERO DEL DIABLO,44070,90490,https://www.exito.com/vino-red-blend-935793/p
5,Éxito; Carulla; Jumbo; Olímpica; Vinos El Kiosco,tinto,Vino tinto CERRO VERDE merlot  (750  ml),CERRO VERDE,51900,61300,https://www.exito.com/merlot-cerro-verde-750-ml-883151/p
5,Éxito; Carulla; Jumbo; Olímpica; Vinos El Kiosco,tinto,Vino tinto CODICE español  (750  ml),CODICE,75600,94600,https://www.exito.com/vino-tinto-862063/p
5,Éxito; Carulla; Jumbo; Olímpica; Vinos El Kiosco,tinto,Vino tinto FRONTERA malbec  (750  ml),FRONTERA,37800,99900,https://www.exito.com/vino-tinto-malbec-x-750-ml-856738/p
5,Éxito; Carulla; Jumbo; Olímpica; Dislicores,tinto,Vino tinto GATO NEGRO cabernet sauvignon  (375  ml),GATO NEGRO,31750,55100,https://www.exito.com/vino-tinto-gato-negro-x-375ml-869166/p
5,Éxito; Carulla; Jumbo; Olímpica; Dislicores,tinto,Vino tinto JP CHENET merlot Merlot (750  ml),JP CHENET,42400,77990,https://www.exito.com/vino-tinto-merlot-jp-chenet-x-750ml-304718/p
5,Éxito; Carulla; Jumbo; Olímpica; Dislicores,tinto,Vino tinto LA CELIA malbec  (750  ml),LA CELIA,74990,87990,https://www.exito.com/vino-tinto-malbec-910015/p
5,Éxito; Carulla; Jumbo; Olímpica; Dislicores,tinto,Vino tinto LA HUERTA merlot Merlot (750  ml),LA HUERTA,39990,47990,https://www.exito.com/vino-tinto-merlot-la-huerta-x-750ml-64262/p
5,Éxito; Carulla; Jumbo; Olímpica; Dislicores,tinto,Vino tinto LAS MORAS malbec Malbec (750  ml),LAS MORAS,61400,80990,https://www.exito.com/vino-tinto-argentino-malbec-x-750ml-212171/p
5,Éxito; Carulla; Jumbo; Olímpica; Dislicores,tinto,Vino tinto LAS MORAS orgánico Malbec (750  ml),LAS MORAS,71500,83990,https://www.exito.com/vinoorganicolasmorasmalbec-24140/p
5,Éxito; Carulla; Jumbo; Olímpica; Vinos El Kiosco,tinto,Vino tinto LAZO merlot Merlot (750  ml),LAZO,35600,50400,https://www.exito.com/vino-tinto-merlot-botella-x-750-ml-258099/p
5,Éxito; Carulla; Jumbo; Olímpica; Vinos El Kiosco,tinto,Vino tinto MARQUES DE RISCAL tempranillo Tempranillo (750  ml),MARQUES DE RISCAL,62465,346800,https://www.exito.com/vino-tinto-tempranillo-x-750ml-374597/p
5,Éxito; Carulla; Jumbo; Olímpica; Vinos El Kiosco,tinto,Vino tinto NORTON malbec Malbec (750  ml),NORTON,45467,86800,https://www.exito.com/vino-tinto-malbec-x-750ml-408750/p
5,Éxito; Carulla; Jumbo; Olímpica; Vinos El Kiosco,tinto,Vino tinto PORTILLO tinto merlot Merlot (750  ml),PORTILLO,54600,71200,https://www.exito.com/vino-tinto-merlot-684435/p
5,Éxito; Carulla; Jumbo; Olímpica; Vinos El Kiosco,tinto,Vino tinto PROTOS ribera duero  (750  ml),PROTOS,82900,253990,https://www.exito.com/vino-tinto-roble-ribera-del-duero-x-750ml-374598/p
5,Éxito; Carulla; Jumbo; Olímpica; Dislicores,tinto,Vino tinto SANTA CAROLINA carmenére Carmenere (750  ml),SANTA CAROLINA,50700,86990,https://www.exito.com/vino-tinto-carmenere-reservado-x-750ml-449324/p
5,Éxito; Carulla; Jumbo; Olímpica; Dislicores,tinto,Vino tinto SANTA HELENA merlot Merlot (750  ml),SANTA HELENA,48400,65500,https://www.exito.com/vino-tinto-merlot-x-750ml-236061/p
5,Éxito; Carulla; Jumbo; Olímpica; Vinos El Kiosco,tinto,Vino tinto SANTA RITA 120 cabernet reserva especial Carmenere (750  ml),SANTA RITA 120,47950,76990,https://www.exito.com/vino-tinto-santa-rita-120-carmenere-750-ml-385166/p
5,Éxito; Carulla; Jumbo; Olímpica; Vinos El Kiosco,tinto,Vino tinto SANTIAGO 1541 carmenere Carmenere (750  ml),SANTIAGO 1541,38080,83990,https://www.exito.com/vino-tinto-carmenere-santiago-1541-750-ml-3075460/p
5,Éxito; Carulla; Jumbo; Olímpica; Vinos El Kiosco,tinto,Vino tinto SEPTIMA malbec Malbec (750  ml),SEPTIMA,67800,98990,https://www.exito.com/vino-tinto-malbec-septima-x-750ml-746853/p
5,Éxito; Carulla; Jumbo; Olímpica; Vinos El Kiosco,tinto,Vino tinto SIBARIS gran reserva merlot Merlot (750  ml),SIBARIS,94080,123200,https://www.exito.com/vino-tinto-merlot-reserva-especial-x-750ml-86044/p
5,Éxito; Carulla; Jumbo; Olímpica; Dislicores,tinto,Vino tinto TARAPACA merlot  (750  ml),TARAPACA,65900,84000,https://www.exito.com/vino-varietal-merlot-935273/p
5,Éxito; Carulla; Jumbo; Olímpica; Dislicores,tinto,Vino tinto TRAPICHE malbec broquel Malbec (750  ml),TRAPICHE,102000,125200,https://www.exito.com/vino-tinto-malbec-broquel-x-750-ml-449314/p
5,Éxito; Carulla; Jumbo; Olímpica; Dislicores,tinto,Vino tinto TRAPICHE merlot Merlot (750  ml),TRAPICHE,58800,78500,https://www.exito.com/vino-tinto-merlot-varietal-x-750ml-301467/p
5,Éxito; Carulla; Jumbo; Olímpica; Dislicores,tinto,Vino tinto YELLOW TAIL merlot  (750  ml),YELLOW TAIL,59990,67700,https://www.exito.com/vino-tinto-merlot-casella-x-750-ml-589027/p
4,Éxito; Carulla; Olímpica; Vinos El Kiosco,blanco,Vino blanco ARGENTO pinot grigio  (750  ml),ARGENTO,48550,71500,https://www.exito.com/vino-bco-pinot-grigio-742594/p
4,Éxito; Carulla; Olímpica; Dislicores,blanco,Vino MUGA   (750  ml),MUGA,166800,208990,https://www.exito.com/vino-blanco-viura-malvasia-376747/p
4,Éxito; Carulla; Dislicores; Vinos El Kiosco,espumoso,Champagne VEUVE CLICQUOT rich  (750  ml),VEUVE CLICQUOT,482600,591500,https://www.exito.com/champagne-rich-617746/p
4,Éxito; Carulla; Jumbo; Olímpica,espumoso,Champaña MOET CHANDON brut imperial  (750  ml),MOET CHANDON,459900,531990,https://www.exito.com/champagne-brut-imperial-x-750ml-920400/p
4,Éxito; Carulla; Jumbo; Olímpica,espumoso,Vino ALTEZA Espumoso  (750  ml),ALTEZA,35450,48990,https://www.exito.com/vino-rosado-espumoso-rosado-alteza-x-750ml-236056/p
4,Éxito; Carulla; Olímpica; Dislicores,espumoso,Vino blanco PICCINI lambrusco  (750  ml),PICCINI,52500,62200,https://www.exito.com/vino-blanco-lambrusco-piccini-750-mililitro-3004896/p
4,Éxito; Carulla; Olímpica; Vinos El Kiosco,espumoso,Vino blanco UNDURRAGA brut espumoso deluxe  (750  ml),UNDURRAGA,76080,98500,https://www.exito.com/vino-espumoso-extra-brut-x-750ml-868610/p
4,Éxito; Carulla; Jumbo; Olímpica,espumoso,Vino espumoso BARON DE ROTHBERG brut  (750  ml),BARON DE ROTHBERG,45400,46990,https://www.exito.com/vino-rosado-baron-de-rothberg-botella-x-750ml-32541/p
4,Éxito; Carulla; Jumbo; Vinos El Kiosco,espumoso,Vino espumoso CHANDON rosé  (187  ml),CHANDON,102990,111700,https://www.exito.com/vino-espumoso-rose-chandon-baby-x-187ml-845050/p
4,Éxito; Carulla; Olímpica; Dislicores,espumoso,Vino espumoso FREIXENET cordon negro  (750  ml),FREIXENET,103990,147000,https://www.exito.com/cava-cordon-negro-70845/p
4,Éxito; Carulla; Jumbo; Olímpica,espumoso,Vino espumoso JP CHENET espumoso ice edition Chardonnay (750  ml),JP CHENET,46995,69400,https://www.exito.com/vino-espumoso-ice-edition-demi-sec-x-750ml-455425/p
4,Éxito; Carulla; Olímpica; Dislicores,espumoso,Vino espumoso RIVAROSE brut  (750  ml),RIVAROSE,114990,131100,https://www.exito.com/vino-espumoso-brut-x-750-ml-15157/p
4,Éxito; Carulla; Olímpica; Vinos El Kiosco,espumoso,Vino rosado CODORNIU brut espumoso  (750  ml),CODORNIU,102150,150500,https://www.exito.com/vino-espumoso-rosado-cava-brut-rose-x-750ml-536423/p
4,Éxito; Carulla; Olímpica; Vinos El Kiosco,tinto,Vino ARGENTO  Malbec (750  ml),ARGENTO,66600,122200,https://www.exito.com/vino-tinto-malbec-arge-518029/p
4,Éxito; Carulla; Olímpica; Vinos El Kiosco,tinto,Vino MONTERIO   (750  ml),MONTERIO,53000,64300,https://www.exito.com/vino-tinto-tempranillo-x-750-ml-426663/p
4,Éxito; Carulla; Olímpica; Vinos El Kiosco,tinto,Vino SANTA ANA  Malbec (750  ml),SANTA ANA,53000,108900,https://www.exito.com/vtinto-reserva-malbec-744882/p
4,Éxito; Carulla; Jumbo; Dislicores,tinto,Vino SANTA CAROLINA Tinto Assemblage  (750  ml),SANTA CAROLINA,74990,86990,https://www.exito.com/vino-tinto-assemblage-santa-carolina-750-mililitro-3007690/p
4,Éxito; Carulla; Olímpica; Vinos El Kiosco,tinto,Vino tinto ALTAS CUMBRES malbec Malbec (750  ml),ALTAS CUMBRES,80640,113800,https://www.exito.com/vino-tinto-malbec-459789/p
4,Éxito; Carulla; Jumbo; Vinos El Kiosco,tinto,Vino tinto ALTO LOS CARNEROS reserva merlot Merlot (750  ml),ALTO LOS CARNEROS,42480,75990,https://www.exito.com/vino-reserva-merlot-935293/p
4,Éxito; Carulla; Olímpica; Dislicores,tinto,Vino tinto CASTILLO DE MOLINA gran reserva merlot Merlot (750  ml),CASTILLO DE MOLINA,89500,99000,https://www.exito.com/vino-tinto-merlot-castillo-x-750ml-349818/p
4,Éxito; Carulla; Olímpica; Vinos El Kiosco,tinto,Vino tinto CONDESA DE LEGANZA tempranillo  (750  ml),CONDESA DE LEGANZA,73425,91000,https://www.exito.com/vino-tinto-tempranillo-condesa-de-leganza-750-mililitro-500852/p
4,Éxito; Carulla; Olímpica; Dislicores,tinto,Vino tinto DADA cabernet #3  (750  ml),DADA,67500,83500,https://www.exito.com/vino-tinto-cabernet-syrah-dada-x-750-ml-597563/p
4,Éxito; Carulla; Olímpica; Vinos El Kiosco,tinto,Vino tinto DON MELCHOR  Cabernet Sauvignon (750  ml),DON MELCHOR,752100,1016300,https://www.exito.com/vino-tinto-chileno-don-melchor-x-750ml-879724/p
4,Éxito; Carulla; Olímpica; Dislicores,tinto,Vino tinto DON SIMON tempranillo  (750  ml),DON SIMON,24990,30500,https://www.exito.com/vino-tinto-seleccion-don-simon-x-750ml-864864/p
4,Éxito; Carulla; Olímpica; Vinos El Kiosco,tinto,Vino tinto FAUSTINO crianza Tempranillo (750  ml),FAUSTINO,111540,167830,https://www.exito.com/vino-tinto-crianza-x-750-ml-426675/p
4,Éxito; Carulla; Jumbo; Vinos El Kiosco,tinto,Vino tinto GARZON reserva tannat  (750  ml),GARZON,137500,209990,https://www.exito.com/vino-tinto-reserva-tannat-garzon-750-ml-3025641/p
4,Éxito; Carulla; Olímpica; Vinos El Kiosco,tinto,Vino tinto HEREFORD malbec  (750  ml),HEREFORD,46410,61900,https://www.exito.com/vino-tinto-malbec-x-750-ml-521306/p
4,Éxito; Carulla; Olímpica; Vinos El Kiosco,tinto,Vino tinto KILLKA malbec Malbec (750  ml),KILLKA,75480,102400,https://www.exito.com/vino-tinto-malbec-x-750ml-264466/p
4,Éxito; Carulla; Olímpica; Dislicores,tinto,Vino tinto LA CELIA malbec cabernet franc  (750  ml),LA CELIA,74990,85100,https://www.exito.com/vino-tinto-malbec-cabernet-fra-910017/p
4,Éxito; Carulla; Olímpica; Vinos El Kiosco,tinto,Vino tinto LAGARDE merlot Merlot (750  ml),LAGARDE,120050,160800,https://www.exito.com/vino-tinto-merlot-104650/p
4,Éxito; Carulla; Jumbo; Olímpica,tinto,Vino tinto MARQUES DE CASA CONCHA merlot Merlot (750  ml),MARQUES DE CASA CONCHA,179990,201900,https://www.exito.com/vino-tinto-merlot-marques-x-750ml-579506/p
4,Éxito; Carulla; Jumbo; Vinos El Kiosco,tinto,Vino tinto MARQUES DE LA COLINA malbec Malbec (750  ml),MARQUES DE LA COLINA,27040,47800,https://www.exito.com/vino-argentino-malbec-marques-de-la-colina-750-ml-3072878/p
4,Éxito; Carulla; Olímpica; Dislicores,tinto,Vino tinto PICCINI chianti docg  (750  ml),PICCINI,47400,97000,https://www.exito.com/vino-tinto-tuscany-chianti-x-750ml-109948/p
4,Éxito; Carulla; Olímpica; Dislicores,tinto,Vino tinto RAMON BILBAO crianza Tempranillo (750  ml),RAMON BILBAO,83500,92000,https://www.exito.com/crianza-ramon-bilbao-750-mililitro-15151/p
4,Éxito; Carulla; Jumbo; Olímpica,tinto,Vino tinto SALENTEIN cabernet reserva Cabernet Sauvignon (750  ml),SALENTEIN,159150,208990,https://www.exito.com/vino-tinto-cabernet-reserva-x-750ml-403225/p
4,Éxito; Carulla; Jumbo; Olímpica,tinto,Vino tinto TERRA VEGA reserva Cabernet Sauvignon (750  ml),TERRA VEGA,54990,77900,https://www.exito.com/vino-tinto-reserva-terra-vega-750-ml-3044255/p
4,Éxito; Carulla; Jumbo; Olímpica,tinto,Vino tinto TRIVENTO malbec golden reserve Malbec (750  ml),TRIVENTO,183700,192990,https://www.exito.com/vino-tinto-golden-reserva-malbec-botella-x-750-ml-352407/p
4,Éxito; Carulla; Jumbo; Olímpica,tinto,Vino tinto UNDURRAGA cabernet sauvignon Cabernet Sauvignon (750  ml),UNDURRAGA,43850,79943,https://www.exito.com/vino-tinto-cabernet-sauvignon-x-750ml-70804/p
4,Éxito; Carulla; Jumbo; Olímpica,tinto,Vino VALDIVIESO   (750  ml),VALDIVIESO,77000,378800,https://www.exito.com/tto-grand-cru-limari-cabloco-749994/p
3,Éxito; Carulla; Olímpica,blanco,VINO BLANC.COLECCION TORRONTES MICHEL TORINO 375 ml,MICHEL TORINO,65300,65300,https://www.exito.com/vino-blanccoleccion-torrontes-120949/p
3,Éxito; Carulla; Vinos El Kiosco,blanco,Vino Blanco Brisa Sauvigñon VISTAMAR 750 ml,VISTAMAR,54300,54300,https://www.exito.com/vino-blanco-brisa-sauvigon-vistamar-750-ml-583692/p
3,Éxito; Carulla; Vinos El Kiosco,blanco,Vino blanco CASTILLO DE LIRIA sauvignon blanc Sauvignon (750  ml),CASTILLO DE LIRIA,32410,72500,https://www.exito.com/vino-blanco-castillo-de-liria-botella-x-750-ml-688080/p
3,Jumbo; Olímpica; Vinos El Kiosco,blanco,Vino Blanco El Enemigo Chardonnay 750 ml,EL ENEMIGO,231100,266990,https://www.jumbocolombia.com/vino-blanco-el-enemigo-chardonnay-750-ml-260516/p
3,Éxito; Carulla; Olímpica,blanco,Vino blanco FINCA LA ESCONDIDA torrontés  (750  ml),FINCA LA ESCONDIDA,43120,44100,https://www.exito.com/vino-blanco-torrontes-varietal-x-750ml-261979/p
3,Éxito; Carulla; Vinos El Kiosco,blanco,Vino blanco GEORGES DUBOEUF macon villages Chardonnay (750  ml),GEORGES DUBOEUF,155700,204750,https://www.exito.com/vino-macon-villages-georges-duboeuf-750-mililitro-944512/p
3,Éxito; Carulla; Jumbo,blanco,Vino blanco MARQUES DE RISCAL rueda Verdejo (750  ml),MARQUES DE RISCAL,71437,92120,https://www.exito.com/vino-blanco-rueda-x-750ml-916853/p
3,Éxito; Carulla; Olímpica,blanco,Vino blanco MOUTON CADET sauvignon bordeaux Sauvignon Blanc (750  ml),MOUTON CADET,151125,183800,https://www.exito.com/vino-blanco-sauvignon-bordeaux-x-750-ml-567181/p
3,Éxito; Carulla; Jumbo,blanco,Vino blanco RAMON BILBAO rueda Verdejo (750  ml),RAMON BILBAO,89200,93900,https://www.exito.com/verdejo-ramon-bilbao-750-mililitro-15152/p
3,Éxito; Carulla; Vinos El Kiosco,blanco,Vino blanco TORRES viña esmeralda  (375  ml),TORRES,84500,84500,https://www.exito.com/vbco-vina-esmeralda-torres-375-ml-250976/p
3,Éxito; Carulla; Jumbo,blanco,Vino blanco UGALDE rioja Tempranillo (750  ml),UGALDE,91900,108990,https://www.exito.com/vino-blanco-ugalde-750-ml-3137858/p
3,Éxito; Carulla; Vinos El Kiosco,blanco,Vino MARTIN CODAX  (750  ml),MARTIN CODAX,114100,114100,https://www.exito.com/vino-espanol-albarino-martin-codax-750-ml-3099044/p
3,Éxito; Carulla; Dislicores,blanco,Vino MICHEL TORINO  Torrontes (750  ml),MICHEL TORINO,58990,58990,https://www.exito.com/vino-blanco-torrontes-reserva-x-750ml-746652/p
3,Éxito; Carulla; Vinos El Kiosco,espumoso,Champaña DOM PERIGNON rosé  (750  ml),DOM PERIGNON,2453300,2453300,https://www.exito.com/champagne-rose-dom-perignon-750-ml-536706/p
3,Éxito; Carulla; Olímpica,espumoso,Champaña MOET CHANDON ice imperial  (750  ml),MOET CHANDON,554900,559800,https://www.exito.com/champagne-ice-imperial-617745/p
3,Éxito; Carulla; Olímpica,espumoso,Vino blanco ANDRE brut espumoso  (750  ml),ANDRE,49150,56800,https://www.exito.com/vino-espumoso-brut-x-750-ml-755901/p
3,Éxito; Carulla; Olímpica,espumoso,Vino blanco FRIZZANTINO brut espumoso  (750  ml),FRIZZANTINO,31200,32500,https://www.exito.com/espumante-brut-blanco-frizzantino-750-ml-95120/p
3,Éxito; Carulla; Olímpica,espumoso,Vino blanco SANTIAGO 1541 espumoso demi sec Chardonnay (750  ml),SANTIAGO 1541,49140,75000,https://www.exito.com/vino-espumoso-demi-sec-santiago-1541-750-ml-3033504/p
3,Éxito; Carulla; Olímpica,espumoso,Vino espumoso BARON DE ROTHBERG demi sec  (750  ml),BARON DE ROTHBERG,43600,45800,https://www.exito.com/vino-espumante-demisec-x-750ml-32542/p
3,Éxito; Carulla; Jumbo,espumoso,Vino espumoso BARON DE VALLS blanc ice Chardonnay (750  ml),BARON DE VALLS,37310,57990,https://www.exito.com/espumoso-ice-blanco-baron-de-valls-750-ml-3126144/p
3,Olímpica; Dislicores; Vinos El Kiosco,espumoso,Vino Espumoso Blanco Chandon Délice 750 Ml,Chandon,89500,114600,https://www.olimpica.com/vino-espumoso-chandon-demsec-blanco-del-750ml-7790975003139-1067377/p
3,Éxito; Carulla; Olímpica,espumoso,Vino espumoso CASA DEL RHIN rosado katich  (750  ml),CASA DEL RHIN,19600,19600,https://www.exito.com/vino-espumoso-rosado-katich-x-750ml-461722/p
3,Éxito; Carulla; Olímpica,espumoso,Vino espumoso CHANDON espumoso  (750  ml),CHANDON,92400,98000,https://www.exito.com/vino-espumoso-rose-chandonnay-x-750ml-845048/p
3,Éxito; Carulla; Olímpica,espumoso,Vino espumoso JP CHENET demi sec  (750  ml),JP CHENET,43745,71100,https://www.exito.com/vino-espumoso-sparkling-demisec-x-750ml-448608/p
3,Éxito; Carulla; Olímpica,espumoso,Vino espumoso ORO VENETO prosecco  (750  ml),ORO VENETO,91000,96800,https://www.exito.com/prosecco-oro-veneto-oro-veneto-750-ml-924192/p
3,Éxito; Carulla; Jumbo,espumoso,Vino espumoso PARIS NUIT brut Chardonnay (750  ml),PARIS NUIT,63900,66990,https://www.exito.com/vino-paris-de-niut-brut-concha-y-toro-750-ml-3131122/p
3,Éxito; Carulla; Jumbo,espumoso,Vino espumoso PARIS NUIT rosé Pinot Noir (750  ml),PARIS NUIT,66500,66990,https://www.exito.com/vino-paris-de-niut-rose-concha-y-toro-750-ml-3131124/p
3,Éxito; Carulla; Jumbo,espumoso,Vino espumoso SAINT LOUIS rosé  (750  ml),SAINT LOUIS,38150,59990,https://www.exito.com/vino-espumoso-brut-rose-saint-louis-750-ml-3099049/p
3,Éxito; Carulla; Olímpica,espumoso,Vino espumoso SANTA MARGHERITA rosé Chardonnay (750  ml),SANTA MARGHERITA,165800,201600,https://www.exito.com/vino-rose-espumante-santa-marg-1002866/p
3,Éxito; Carulla; Vinos El Kiosco,espumoso,Vino espumoso TAITTINGER prestige rose  (750  ml),TAITTINGER,528800,637575,https://www.exito.com/vino-prestige-rose-taittinger-750-mililitro-219401/p
3,Éxito; Carulla; Dislicores,espumoso,Vino Rosado JAUME SERRA Tempranillo (750  ml),JAUME SERRA,55990,83400,https://www.exito.com/vino-rose-brut-ice-jaume-serra-750-mililitro-3004611/p
3,Éxito; Carulla; Olímpica,espumoso,Vino rosado MEDICI ERMETE lambrusco  (750  ml),MEDICI ERMETE,34790,46500,https://www.exito.com/vino-tinto-rosado-lambrusco-botella-x-750ml-322266/p
3,Éxito; Jumbo; Olímpica,rosado,Vino CASTILLO DE LIRIA Rosado Bobal (750  ml),CASTILLO DE LIRIA,50550,50990,https://www.exito.com/vino-espanol-rosado-x-750-ml-745324/p
3,Éxito; Carulla; Vinos El Kiosco,rosado,Vino espumoso FRONTERA rosé Syrah (750  ml),FRONTERA,35925,47600,https://www.exito.com/vino-spritzer-rose-frontera-750-ml-3144768/p
3,Éxito; Carulla; Jumbo,rosado,Vino MIONETTO   (750  ml),MIONETTO,95800,95800,https://www.exito.com/vino-rosa-extdry-prestige-739908/p
3,Éxito; Carulla; Vinos El Kiosco,rosado,Vino rosado ALAMOS malbec rose  (750  ml),ALAMOS,85100,104100,https://www.exito.com/vrose-774065/p
3,Éxito; Carulla; Jumbo,rosado,Vino rosado LAS MORAS syrah Syrah Rosé (750  ml),LAS MORAS,62400,67990,https://www.exito.com/vino-syrah-rose-las-moras-x-750ml-836735/p
3,Éxito; Carulla; Vinos El Kiosco,rosado,Vino rosado MARQUES DE CACERES cosecha  (750  ml),MARQUES DE CACERES,94600,115900,https://www.exito.com/vrosado-cosecha-403333/p
3,Éxito; Carulla; Vinos El Kiosco,rosado,Vino rosado NORTON mil rosas Malbec (750  ml),NORTON,42675,56900,https://www.exito.com/vino-rosado-de-merlot-x-750-ml-376621/p
3,Éxito; Carulla; Jumbo,rosado,Vino rosado SEGU OLLE tetrapack  (1000  ml),SEGU OLLE,32450,33990,https://www.exito.com/vino-rosado-tetra-x-1000ml-97916/p
3,Éxito; Carulla; Dislicores,tinto,Vino 1865  Malbec (750  ml),1865,151500,151500,https://www.exito.com/vino-tinto-1865-reserva-malbec-x-750ml-448605/p
3,Éxito; Carulla; Olímpica,tinto,Vino CONQUESTA  Cabernet Sauvignon (750  ml),CONQUESTA,25900,25900,https://www.exito.com/vino-tinto-cabernet-savignon-conquesta-750-ml-3044256/p
3,Éxito; Carulla; Jumbo,tinto,Vino DE MARTINO Cabernet Sauvignon (750  ml),DE MARTINO,101990,101990,https://www.exito.com/vino-de-martino-cabernet-sauvignon-750-ml-3179340/p
3,Éxito; Carulla; Vinos El Kiosco,tinto,Vino DECOY Cabernet Sauvignon (750  ml),DECOY,149400,149400,https://www.exito.com/vino-decoy-cabernet-sauvignon-750-ml-3180989/p
3,Éxito; Carulla; Vinos El Kiosco,tinto,Vino DIEGO MURILLO   (750  ml),DIEGO MURILLO,67300,67300,https://www.exito.com/vtto-merlot-2010-872317/p
3,Éxito; Carulla; Vinos El Kiosco,tinto,Vino DONA DOMINGA tinto Carmenere (750  ml),DONA DOMINGA,53000,53000,https://www.exito.com/vino-tinto-carmenere-x-750-ml-739450/p
3,Éxito; Carulla; Olímpica,tinto,Vino DORY Tinto Syrah Merlot (750  ml),DORY,109800,125700,https://www.exito.com/vino-tinto-syrah-750-ml-1002867/p
3,Jumbo; Olímpica; Vinos El Kiosco,tinto,Vino Garzon Tinto Cabernet de Corte 750 ml,GARZON,111300,150990,https://www.jumbocolombia.com/vino-garzon-tinto-cabernet-de-corte-750-ml-210370/p
3,Éxito; Carulla; Vinos El Kiosco,tinto,Vino HUMBERTO CANALE ESTATE   (750  ml),HUMBERTO CANALE ESTATE,82700,99800,https://www.exito.com/vino-black-river-merlot-humberto-canale-estate-750-ml-3124876/p
3,Éxito; Carulla; Vinos El Kiosco,tinto,Vino JOFFRE E HIJAS  Malbec (750  ml),JOFFRE E HIJAS,123200,123200,https://www.exito.com/vtinto-malbec-pasion-4-joffre-e-hijas-750-ml-688845/p
3,Éxito; Carulla; Vinos El Kiosco,tinto,Vino LA MONTESA Tinto Tempranillo (750  ml),LA MONTESA,152500,152500,https://www.exito.com/vino-la-montesa-tempranillo-750-ml-3179341/p
3,Éxito; Carulla; Olímpica,tinto,Vino LOS VASCOS   (750  ml),LOS VASCOS,85800,101400,https://www.exito.com/vino-tinto-grande-reserva-x-750ml-405395/p
3,Éxito; Carulla; Dislicores,tinto,Vino LUIGI BOSCA  (750  ml),LUIGI BOSCA,105500,105500,https://www.exito.com/vtinto-fl-smart-blend-luigi-bosca-750-ml-748838/p
3,Éxito; Carulla; Dislicores,tinto,Vino MAYOR DE CASTILLA   (750  ml),MAYOR DE CASTILLA,115990,115990,https://www.exito.com/vino-tinto-crianza-mayor-de-castillo-x-750ml-744604/p
3,Éxito; Carulla; Dislicores,tinto,Vino MICHEL TORINO   (750  ml),MICHEL TORINO,58990,58990,https://www.exito.com/vtto-mt-tradicional-malbec-848571/p
3,Éxito; Carulla; Olímpica,tinto,Vino MISTERIO  Malbec (750  ml),MISTERIO,74350,74350,https://www.exito.com/vino-tinto-malbec-x-750ml-92605/p
3,Éxito; Carulla; Vinos El Kiosco,tinto,Vino MONTGRAS  Merlot (750  ml),MONTGRAS,90700,90700,https://www.exito.com/vino-tinto-merlot-montgras-750-mililitro-363570/p
3,Éxito; Carulla; Vinos El Kiosco,tinto,Vino PESQUERA   (750  ml),PESQUERA,247600,359800,https://www.exito.com/vino-tinto-crianza-pesquera-750-mililitro-315895/p
3,Éxito; Carulla; Vinos El Kiosco,tinto,Vino SAN FELIPE  Malbec (750  ml),SAN FELIPE,49300,49300,https://www.exito.com/vino-tinto-malbec-trumpeter-x-750ml-518023/p
3,Jumbo; Olímpica; Vinos El Kiosco,tinto,Vino Sangre de Toro Tinto Torres 750ml,SANGRE DE TORO,46100,94990,https://www.jumbocolombia.com/vino-sangre-de-toro-tinto-torres-750ml-8242/p
3,Jumbo; Olímpica; Dislicores,tinto,Vino Santa Carolina Tinto Reservado Merlot 750ml,SANTA CAROLINA,51000,57990,https://www.jumbocolombia.com/vino-santa-carolina-tinto-reservado-merlot-750ml-83915/p
3,Éxito; Carulla; Jumbo,tinto,Vino tinto CALLIA malbec Malbec (750  ml),CALLIA,53325,76990,https://www.exito.com/vino-tinto-malbec-callia-750-ml-3148484/p
3,Jumbo; Olímpica; Vinos El Kiosco,tinto,Vino Tinto Catena Malbec 750ml,CATENA,144300,176990,https://www.jumbocolombia.com/vino-tinto-catena-malbec-750ml-41446/p
3,Jumbo; Olímpica; Vinos El Kiosco,tinto,Vino Tinto Catena Malbec Alta 750ml,CATENA,170660,423990,https://www.jumbocolombia.com/vino-tinto-catena-malbec-alta-750ml-41447/p
3,Éxito; Carulla; Olímpica,tinto,VINO TINTO COLECCION MALBEC MICHEL TORINO 375 ml,MICHEL TORINO,65300,65300,https://www.exito.com/vino-tinto-coleccion-malbec-120947/p
3,Jumbo; Olímpica; Dislicores,tinto,Vino Tinto Cousino Macul Merlot Don Luis 750ml,COUSINO MACUL,70500,78990,https://www.jumbocolombia.com/vino-tinto-cousino-macul-merlot-don-luis-750ml-58274/p
3,Éxito; Carulla; Jumbo,tinto,Vino tinto CUATRO CUMBRES tetrapack  (1000  ml),CUATRO CUMBRES,29450,31990,https://www.exito.com/vino-tinto-4-cumbres-tetrapack-x-1000ml-236049/p
3,Éxito; Carulla; Dislicores,tinto,Vino tinto DADA #1  (750  ml),DADA,67500,82200,https://www.exito.com/vino-tinto-bonarda-malbec-dada-x-750-ml-597561/p
3,Éxito; Carulla; Dislicores,tinto,Vino tinto DADA merlot #2  (750  ml),DADA,67500,82100,https://www.exito.com/vino-tinto-merlot-dada-x-750-ml-597562/p
3,Éxito; Carulla; Jumbo,tinto,Vino tinto DONA PAULA LOS CARDOS malbec Malbec (750  ml),DONA PAULA LOS CARDOS,63990,99900,https://www.exito.com/vino-tto-malbec-estate-dona-paula-los-cardos-750-ml-403226/p
3,Jumbo; Olímpica; Vinos El Kiosco,tinto,Vino Tinto El Enemigo Cabernet Franc 750ml,EL ENEMIGO,230900,277990,https://www.jumbocolombia.com/vino-tinto-el-enemigo-cabernet-franc-750ml-117389/p
3,Éxito; Carulla; Olímpica,tinto,Vino tinto EMBAJADOR chileno  (750  ml),EMBAJADOR,20150,26800,https://www.exito.com/vino-tinto-embajador-x-750ml-vincorte-750-ml-311570/p
3,Éxito; Carulla; Olímpica,tinto,Vino tinto FINCA LA ESCONDIDA malbec reserva Malbec (750  ml),FINCA LA ESCONDIDA,43330,102800,https://www.exito.com/vino-tinto-malbec-reserva-x-750ml-400029/p
3,Éxito; Carulla; Vinos El Kiosco,tinto,Vino tinto GEORGES DUBOEUF cótes du rhone  (750  ml),GEORGES DUBOEUF,108900,112425,https://www.exito.com/vino-cotes-du-rhone-georges-duboeuf-750-mililitro-944513/p
3,Éxito; Carulla; Vinos El Kiosco,tinto,Vino tinto GEORGES DUBOEUF moulin a vent  (750  ml),GEORGES DUBOEUF,157000,157000,https://www.exito.com/vino-moulin-a-vent-georges-duboeuf-750-mililitro-944510/p
3,Éxito; Carulla; Olímpica,tinto,Vino tinto INDOMITA merlot gran reserva  (750  ml),INDOMITA,42050,99050,https://www.exito.com/vino-tinto-gran-reserva-merlot-x-750-ml-745570/p
3,Jumbo; Olímpica; Dislicores,tinto,Vino Tinto La Celia Malbec Pioneer 750ml,LA CELIA,108500,126990,https://www.jumbocolombia.com/vino-tinto-la-celia-malbec-pioneer-750ml-8626/p
3,Éxito; Carulla; Dislicores,tinto,Vino tinto LA CELIA supremo  (750  ml),LA CELIA,395500,395500,https://www.exito.com/vino-tinto-supremo-x-750ml-845770/p
3,Éxito; Carulla; Jumbo,tinto,Vino tinto LA MALDITA rioja Garnacha (750  ml),LA MALDITA,104590,107200,https://www.exito.com/vino-el-coto-garnacha-750-ml-3179326/p
3,Éxito; Carulla; Jumbo,tinto,Vino tinto LA MASCOTA cabernet Cabernet Sauvignon (750  ml),LA MASCOTA,109900,117990,https://www.exito.com/vino-cabernet-sauvignon-la-mascota-750-ml-3132661/p
3,Éxito; Carulla; Vinos El Kiosco,tinto,Vino tinto LAN reserva Tempranillo (750  ml),LAN,107600,162525,https://www.exito.com/vino-tinto-rioja-reserva-lan-x-750ml-268351/p
3,Éxito; Carulla; Olímpica,tinto,Vino tinto MAIPO cabernet sauvignon  (750  ml),MAIPO,29280,42500,https://www.exito.com/vino-tinto-chileno-maipo-x-750ml-519212/p
3,Éxito; Carulla; Dislicores,tinto,Vino Tinto Malbec + Vino Piba LAS MORAS 750 ml,LAS MORAS,17990,17990,https://www.exito.com/vino-tinto-malbec-vino-piba-las-moras-750-ml-3025131/p
3,Éxito; Carulla; Vinos El Kiosco,tinto,Vino tinto MARQUES DE CACERES crianza  (750  ml),MARQUES DE CACERES,132700,268800,https://www.exito.com/v-tinto-crianza-886113/p
3,Éxito; Carulla; Jumbo,tinto,Vino tinto MARQUES DE CASA CONCHA heritage Cabernet Sauvignon (750  ml),MARQUES DE CASA CONCHA,402500,410190,https://www.exito.com/vino-heritage-marques-de-casa-concha-750-ml-3129091/p
3,Éxito; Carulla; Olímpica,tinto,Vino tinto MARQUES DE RISCAL rioja Tempranillo (750  ml),MARQUES DE RISCAL,42375,134355,https://www.exito.com/vino-tinto-albacora-marques-de-riscal-750-ml-3074532/p
3,Éxito; Carulla; Olímpica,tinto,Vino Tinto Merlot LEYENDA  Merlot (375  ml),LEYENDA,42400,55000,https://www.exito.com/vino-tinto-merlot-leyenda-375-ml-3081690/p
3,Jumbo; Olímpica; Vinos El Kiosco,tinto,Vino Tinto Morande Merlot Pionero Reserva 750ml,MORANDE,45493,67950,https://www.jumbocolombia.com/vino-tinto-morande-merlot-pionero-reserva-750ml-8371/p
3,Éxito; Carulla; Vinos El Kiosco,tinto,Vino tinto MORANDE reserva merlot Merlot (750  ml),MORANDE,48000,116700,https://www.exito.com/vino-tinto-pionero-merlot-x-750ml-363572/p
3,Éxito; Carulla; Olímpica,tinto,Vino tinto MUGA rioja reserva Tempranillo (750  ml),MUGA,205050,249900,https://www.exito.com/vino-tinto-tempranillo-reserva-x-750-ml-388409/p
3,Éxito; Carulla; Jumbo,tinto,Vino tinto PASQUA montepulciano  (750  ml),PASQUA,46720,65990,https://www.exito.com/vino-tinto-montepulciano-dabruzzo-botella-x-750ml-609588/p
3,Éxito; Carulla; Olímpica,tinto,Vino tinto POLERO merlot  (750  ml),POLERO,31990,51150,https://www.exito.com/vino-merlot-varietal-tinto-745586/p
3,Éxito; Carulla; Olímpica,tinto,Vino tinto SANTA HELENA merlot siglo oro Merlot (750  ml),SANTA HELENA,73000,76400,https://www.exito.com/vino-tinto-merlot-siglo-de-oro-x-750ml-326026/p
3,Jumbo; Olímpica; Vinos El Kiosco,tinto,Vino Tinto Santa Margherita Merlot 750 ml,SANTA MARGHERITA,116800,168990,https://www.jumbocolombia.com/vino-tinto-santa-margherita-merlot-750-ml-260520/p
3,Éxito; Carulla; Olímpica,tinto,Vino tinto SANTA RITA merlot Merlot (750  ml),SANTA RITA,48457,68180,https://www.exito.com/medalla-real-reserva-merlot-santa-rita-750-ml-3126149/p
3,Éxito; Carulla; Olímpica,tinto,Vino tinto TERRAZAS DE LOS ANDES reserva Malbec (750  ml),TERRAZAS DE LOS ANDES,146900,147900,https://www.exito.com/vino-tinto-reserva-malbec-x-750ml-470022/p
3,Éxito; Carulla; Vinos El Kiosco,tinto,Vino tinto TERRUNYO carmenere Carmenere (750  ml),TERRUNYO,99900,99900,https://www.exito.com/vino-tinto-carmenere-x-750ml-112623/p
3,Éxito; Carulla; Vinos El Kiosco,tinto,Vino tinto TRES MEDALLAS Santa Rita  (750  ml),TRES MEDALLAS,34230,50400,https://www.exito.com/vino-tinto-santa-rita-tres-medallas-cabernet-sauvignon-750ml-672383/p
3,Éxito; Carulla; Olímpica,tinto,Vino tinto TRIVENTO malbec Malbec (750  ml),TRIVENTO,66375,98500,https://www.exito.com/vino-tinto-malbec-reserva-botella-x-750-ml-422266/p
3,Éxito; Carulla; Olímpica,tinto,Vino tinto VALDIVIESO merlot varietal Merlot (750  ml),VALDIVIESO,39500,82000,https://www.exito.com/vino-tinto-merlot-varietal-x-750ml-94513/p
3,Éxito; Carulla; Olímpica,tinto,Vino tinto VOLCANES merlot  (750  ml),VOLCANES,64950,86000,https://www.exito.com/vino-tinto-merlot-volcanes-750-ml-3036071/p
3,Jumbo; Olímpica; Vinos El Kiosco,tinto,Vino Tinto Zuccardi Malbec Serie A 750ml,ZUCCARDI,102600,123990,https://www.jumbocolombia.com/vino-tinto-zuccardi-malbec-serie-a-750ml-14094/p
3,Éxito; Carulla; Olímpica,tinto,Vino Tinto. CARE   (750  ml),CARE,60300,62300,https://www.exito.com/vino-tinto-garnacha-sirhaz-care-750-ml-3025868/p
3,Éxito; Carulla; Vinos El Kiosco,tinto,Vino VINA PEDROSA  Tempranillo (750  ml),VINA PEDROSA,246700,246700,https://www.exito.com/vina-pedrosa-gran-reserva-vina-pedrosa-750-ml-3084559/p
2,Éxito; Carulla,blanco,CHARDONNAY LONGCHAMPS LES TERROIRS 750 ml,LES TERROIRS,,,https://www.exito.com/chardonnay-longchamps-291167/p
2,Éxito; Carulla,blanco,Tripack Vino Tinto Blanco Sauv LEYENDA  Sauvignon Blanc (562.5  ml),LEYENDA,,,https://www.exito.com/tripack-vino-tinto-blanco-sauv-leyenda-5625-ml-3081689/p
2,Éxito; Carulla,blanco,V. Blanco Moscato Burbujeante Y NEYAH 750 ml,Y NEYAH,,,https://www.exito.com/v-blanco-moscato-burbujeante-y-neyah-750-ml-3054321/p
2,Éxito; Carulla,blanco,V.BCO TORRONTES VARIETA FINCA LA ESCONDIDA 375 ml,FINCA LA ESCONDIDA,,,https://www.exito.com/vbco-torrontes-varieta-494376/p
2,Éxito; Carulla,blanco,V.BLANC RESERVA CHARDONNAY BALDUZZI 750 ml,BALDUZZI,,,https://www.exito.com/vblanc-reserva-chardonnay-balduzzi-750-ml-748844/p
2,Éxito; Carulla,blanco,Vino Afrutado Verdejo CUATRO RAYAS MARCA EXCLUSIVA  Verdejo (750  ml),CUATRO RAYAS MARCA EXCLUSIVA,,,https://www.exito.com/vino-afrutado-verdejo-cuatro-rayas-marca-exclusiva-verdejo-750-ml-3251438/p
2,Éxito; Carulla,blanco,Vino ALTAMIRA  Tempranil (750  ml),ALTAMIRA,,,https://www.exito.com/vino-blanco-tempranillo-108464/p
2,Éxito; Carulla,blanco,Vino ARGENTO  Chardonna (750  ml),ARGENTO,69500,69500,https://www.exito.com/vino-blanco-chardonnay-518030/p
2,Éxito; Carulla,blanco,Vino AROMO  Chardonna (750  ml),AROMO,,,https://www.exito.com/vino-blanco-chardonnay-680714/p
2,Éxito; Carulla,blanco,Vino BAJOZ MARCA EXCLUSIVA   (750  ml),BAJOZ MARCA EXCLUSIVA,27900,27900,https://www.exito.com/vino-blanco-malvasia-273661/p
2,Éxito; Carulla,blanco,Vino BARTONGUESTIER Blanco  Chardonna (750  ml),BARTON-GUESTIER,,,https://www.exito.com/vino-blanco-macon-villages-575922/p
2,Éxito; Carulla,blanco,VINO BCO TORRONTES ALAMOS 750 ml,ALAMOS,,,https://www.exito.com/vino-bco-torrontes-742589/p
2,Éxito; Carulla,blanco,VINO BCO TORRONTES ARGENTO 750 ml,ARGENTO,,,https://www.exito.com/vino-bco-torrontes-742598/p
2,Éxito; Carulla,blanco,Vino BEETHOVEN MARCA EXCLUSIVA   (750  ml),BEETHOVEN MARCA EXCLUSIVA,,,https://www.exito.com/vino-aleman-liebfraumilch-beet-x-750ml-205566/p
2,Éxito; Carulla,blanco,Vino blanco ADEGA DE BORBA botella Otra Cepa (750  ml),ADEGA DE BORBA,87500,88900,https://www.exito.com/vino-adega-de-borba-blanco-alentejo-otra-cepa-750-ml-3222220/p
2,Éxito; Carulla,blanco,Vino blanco ALTANZA viura rioja Viura (750  ml),ALTANZA,,,https://www.exito.com/vino-altanza-blanco-viura-750-ml-3243248/p
2,Éxito; Carulla,blanco,Vino blanco ALTO LOS CARNEROS verdejo  (750  ml),ALTO LOS CARNEROS,47520,48900,https://www.exito.com/vino-verdejo-alto-los-carneros-750-ml-3125649/p
2,Éxito; Carulla,blanco,Vino blanco ALTOZANO verdejo sauvignon blanc Verdejo Suavignon Blanc (750  ml),ALTOZANO,37440,37440,https://www.exito.com/vino-espaol-verdejosauv-blan-911558/p
2,Jumbo; Vinos El Kiosco,blanco,Vino Blanco Amaral Sauvignon Blanc 750ml,AMARAL,101300,116990,https://www.jumbocolombia.com/vino-blanco-amaral-sauvignon-blanc-750ml-55014/p
2,Éxito; Carulla,blanco,VINO BLANCO ANALIVIA  Verdejo (750  ml),ANALIVIA,,,https://www.exito.com/vino-blanco-analivia-750-ml-3181832/p
2,Éxito; Carulla,blanco,Vino blanco BAREFOOT pinot grigio Pinot Gri (750  ml),BAREFOOT,58200,64300,https://www.exito.com/vino-blanco-pinot-grigio-california-botella-x-750ml-102028/p
2,Éxito; Carulla,blanco,Vino blanco BARTONGUESTIER francés Semillon (750  ml),BARTON-GUESTIER,75675,78000,https://www.exito.com/vino-frances-bg-bordeaux-blanc-barton-guestier-750-ml-3143046/p
2,Éxito; Carulla,blanco,Vino blanco BECASSIER MARCA EXCLUSIVA domaine grand  (750  ml),BECASSIER MARCA EXCLUSIVA,,,https://www.exito.com/vino-domaine-grand-x-750-ml-612443/p
2,Olímpica; Vinos El Kiosco,blanco,Vino Blanco Beronia Verdejo Rueda 750 Ml,Beronia,67437,85500,https://www.olimpica.com/vino-beronia-verdejo-rueda-750ml-8410023032988-2130050/p
2,Éxito; Carulla,blanco,Vino blanco BERONIA verdejo rueda Verdejo (750  ml),BERONIA,61110,61110,https://www.exito.com/vino-blanco-verdejo-rueda-662859/p
2,Éxito; Carulla,blanco,Vino blanco BORGES product of Portugal Malvasia Fina (750  ml),BORGES,56300,56900,https://www.exito.com/vino-porto-borges-750-ml-3179584/p
2,Éxito; Carulla,blanco,Vino blanco CABALLITO DE MAR MARCA EXCLUSI vegano Verdejo (750  ml),CABALLITO DE MAR MARCA EXCLUSI,21000,21000,https://www.exito.com/vino-blanco-verdejo-559226/p
2,Éxito; Carulla,blanco,Vino blanco CANTINA COLLI EUGANEI pinot Blended (750  ml),CANTINA COLLI EUGANEI,71600,72400,https://www.exito.com/vino-pinot-bianco-cantina-colli-euganei-750-ml-3010212/p
2,Éxito; Carulla,blanco,Vino blanco CARLO ROSSI suave afrutado  (750  ml),CARLO ROSSI,34850,34850,https://www.exito.com/vino-blanco-x-750ml-683663/p
2,Éxito; Carulla,blanco,Vino blanco CARLO ROSSI suave afrutado Chardonna (750  ml),CARLO ROSSI,,,https://www.exito.com/vino-blanco-chardonnay-california-botella-x-750ml-355127/p
2,Éxito; Carulla,blanco,Vino blanco CARLO ROSSI white Chennin (1500  ml),CARLO ROSSI,64500,66500,https://www.exito.com/v-carlo-white-405700/p
2,Éxito; Carulla,blanco,Vino blanco CASA EL ENEMIGO VIGIL chardonay  (750  ml),CASA EL ENEMIGO VIGIL,274400,274400,https://www.exito.com/vino-blanco-enemigo-chardonay-casa-el-enemigo-vigil-750-mililitro-308214/p
2,Éxito; Carulla,blanco,Vino blanco CASA EL ENEMIGO VIGIL el enemigo semillon Semillon (750  ml),CASA EL ENEMIGO VIGIL,253800,253800,https://www.exito.com/vino-blanco-casa-el-enemigo-vigil-el-enemigo-semillon-semillon-750-ml-3196030/p
2,Éxito; Carulla,blanco,Vino blanco CASAL GARCIA joven y refrescante  (750  ml),CASAL GARCIA,,,https://www.exito.com/vb-vino-verde-934762/p
2,Éxito; Carulla,blanco,Vino blanco CASILLERO DEL DIABLO carnaval phenomenal sauvignon blanc Sauvignon Blanc (750  ml),CASILLERO DEL DIABLO,44070,44070,https://www.exito.com/vino-carnaval-phenomenal-sauvignon-blanc-casillero-del-diablo-750-ml-3173033/p
2,Éxito; Carulla,blanco,Vino blanco CASILLERO DEL DIABLO chardonnay Chardonna (750  ml),CASILLERO DEL DIABLO,51740,51740,https://www.exito.com/vino-blanco-chardonnay-botella-x-750-ml-361826/p
2,Éxito; Carulla,blanco,Vino blanco CASTILLO DE LIRIA viura chardonnay organic Viura (750  ml),CASTILLO DE LIRIA,32410,34440,https://www.exito.com/vino-espanol-castillodeliria-blanco-organico-castillo-de-liria-750-ml-3151479/p
2,Éxito; Carulla,blanco,Vino blanco CASTILLO DE MOLINA chardonnay Chardonna (750  ml),CASTILLO DE MOLINA,98400,103400,https://www.exito.com/vino-blanco-chardonnay-x-750ml-8248/p
2,Éxito; Carulla,blanco,Vino blanco CATENA ZAPATA alma negra  (750  ml),CATENA ZAPATA,172800,180100,https://www.exito.com/vino-blanco-alma-negra-blend-catena-zapata-750-ml-308217/p
2,Éxito; Carulla,blanco,Vino blanco CATENA ZAPATA sauvignon Chardonna (750  ml),CATENA ZAPATA,178100,178100,https://www.exito.com/vino-blanco-chardonnay-518137/p
2,Éxito; Carulla,blanco,Vino blanco CEFIRO MARCA EXCLUSIVA chardonnay reserva Chardonna (750  ml),CEFIRO MARCA EXCLUSIVA,57700,60600,https://www.exito.com/vino-blanco-chardonnay-reserva-x-750-ml-111570/p
2,Éxito; Carulla,blanco,VINO BLANCO CHARDONAY ESTANCIA MENDOZA 750 ml,ESTANCIA MENDOZA,,,https://www.exito.com/vino-blanco-chardonay-estancia-mendoza-750-ml-767048/p
2,Éxito; Carulla,blanco,Vino Blanco Chardonnay Gran Re VALDIVIESO   (750  ml),VALDIVIESO,,,https://www.exito.com/vino-blanco-chardonnay-gran-re-valdivieso-750-ml-1002758/p
2,Éxito; Carulla,blanco,Vino blanco COLUMBIA CREST MARCA EXCLUSIVA gran estates Chardonna (750  ml),COLUMBIA CREST MARCA EXCLUSIVA,67250,70650,https://www.exito.com/vino-chardonnay-gran-estates-x-750ml-364695/p
2,Éxito; Carulla,blanco,Vino blanco COMPROMISSO verde ligero y fresco Arinto (750  ml),COMPROMISSO,58000,58000,https://www.exito.com/vino-joven-compromisso-arinto-750-ml-3179578/p
2,Olímpica; Vinos El Kiosco,blanco,Vino Blanco Condesa de Leganza Verdejo Blanco 750 Ml,Condesa,79000,91000,https://www.olimpica.com/vino-condesa-de-leganza-verdej-bco-750ml/p
2,Éxito; Carulla,blanco,Vino blanco CONDESA DE LEGANZA verdejo Verdejo (750  ml),CONDESA DE LEGANZA,66600,76650,https://www.exito.com/vino-blanco-verdejo-condesa-de-leganza-750-mililitro-501313/p
2,Éxito; Carulla,blanco,Vino blanco COUSI\O MACUL chardonnay Chardonna (750  ml),COUSI\O MACUL,81100,116900,https://www.exito.com/vino-blanco-chardonnay-838579/p
2,Éxito; Carulla,blanco,Vino blanco CRUZARES MARCA EXCLUSIVA ligero y fresco  (750  ml),CRUZARES MARCA EXCLUSIVA,18500,18500,https://www.exito.com/vino-blanco-x-750-ml-672701/p
2,Éxito; Carulla,blanco,Vino blanco CUATRO RAYAS MARCA EXCLUSIVA gran vino de rueda Verdejo (750  ml),CUATRO RAYAS MARCA EXCLUSIVA,100000,101000,https://www.exito.com/vino-blanco-do-rueda-cuatro-rayas-marca-exclusiva-750000-ml-3157662/p
2,Éxito; Carulla,blanco,Vino blanco CUATRO RAYAS MARCA EXCLUSIVA orgánico Verdejo (750  ml),CUATRO RAYAS MARCA EXCLUSIVA,53700,56400,https://www.exito.com/vino-blanco-verdejo-cuatro-rayas-marca-exclusiva-750-ml-3032298/p
2,Éxito; Carulla,blanco,Vino blanco CUATRO RAYAS MARCA EXCLUSIVA sobre lías Verdejo (750  ml),CUATRO RAYAS MARCA EXCLUSIVA,59300,59900,https://www.exito.com/vino-blanco-verdejo-559219/p
2,Éxito; Carulla,blanco,Vino blanco DANZANTE pinot grigio Pinot Grigio (750  ml),DANZANTE,126975,126975,https://www.exito.com/vino-blanco-pinot-grigio-x-750-ml-80237/p
2,Éxito; Carulla,blanco,Vino Blanco DE ALORT MARCA EXCLUSIVA   (750  ml),DE ALORT MARCA EXCLUSIVA,25050,25350,https://www.exito.com/vblanco-sauvblanco-ecologico-de-alort-marca-exclusiva-750-ml-490557/p
2,Éxito; Carulla,blanco,Vino blanco DON SIMON selección airen Airen (750  ml),DON SIMON,26900,26900,https://www.exito.com/vino-don-simon-airen-750-ml-864877/p
2,Éxito; Carulla,blanco,Vino blanco DR.MEISTER liebfraumilch Montepulc (750  ml),DR.MEISTER,29470,29470,https://www.exito.com/v-blanco-liebfraumilch-dr-m-916930/p
2,Éxito; Carulla,blanco,Vino blanco DURIGUTTI viognier Viognier (750  ml),DURIGUTTI,126600,133000,https://www.exito.com/durigutti-clasico-viognier-durigutti-viognier-750-ml-3189343/p
2,Éxito; Carulla,blanco,Vino blanco EMBLEMA sabor fresco Otra Cepa (750  ml),EMBLEMA,,,https://www.exito.com/vino-blanco-emblema-x-750ml-vinicorte-750-ml-3125224/p
2,Éxito; Carulla,blanco,Vino blanco EMILIANA orgánico Chardonna (750  ml),EMILIANA,79700,79700,https://www.exito.com/vino-blanc-chardonnay-rva-adob-108032/p
2,Éxito; Carulla,blanco,Vino blanco FAUNO MARCA EXCLUSIVA joven  (750  ml),FAUNO MARCA EXCLUSIVA,13200,13200,https://www.exito.com/vino-blanco-fauno-marca-exclusiva-750-mililitro-236163/p
2,Éxito; Carulla,blanco,Vino blanco FAUSTINO faustino vii verdejo Verdejo (750  ml),FAUSTINO,125800,137800,https://www.exito.com/vino-blanco-faustino-verdejo-750-ml-3185940/p
2,Éxito; Carulla,blanco,Vino blanco FAUSTINO viura  (750  ml),FAUSTINO,96785,99905,https://www.exito.com/faustino-vii-viura-907067/p
2,Jumbo; Olímpica,blanco,Vino Blanco Finca Las Moras Chardonnay 750 ml,LAS MORAS,66300,67990,https://www.jumbocolombia.com/vino-blanco-finca-las-moras-chardonnay-750-ml-159711/p
2,Éxito; Carulla,blanco,Vino blanco FRONTERA chardonnay Chardonna (750  ml),FRONTERA,37725,37725,https://www.exito.com/vino-chardonnay-frontera-x-750ml-397431/p
2,Éxito; Carulla,blanco,Vino blanco FRONTERA concha y toro Sauvignon Blanc (750  ml),FRONTERA,37800,37800,https://www.exito.com/vino-sauvignon-blanc-frontera-x-750ml-70688/p
2,Éxito; Carulla,blanco,Vino blanco FRONTERA spritzer Blended (750  ml),FRONTERA,36000,36000,https://www.exito.com/vino-frontera-blended-750-ml-3178808/p
2,Éxito; Carulla,blanco,Vino blanco GATAO verde ligero y fresco Azal (750  ml),GATAO,66300,66300,https://www.exito.com/vino-joven-gatao-azal-750-ml-3179582/p
2,Éxito; Carulla,blanco,Vino blanco GATO NEGRO blanco chardonnay Chardonna (750  ml),GATO NEGRO,58500,59200,https://www.exito.com/vino-blanco-chardonnay-botella-x-750ml-133651/p
2,Éxito; Olímpica,blanco,Vino blanco GATO NEGRO semi sweet  (750  ml),GATO NEGRO,46150,46150,https://www.exito.com/vino-blanco-semi-sweet-white-botella-x-750ml-503722/p
2,Éxito; Carulla,blanco,Vino blanco GERARD BERTRAND MARCA EXCLUSIV chardonnay  (750  ml),GERARD BERTRAND MARCA EXCLUSIV,112600,112600,https://www.exito.com/vino-blanco-chardonnay-domaine-gerard-bertrand-marca-exclusiv-750-ml-3016274/p
2,Éxito; Carulla,blanco,Vino blanco GRAN ANDES DEL SUR chileno Moscatel (1000  ml),GRAN ANDES DEL SUR,30800,30800,https://www.exito.com/vino-blanco-gran-andes-del-sur-1000-ml-3031916/p
2,Éxito; Carulla,blanco,Vino blanco HEREFORD chardonay Chardonna (750  ml),HEREFORD,43260,46900,https://www.exito.com/vino-blanco-chardonay-hereford-x-750ml-528718/p
2,Éxito; Carulla,blanco,Vino blanco ITYNERA MARCA EXCLUSIVA pinot grigio  (750  ml),ITYNERA MARCA EXCLUSIVA,34750,35100,https://www.exito.com/pinot-grigio-delle-venezie-doc-itynera-marca-exclusiva-750-ml-3038160/p
2,Éxito; Carulla,blanco,Vino blanco LA JANDA fino Otra Cepa (750  ml),LA JANDA,128550,128550,https://www.exito.com/vino-jerez-33018/p
2,Éxito; Carulla,blanco,Vino blanco LA PIUMA MARCA EXCLUSIVA orvieto classico  (750  ml),LA PIUMA MARCA EXCLUSIVA,22800,23050,https://www.exito.com/vorvieto-dop-classico-21-la-piuma-marca-exclusiva-750-ml-3124441/p
2,Éxito; Carulla,blanco,Vino blanco LA POSADA white blend Blended (750  ml),LA POSADA,118500,118500,https://www.exito.com/vino-blanco-white-blend-la-posada-750-ml-3130122/p
2,Éxito; Carulla,blanco,Vino blanco LAMAN MARCA EXCLUSIVA joven airen  (750  ml),LAMAN MARCA EXCLUSIVA,15000,15300,https://www.exito.com/vino-blanco-joven-airen-x-750ml-219703/p
2,Éxito; Carulla,blanco,Vino blanco LAS MORAS chardonnay + copa coleccionable  (750  ml),LAS MORAS,,,https://www.exito.com/blanco-joven-chardo-copa-acri-las-moras-750-ml-3072385/p
2,Éxito; Carulla,blanco,Vino blanco LAS MORAS chardonnay Chardonna (750  ml),LAS MORAS,67700,68400,https://www.exito.com/vino-argentino-chardonnay-x-750ml-212181/p
2,Éxito; Carulla,blanco,Vino Blanco LEALTANZA MARCA EXCLUSIVA Semi Dulce Blend (750  ml),LEALTANZA MARCA EXCLUSIVA,,,https://www.exito.com/vino-blanco-lealtanza-marca-exclusiva-semi-dulce-blend-750-ml-3256548/p
2,Éxito; Carulla,blanco,Vino blanco LELLO portugués Viosinho (750  ml),LELLO,85200,87700,https://www.exito.com/vino-del-douro-lello-viosinho-750-ml-3179569/p
2,Dislicores; Vinos El Kiosco,blanco,Vino Blanco Louis Jadot Pouilly Fuisse,LOUIS JADOT,257100,307500,https://www.dislicores.com/vino-blanco-louis-jadot-pauilly-fuisse-ref266003/p
2,Éxito; Carulla,blanco,Vino blanco MAR DE FRADES + vaso pack Albarino (1  und),MAR DE FRADES,,,https://www.exito.com/vino-mar-de-frades-vaso-pack-mar-de-frades-albarino-1-und-3230876/p
2,Olímpica; Dislicores,blanco,Vino Blanco Mar De Frades Albariño 750 Ml,Mar De Frades Albariño,152500,163800,https://www.olimpica.com/vino-mar-de-frades-albariño-bco-750-ml/p
2,Éxito; Carulla,blanco,Vino blanco MAR DE FRADES albariño atlántico Rías Baxas (750  ml),MAR DE FRADES,166800,168300,https://www.exito.com/vino-rias-baixas-mar-de-frades-750-ml-3100860/p
2,Éxito; Carulla,blanco,Vino blanco MARQUES DE CACERES joven  (750  ml),MARQUES DE CACERES,114500,115900,https://www.exito.com/v-blanco-joven-403564/p
2,Éxito; Carulla,blanco,Vino blanco MARQUES DE CACERES rioja  (750  ml),MARQUES DE CACERES,91000,92300,https://www.exito.com/vino-rioja-blanco-marques-de-caceres-750-ml-3027120/p
2,Éxito; Carulla,blanco,Vino blanco MARQUES DE CACERES verdejo  (750  ml),MARQUES DE CACERES,101900,103000,https://www.exito.com/vino-verdejo-marques-de-caceres-750-ml-3124878/p
2,Éxito; Carulla,blanco,Vino blanco MARQUES DE CASA CONCHA chardonnay Chardonna (750  ml),MARQUES DE CASA CONCHA,183800,183800,https://www.exito.com/vino-blanco-chardonnay-marques-de-casa-concha-botella-x750ml-70682/p
2,Jumbo; Vinos El Kiosco,blanco,Vino Blanco Marques de La Colina Torrontes 750 ml,MARQUES DE LA COLINA,44990,47800,https://www.jumbocolombia.com/vino-blanco-marques-de-la-colina-torrontes-750-ml-363941/p
2,Éxito; Carulla,blanco,Vino blanco MARQUES DE LA COLINA torrontés Torrontes (750  ml),MARQUES DE LA COLINA,27105,27105,https://www.exito.com/vino-argentino-torrontes-marques-de-la-colina-750-ml-3072880/p
2,Éxito; Carulla,blanco,Vino blanco MARTIN CODAX rías baxas  (750  ml),MARTIN CODAX,112200,112200,https://www.exito.com/vino-blanco-albarino-x-750ml-746835/p
2,Éxito; Carulla,blanco,Vino blanco MISTERIO chardonnay Chardonna (750  ml),MISTERIO,78500,78500,https://www.exito.com/vbco-chardonnay-97240/p
2,Éxito; Carulla,blanco,Vino blanco MORANDE chardonnay Chardonna (750  ml),MORANDE,48075,62700,https://www.exito.com/vino-bco-reserva-chardonnay-22130/p
2,Éxito; Carulla,blanco,Vino blanco NAVARRO CORREAS chardonnay Chardonna (750  ml),NAVARRO CORREAS,110700,110700,https://www.exito.com/vblanco-chardonnay-col-privad-334970/p
2,Olímpica; Dislicores,blanco,Vino Blanco Navarro Correas Sauvignon Colección Privada 750 Ml,Navarro Y Correa,99500,108800,https://www.olimpica.com/vino-navarro-correa-sauvignon-blanco-coleccion-privada-750ml-7791250001758-2074988/p
2,Jumbo; Vinos El Kiosco,blanco,Vino Blanco Norton Chardonnay Coleccion 750 ml,NORTON,40943,56900,https://www.jumbocolombia.com/vino-blanco-norton-chardonnay-coleccion-750-ml-375937/p
2,Éxito; Carulla,blanco,Vino blanco NORTON cosecha tardía Chardonna (750  ml),NORTON,41400,41400,https://www.exito.com/vbco-cosecha-tardia-376620/p
2,Éxito; Carulla,blanco,Vino blanco NORTON de los Andes Chardonnay (750  ml),NORTON,42675,42675,https://www.exito.com/vino-blanco-norton-chardonnay-norton-chardonnay-750-ml-3208198/p
2,Jumbo; Vinos El Kiosco,blanco,Vino Blanco Norton Torrontes Coleccion 750ml,NORTON,40943,56900,https://www.jumbocolombia.com/vino-blanco-norton-torrontes-coleccion-750ml-8414/p
2,Éxito; Carulla,blanco,Vino blanco NORTON torrontés Torrontes (750  ml),NORTON,42675,42675,https://www.exito.com/vino-blanco-torrontes-argentino-x-750ml-374602/p
2,Éxito; Carulla,blanco,Vino blanco ORO VENETO blanco pinot grigio Pinot Grigio (750  ml),ORO VENETO,85600,85600,https://www.exito.com/vino-blanco-pinot-grigio-oro-veneto-750-ml-3162961/p
2,Éxito; Carulla,blanco,Vino blanco PACO Y LOLA MARCA EXCLUSIVA albariño Albarino (750  ml),PACO Y LOLA MARCA EXCLUSIVA,24900,24900,https://www.exito.com/vino-blanco-100-albarino-x-750ml-180627/p
2,Éxito; Carulla,blanco,Vino blanco PARTAGER blanc  (750  ml),PARTAGER,42825,42825,https://www.exito.com/vino-blanco-partager-576390/p
2,Éxito; Carulla,blanco,Vino blanco PASQUA chardonnay Chardonna (750  ml),PASQUA,47840,47840,https://www.exito.com/vino-blanco-chardonnay-di-pugl-x-750ml-69311/p
2,Éxito; Carulla,blanco,Vino blanco PAYS DOC rothschild chardon Chardonnay (750  ml),PAYS D'OC,67425,69525,https://www.exito.com/rothschild-chardonnay-221492/p
2,Éxito; Carulla,blanco,Vino blanco PAYS DOC rothschild sauvign Sauvignon Blanc (750  ml),PAYS D'OC,67425,68100,https://www.exito.com/rothschild-sauvignon-blanc-221490/p
2,Éxito; Carulla,blanco,Vino blanco POCAS JUNIOR douro  (750  ml),POCAS JUNIOR,72900,73700,https://www.exito.com/vino-blanco-pocas-junior-750-ml-3031344/p
2,Éxito; Carulla,blanco,Vino blanco PROTOS rueda  (750  ml),PROTOS,72825,72825,https://www.exito.com/vino-blanco-verdejo-2012-429833/p
2,Éxito; Carulla,blanco,Vino blanco QUINTA DA LIXA alvarinho Albarino (750  ml),QUINTA DA LIXA,128100,132200,https://www.exito.com/vino-reserva-quinta-da-lixa-albarino-750-ml-3179568/p
2,Éxito; Carulla,blanco,Vino blanco QUINTA DA LIXA alvarinho loureiro trajadura Albarino (750  ml),QUINTA DA LIXA,94800,97600,https://www.exito.com/vino-seleccionado-quinta-da-lixa-albarino-750-ml-3179572/p
2,Éxito; Carulla,blanco,Vino blanco QUINTA DA LIXA loureiro Loureiro (750  ml),QUINTA DA LIXA,91800,97200,https://www.exito.com/vino-seleccionado-quinta-da-lixa-loureiro-750-ml-3179573/p
2,Éxito; Carulla,blanco,Vino blanco QUINTA DA LIXA trajadura Trajadura (750  ml),QUINTA DA LIXA,92900,92900,https://www.exito.com/vino-seleccionado-quinta-da-lixa-trajadura-750-ml-3179574/p
2,Éxito; Carulla,blanco,Vino blanco QUINTA DA LIXA verde ligero y fresco Arinto (750  ml),QUINTA DA LIXA,57200,60300,https://www.exito.com/vino-joven-quinta-da-lixa-arinto-750-ml-3179580/p
2,Olímpica; Dislicores,blanco,Vino Blanco Ramón Bilbao Verdejo 750 Ml,Ramon Bilbao,83500,93000,https://www.olimpica.com/vino-ramon-bilbao-verdejo-2019-750-ml/p
2,Éxito; Carulla,blanco,Vino blanco REDWOOD CREEK MARCA EXCLUSIVA california chardonnay  (750  ml),REDWOOD CREEK MARCA EXCLUSIVA,,,https://www.exito.com/vino-california-chardonnay-x-750-ml-422086/p
2,Éxito; Carulla,blanco,Vino blanco RIOJA BORDON diamante  (750  ml),RIOJA BORDON,,,https://www.exito.com/vino-blanco-diamante-semiseco-x-750ml-984459/p
2,Jumbo; Vinos El Kiosco,blanco,Vino Blanco Ruffino Pinot Grigio Lumina 750ml,RUFFINO,81243,116700,https://www.jumbocolombia.com/vino-blanco-ruffino-pinot-grigio-lumina-750ml-240394/p
2,Éxito; Carulla,blanco,Vino blanco SANTA ANA chardonay  (750  ml),SANTA ANA,107500,112900,https://www.exito.com/vino-blanco-chardonay-santa-ana-750-ml-3025643/p
2,Olímpica; Vinos El Kiosco,blanco,Vino Blanco Santa Ana Torrontés 750 Ml,Santa Ana,43740,53000,https://www.olimpica.com/vino-blanco-santa-ana-torrontes-750-ml-7790762000709-2146876/p
2,Olímpica; Dislicores,blanco,Vino Blanco Santa Helena Varietal Sauvignon 750 Ml,Santa Helena,46990,51500,https://www.olimpica.com/vino-sta-helena-gran-vino-sauv-b-750/p
2,Éxito; Carulla,blanco,Vino blanco SANTA JULIA MARCA EXCLUSIVA chardonnay Chardonna (750  ml),SANTA JULIA MARCA EXCLUSIVA,27250,27250,https://www.exito.com/vino-argentino-chardonnay-blanco-x-750ml-266827/p
2,Éxito; Carulla,blanco,Vino blanco SANTA JULIA MARCA EXCLUSIVA chenin dulce Chenin Dulce (750  ml),SANTA JULIA MARCA EXCLUSIVA,28400,28400,https://www.exito.com/vino-blanco-chenin-dulce-x-750ml-307379/p
2,Olímpica; Vinos El Kiosco,blanco,Vino Blanco Santa Margherita Pinot Grigio 750 Ml,Santa Margherita,116700,149800,https://www.olimpica.com/vino-santa-margherita-pinot-grigio-750ml-8003930111114-2160305/p
2,Éxito; Carulla,blanco,Vino blanco SANTA MARGHERITA pinot grigio Pinot Grigio (750  ml),SANTA MARGHERITA,162000,163700,https://www.exito.com/vino-blanco-pinot-grigio-santa-margherita-750-ml-3025577/p
2,Éxito; Carulla,blanco,Vino blanco SANTA RITA 120 chardonnay Chardonna (750  ml),SANTA RITA 120,48090,48090,https://www.exito.com/vino-blanco-santa-rita-120-chardonnay-750-ml-920395/p
2,Éxito; Carulla,blanco,Vino blanco SANTA RITA 120 pack Sauvignon (748  ml),SANTA RITA 120,52080,52080,https://www.exito.com/vino-blanco-santa-rita-120-piba-fourpack-750-ml-189871/p
2,Éxito; Carulla,blanco,Vino blanco SANTIAGO 1541 chardonnay Chardonna (750  ml),SANTIAGO 1541,38045,38045,https://www.exito.com/vino-blanco-chardonnay-x-750-ml-426568/p
2,Éxito; Carulla,blanco,Vino blanco SANTIAGO RUIZ rías baixas  (750  ml),SANTIAGO RUIZ,242475,242475,https://www.exito.com/vino-blanco-x-750-ml-395189/p
2,Éxito; Carulla,blanco,Vino blanco SECRETOS DE MENDOZA torrontés Torrontes (750  ml),SECRETOS DE MENDOZA,,,https://www.exito.com/vino-blanco-torrontes-argentina-botella-x-750ml-261482/p
2,Éxito; Carulla,blanco,Vino blanco SIBARIS chardonnay reserva epecial Chardonnay (750  ml),SIBARIS,105910,118020,https://www.exito.com/vino-blanco-chardonnay-reserva-especial-x-750ml-87733/p
2,Éxito; Carulla,blanco,Vino blanco SIBARIS sauvignon rsva especial Sauvignon Blanc (750  ml),SIBARIS,107030,109060,https://www.exito.com/vino-blanc-sauvignon-reserva-especial-x-750-ml-568464/p
2,Éxito; Carulla,blanco,Vino blanco TARAPACA sauvignon Blended (750  ml),TARAPACA,31700,31700,https://www.exito.com/vino-blanco-sauvignon-semillon-x-750ml-517320/p
2,Éxito; Carulla,blanco,Vino blanco TARVIN RIDGE MARCA EXCLUSIVA australiano blanc  (750  ml),TARVIN RIDGE MARCA EXCLUSIVA,,,https://www.exito.com/vino-australiano-blanc-tarvin-x-750ml-205564/p
2,Éxito; Carulla,blanco,Vino blanco TERRA VEGA chardo gran reserva Chardonnay (750  ml),TERRA VEGA,119900,119900,https://www.exito.com/vino-blanco-chardo-gran-rsva-terra-vega-750-ml-3044253/p
2,Éxito; Carulla,blanco,Vino blanco TIO PEPE palomino fino  (750  ml),TIO PEPE,103800,103800,https://www.exito.com/vino-jerez-tio-pepe-x-750ml-211378/p
2,Éxito; Carulla,blanco,Vino blanco TORRELONGARES macabeo torrelongare  (750  ml),TORRELONGARES,48960,48960,https://www.exito.com/v-blanco-macabeo-torrelongare-torrelongares-750-mililitro-259770/p
2,Éxito; Carulla,blanco,Vino blanco TRIVENTO blended chardonnay  chenin Blended (750  ml),TRIVENTO,,,https://www.exito.com/vino-blanco-chardonnay-chenin-x-750ml-369111/p
2,Éxito; Carulla,blanco,Vino blanco TRIVENTO chardonnay Chardonna (750  ml),TRIVENTO,,,https://www.exito.com/vchardonnay-golden-reserve-trivento-750-mililitro-83353/p
2,Éxito; Carulla,blanco,Vino blanco UGALDE riesling Riesling (750  ml),UGALDE,,,https://www.exito.com/vino-blanco-riesling-750-ml-3081917/p
2,Éxito; Carulla,blanco,Vino blanco UNDURRAGA harvest media Semillon (375  ml),UNDURRAGA,80250,80250,https://www.exito.com/v-blanco-late-harvest-media-795773/p
2,Éxito; Carulla,blanco,Vino blanco UNDURRAGA late harvest Semillon (750  ml),UNDURRAGA,163200,163200,https://www.exito.com/vino-blanco-late-harvest-x-750-ml-878076/p
2,Éxito; Carulla,blanco,Vino blanco UNDURRAGA riesling Riesling (750  ml),UNDURRAGA,72940,72940,https://www.exito.com/vblanco-riesling-70795/p
2,Éxito; Carulla,blanco,Vino blanco VALDIVIESO winemaker chardonnay Chardonna (750  ml),VALDIVIESO,107700,107700,https://www.exito.com/vbco-winemaker-chardonnay-512260/p
2,Éxito; Carulla,blanco,Vino Blanco Verdejo Ecologico PROTOS 750 ml,PROTOS,,,https://www.exito.com/vino-blanco-verdejo-ecologico-protos-750-ml-3084264/p
2,Éxito; Carulla,blanco,Vino blanco VICENTE GANDIA sauvignon blanc Sauvignon (750  ml),VICENTE GANDIA,46800,46800,https://www.exito.com/vino-sauvignon-blanco-penelope-cruz-x-750ml-419339/p
2,Éxito; Carulla,blanco,Vino blanco VIDILLA verdejo Verdejo (750  ml),VIDILLA,,,https://www.exito.com/vino-vidilla-verdejo-vidilla-750-ml-3175074/p
2,Éxito; Carulla,blanco,Vino blanco VIÑA MAYOR verdejo Verdejo (750  ml),VIÑA MAYOR,49800,49800,https://www.exito.com/vino-rosado-peascal-garnacha-750-ml-3189176/p
2,Éxito; Carulla,blanco,Vino blanco VINA POMAL classico Graciano (750  ml),VINA POMAL,63675,63675,https://www.exito.com/vino-bco-orvieto-clasico-740591/p
2,Éxito; Carulla,blanco,Vino blanco VINCORTE chileno  (1000  ml),VINCORTE,30300,30300,https://www.exito.com/vino-blanco-cata-tetra-sin-tap-vincorte-1-ml-973180/p
2,Éxito; Carulla,blanco,Vino blanco VIU MANENT MARCA EXCLUSIVA chardonnay gran reserva Chardonna (750  ml),VIU MANENT MARCA EXCLUSIVA,,,https://www.exito.com/vino-chardonnay-gran-reserva-x-750ml-928281/p
2,Éxito; Carulla,blanco,Vino blanco VIU MANENT MARCA EXCLUSIVA chardonnay rsva estate colle Chardonna (750  ml),VIU MANENT MARCA EXCLUSIVA,36100,40450,https://www.exito.com/vino-chardonnay-reserva-estate-colle-x-750ml-971039/p
2,Éxito; Carulla,blanco,Vino blanco VRL VAN LOVEREN calcrete chardonna Chardonnay (750  ml),VRL VAN LOVEREN,65500,74600,https://www.exito.com/vino-vrl-van-loveren-chardonnay-750-ml-3180277/p
2,Éxito; Carulla,blanco,Vino blanco VRL VAN LOVEREN chenin  Chenin (750  ml),VRL VAN LOVEREN,56700,64700,https://www.exito.com/vino-vrl-van-loveren-chenin-750-ml-3180278/p
2,Éxito; Carulla,blanco,Vino blanco ZUCARDI torrontes viognier Torrontes (500  ml),ZUCARDI,100000,101000,https://www.exito.com/vino-blanco-torrontes-viognier-257205/p
2,Éxito; Carulla,blanco,Vino CABALLERO DE OLMEDO Blanco Verdejo Verdejo (750  ml),CABALLERO DE OLMEDO,98200,98200,https://www.exito.com/vino-blanco-verdejo-caballero-de-olmedo-750-mililitro-3007077/p
2,Éxito; Carulla,blanco,Vino CASA LA POSTOLLE  Chardonna (750  ml),CASA LA POSTOLLE,,,https://www.exito.com/vino-blanco-chardonnay-x-750ml-6277/p
2,Éxito; Carulla,blanco,Vino CATENA ZAPATA Tinto Malbec Paraje Altam  (750  ml),CATENA ZAPATA,,,https://www.exito.com/vino-tinto-malbec-paraje-altam-750-ml-1002952/p
2,Éxito; Carulla,blanco,Vino Colome  Torrontes (750  ml),Colome,,,https://www.exito.com/vino-blanco-torrontes-colome-750-ml-216170/p
2,Éxito; Carulla,blanco,VINO DON SIMON   (1.5  ml),DON SIMON,,,https://www.exito.com/vino-blanco-airen-duo-pack-don-simon-15-ml-3085501/p
2,Éxito; Carulla,blanco,Vino ESCORIHUELA  Torrontes (750  ml),ESCORIHUELA,,,https://www.exito.com/vblanco-torrontes-flia-gascon-escorihuela-750-mililitro-688761/p
2,Dislicores; Vinos El Kiosco,blanco,Vino Escorihuela Gascon Viognier,ESCORIHUELA GASCON,116500,116500,https://www.dislicores.com/vino-escorihuela-gascon-viognier-ref303009/p
2,Éxito; Carulla,blanco,Vino FINCA LA ESCONDIDA  Chardonna (750  ml),FINCA LA ESCONDIDA,103700,103700,https://www.exito.com/vino-blanco-reserve-chardonnay-x-750-ml-400036/p
2,Éxito; Carulla,blanco,Vino FISH WINE   (750  ml),FISH WINE,,,https://www.exito.com/vino-varietal-blanc-chardonnay-fish-wine-750-ml-3037241/p
2,Éxito; Carulla,blanco,Vino GALLO MARCA EXCLUSIVA  Chardonna (750  ml),GALLO MARCA EXCLUSIVA,28500,28800,https://www.exito.com/vino-blanco-chardonnay-gallo-e-j-x750ml-31680/p
2,Éxito; Carulla,blanco,Vino GERARD BERTRAND MARCA EXCLUSIV V. BLANCO RSVA SPECI  (750  ml),GERARD BERTRAND MARCA EXCLUSIV,52600,52600,https://www.exito.com/vino-blanco-sauvignon-reserva-special-x-750ml-102128/p
2,Éxito; Carulla,blanco,Vino GERARD BERTRAND MARCA EXCLUSIV VINO BLANCO GRIS  GERARD B  (750  ml),GERARD BERTRAND MARCA EXCLUSIV,39900,39900,https://www.exito.com/vino-blanco-gris-x-750ml-102662/p
2,Éxito; Carulla,blanco,Vino Gewurztraminer CASA MARÍN   (750  ml),CASA MARÍN,,,https://www.exito.com/vino-gewurztraminer-casa-marin-750-ml-3081474/p
2,Éxito; Carulla,blanco,Vino INDOMITA  Chardonna (750  ml),INDOMITA,109700,109700,https://www.exito.com/vino-blanco-chardonnay-casa-blanca-valey-botella-x-750ml-38134/p
2,Éxito; Carulla,blanco,Vino Interno  Sauvignon Blanc (750  ml),Interno,60100,60100,https://www.exito.com/vino-blanco-reserva-sauvignon-interno-750-ml-3071245/p
2,Éxito; Carulla,blanco,Vino IZADI  (750  ml),IZADI,,,https://www.exito.com/vblanco-viura-malasia-150804/p
2,Éxito; Carulla,blanco,Vino JP CHENET  Chardonna (750  ml),JP CHENET,,,https://www.exito.com/vino-chardonnay-blanco-821448/p
2,Éxito; Carulla,blanco,Vino LOS VASCOS  Chardonna (750  ml),LOS VASCOS,100300,100300,https://www.exito.com/v-blanco-chardonnay-518385/p
2,Éxito; Carulla,blanco,Vino M.CHAPOUTIER   (750  ml),M.CHAPOUTIER,,,https://www.exito.com/vino-blanco-bila-haut-235991/p
2,Éxito; Carulla,blanco,vino MARQUES DE CACERES BRUT Otra Cepa (750  ml),MARQUES DE CACERES,109400,109400,https://www.exito.com/vino-brut-marques-de-caceres-091-ml-3016857/p
2,Éxito; Carulla,blanco,Vino MARTIN CODAX tinto Tempranil (375  ml),MARTIN CODAX,,,https://www.exito.com/vino-espaol-2015-martin-codax-375-ml-911436/p
2,Éxito; Carulla,blanco,Vino MONOPOLE   (750  ml),MONOPOLE,,,https://www.exito.com/vino-blanco-viura-624829/p
2,Éxito; Carulla,blanco,Vino MONTES  Chardonna (750  ml),MONTES,80500,80500,https://www.exito.com/vino-blanco-chardonnay-x-750ml-408369/p
2,Éxito; Carulla,blanco,Vino PUEBLO DEL SOL MARCA EXCLUSIVA  Chardonna (750  ml),PUEBLO DEL SOL MARCA EXCLUSIVA,17725,17725,https://www.exito.com/vino-blanco-chardonnay-roble-x-750ml-833385/p
2,Éxito; Carulla,blanco,Vino Reserva MARQUES DE RISCAL EDICION ESP Tempranillo (750  ml),MARQUES DE RISCAL,227500,229800,https://www.exito.com/vino-reserva-marques-de-riscal-edicion-esp-tempranillo-750-ml-3248702/p
2,Éxito; Carulla,blanco,Vino ROBERT MONDAVI  Chardonna (750  ml),ROBERT MONDAVI,132200,132200,https://www.exito.com/vinbco-chardonnay-seleccion-448622/p
2,Olímpica; Vinos El Kiosco,blanco,Vino Santa Ana Reserve Chardonnay 750 Ml,Santa Ana,77200,103800,https://www.olimpica.com/vino-santa-ana-rsv-chardonnay-750ml/p
2,Éxito; Carulla,blanco,Vino SANTA CAROLINA  Semillon (1500  ml),SANTA CAROLINA,,,https://www.exito.com/vino-blanco-sauvignon-x-750-ml-932794/p
2,Éxito; Carulla,blanco,Vino SANTA HELENA  Chardonna (750  ml),SANTA HELENA,,,https://www.exito.com/vino-blanco-chardonnay-70573/p
2,Éxito; Carulla,blanco,Vino tinto HIZAN verdejo  (750  ml),HIZAN,,,https://www.exito.com/vino-blanco-verdejo-x-750-ml-576702/p
2,Éxito; Carulla,blanco,Vino tinto LA PIUMA MARCA EXCLUSIVA terre di chieti  (750  ml),LA PIUMA MARCA EXCLUSIVA,23050,23050,https://www.exito.com/v-pecorino-terre-di-chieti-igt-la-piuma-marca-exclusiva-750-ml-3124440/p
2,Éxito; Carulla,blanco,Vino tinto MONTES ALPHA cabernet sauvignon Chardonna (750  ml),MONTES ALPHA,256100,264100,https://www.exito.com/vino-blanco-chardonnay-408360/p
2,Éxito; Carulla,blanco,Vino tinto MUCHO MAS DE FELIX SOLIS red blend Blended (750  ml),MUCHO MAS DE FELIX SOLIS,69500,69500,https://www.exito.com/vino-mucho-mas-de-felix-solis-blended-750-ml-3193534/p
2,Olímpica; Vinos El Kiosco,blanco,Vino Tinto Protos Verdejo 750 Ml,Protos Ribera Del Du,68705,92000,https://www.olimpica.com/vino-protos-verdejo-750-ml-8420342203013-1179181/p
2,Éxito; Carulla,blanco,VINO TINTO RUEDA CX12 UND MARQUES DE RISCAL 9000 ml,MARQUES DE RISCAL,,,https://www.exito.com/vino-tinto-rueda-cx12-u-3516/p
2,Éxito; Carulla,blanco,Vino tinto TRIVENTO blanco de uva tinta  (750  ml),TRIVENTO,66075,66075,https://www.exito.com/vino-blanco-white-malbec-trivento-750-ml-3086093/p
2,Éxito; Carulla,blanco,Vino TORO BRAVO Blanco Verdejo Sauvignon Verdejo Suavignon Blanc (750  ml),TORO BRAVO,56300,56300,https://www.exito.com/vino-toro-bravo-blanco-verdejo-sauvignon-verdejo-suavignon-blanc-750-ml-3253942/p
2,Éxito; Carulla,blanco,VINO UNDURRAGA  Otra Cepa (750  ml),UNDURRAGA,,,https://www.exito.com/vblanco-gewurztraminer-878075/p
2,Éxito; Carulla,blanco,Vino VALDIVIESO  Chardonna (750  ml),VALDIVIESO,79400,79400,https://www.exito.com/vino-blanco-chardonnay-varietal-x-750ml-94515/p
2,Éxito; Carulla,blanco,VINO VINO DOÑA PAULA SAUVIGNON BLANC (750  ml),VINO DOÑA PAULA,,,https://www.exito.com/vino-blanco-estate-sauvignon-4pack-vino-dona-paula-750-ml-3132125/p
2,Éxito; Carulla,blanco,Vino WILLIAM HILL MARCA EXCLUSIVA   (750  ml),WILLIAM HILL MARCA EXCLUSIVA,,,https://www.exito.com/vino-central-coast-chardonay-william-hill-marca-exclusiva-750-mililitro-226783/p
2,Éxito; Carulla,blanco,Vino ZONIN   (750  ml),ZONIN,,,https://www.exito.com/pinot-grigio-igt-delle-venezie-485797/p
2,Éxito; Carulla,espumoso,Cava CODORNIU Pinot Noi (750  ml),CODORNIU,,,https://www.exito.com/cava-brut-pinot-noir-34806/p
2,Éxito; Carulla,espumoso,Champagne ABRACOL  (375  ml),ABRACOL,,,https://www.exito.com/champagne-brut-gh-cordon-rouge-633033/p
2,Éxito; Carulla,espumoso,Champagne Brut Gratis Copas LAURENTPERRIER 750 ml,LAURENT-PERRIER,,,https://www.exito.com/champagne-brut-gratis-copas-laurent-perrier-750-ml-3042406/p
2,Éxito; Carulla,espumoso,Champagne Brut Imper GTS Estuc MOET CHANDON 750 ml,MOET CHANDON,,,https://www.exito.com/champagne-brut-imperial-veuve-clicquot-750-ml-3048488/p
2,Éxito; Carulla,espumoso,Champagne COMTE DE LAVIGNY MARCA EXCLUSI   (750  ml),COMTE DE LAVIGNY MARCA EXCLUSI,,,https://www.exito.com/champagne-brut-premier-cru-x-750-ml-695213/p
2,Jumbo; Dislicores,espumoso,Champagne Laurent-Perrier Brut La Cuvee 750 ml,LAURENT-PERRIER,413990,485990,https://www.jumbocolombia.com/champagne-laurent-perrier-brut-la-cuvee-750-ml-365080/p
2,Jumbo; Dislicores,espumoso,Champagne Laurent-Perrier Grand Siecle 750 ml,LAURENT-PERRIER,393990,393990,https://www.jumbocolombia.com/champagne-laurent-perrier-grand-siecle-750-ml-365106/p
2,Éxito; Carulla,espumoso,Champagne LAURENTPERRIER   (750  ml),LAURENT-PERRIER,746000,746000,https://www.exito.com/champagne-cuvee-rose-brut-434238/p
2,Éxito; Carulla,espumoso,Champagne VEUVE CLICQUOT demi sec  (750  ml),VEUVE CLICQUOT,589400,589400,https://www.exito.com/champagne-demi-sec-veuve-clicquot-x-750ml-462290/p
2,Dislicores; Vinos El Kiosco,espumoso,Champagne Veuve Clicquot Demisec,Veuve Clicquot,438800,528500,https://www.dislicores.com/champagne-veuve-clicquot-demisec-ref243013/p
2,Jumbo; Vinos El Kiosco,espumoso,Champagne Veuve Clicquot Rose 750 ml,VEUVE CLICQUOT,519100,519100,https://www.jumbocolombia.com/champagne-veuve-clicquot-rose-750-ml-365093/p
2,Éxito; Carulla,espumoso,champaña CANDIOTA   (750  UNIDAD),CANDIOTA,,,https://www.exito.com/champana-rosada-x-750-candiota-750-ml-509508/p
2,Éxito; Carulla,espumoso,Champaña DOM PERIGNON blanc   (750  ml),DOM PERIGNON,2331500,2331500,https://www.exito.com/champana-dom-perignon-x-750ml-881066/p
2,Éxito; Carulla,espumoso,Champaña JP CHENET  + bolso viajero Bobal (750  ml),JP CHENET,,,https://www.exito.com/champana-jp-chenet-bobal-750-ml-3211509/p
2,Éxito; Carulla,espumoso,Champaña LAURENTPERRIER brut la cuvée  (750  ml),LAURENT-PERRIER,469500,478700,https://www.exito.com/champagne-brut-botella-x-750ml-434240/p
2,Éxito; Carulla,espumoso,Champaña MOET CHANDON brut m c imperial Otra Cepa (750  ml),MOET CHANDON,553900,553900,https://www.exito.com/champagne-mc-brut-imperial-moet-chandon-champagne-mc-brut-imperial-2025-otra-cepa-750-ml-3235798/p
2,Éxito; Carulla,espumoso,Champaña MOET CHANDON néctar imperial  (750  ml),MOET CHANDON,560100,560100,https://www.exito.com/champagne-nectar-imperial-moet-x-750-ml-536705/p
2,Éxito; Carulla,espumoso,Champaña MOET CHANDON rosé  (750  ml),MOET CHANDON,605500,605500,https://www.exito.com/champagne-brut-rose-x-750-ml-88682/p
2,Éxito; Carulla,espumoso,Champaña MUMM   (750  ml),MUMM,,,https://www.exito.com/champagne-gh-mumm-cordon-rouge-x-750-ml-743617/p
2,Éxito; Carulla,espumoso,Champaña VEUVE CLICQUOT brut Otra Cepa (750  ml),VEUVE CLICQUOT,,,https://www.exito.com/champana-veuve-clicquot-otra-cepa-750-ml-3211461/p
2,Éxito; Carulla,espumoso,Champaña VEUVE CLICQUOT rosé Pinot Gri (750  ml),VEUVE CLICQUOT,696300,703300,https://www.exito.com/champagne-rose-botella-x-750ml-311834/p
2,Éxito; Carulla,espumoso,Coctel BELLINI durazno  (750  ml),BELLINI,95700,95700,https://www.exito.com/cocktail-bellini-750-ml-767151/p
2,Éxito; Carulla,espumoso,Coctel FRONTERA blanco spritzer refrescante Blended (1500  ml),FRONTERA,84300,85875,https://www.exito.com/vap-spritzer-rose-spritzer-blanco-frontera-blended-1500-ml-3237584/p
2,Éxito; Carulla,espumoso,ESPUMOSO NERO DI LAMBRUSCO OTELLO 750 ml,OTELLO,,,https://www.exito.com/espumoso-nero-di-lambrusco-otello-750-ml-700892/p
2,Éxito; Carulla,espumoso,Espumoso RICCADONNA  Otra Cepa (750  ml),RICCADONNA,,,https://www.exito.com/espumos-proseco-695518/p
2,Éxito; Carulla,espumoso,Estuche  ZONIN   (1  und),ZONIN,,,https://www.exito.com/estuche-prosecco-zonin-brut-copa-zonin-1-und-3146870/p
2,Éxito; Carulla,espumoso,Lambrusco Dell Emilia Rosado SARSITANO   (750  ml),SARSITANO,47200,47200,https://www.exito.com/lambrusco-dell-emilia-rosado-sarsitano-750-ml-3112245/p
2,Éxito; Carulla,espumoso,Pack de vinos FRIZZANTINO con galletas  (1500  ml),FRIZZANTINO,,,https://www.exito.com/pack-vinos-gratis-galletas-frizzantino-1500-ml-3047121/p
2,Éxito; Carulla,espumoso,Pack Vino Blanco + Copa Flauta JP CHENET 750 ml,JP CHENET,,,https://www.exito.com/pack-vino-blanco-copa-flauta-jp-chenet-750-ml-3143040/p
2,Éxito; Carulla,espumoso,Pack Vino Blanco + Copa Flauta JP CHENET Zinfandel (750  ml),JP CHENET,,,https://www.exito.com/jp-chenet-copa-jp-chenet-750-ml-1003020/p
2,Éxito; Carulla,espumoso,UNO SANTA JULIA MARCA EXCLUSIVA   (187  ml),SANTA JULIA MARCA EXCLUSIVA,,,https://www.exito.com/vino-uno-extra-brut-botella-x-187-ml-731414/p
2,Éxito; Carulla,espumoso,VINO ALTOS DE TAMARON Tempranillo (750  ml),ALTOS DE TAMARON,,,https://www.exito.com/vino-tinto-roble-altos-de-tamaron-750-ml-3132129/p
2,Éxito; Carulla,espumoso,Vino BAREFOOT  Pinot Gri (750  ml),BAREFOOT,,,https://www.exito.com/vino-espumoso-pinot-grigio-146063/p
2,Éxito; Carulla,espumoso,Vino blanco CODORNIU demisec espumoso Otra Cepa (750  ml),CODORNIU,70655,70655,https://www.exito.com/vino-espumoso-semisec-codorniu-x-750ml-70706/p
2,Éxito; Carulla,espumoso,Vino blanco CODORNIU ice edition  (750  ml),CODORNIU,78225,78225,https://www.exito.com/ice-anna-codorniu-blan-codorniu-750-ml-3147552/p
2,Éxito; Carulla,espumoso,Vino blanco ISABELLA demisec perlado  (750  ml),ISABELLA,33675,35850,https://www.exito.com/vino-perlado-demisec-isabella-750-ml-3080489/p
2,Éxito; Carulla,espumoso,Vino blanco JUVÉY CAMPS gran reserva  (750  ml),JUVÉY CAMPS,193200,202875,https://www.exito.com/cava-reserva-fam-886156/p
2,Éxito; Carulla,espumoso,Vino blanco PIERLANT demi sec  (750  ml),PIERLANT,,,https://www.exito.com/vino-espumoso-demisec-821469/p
2,Éxito; Carulla,espumoso,Vino blanco SAINT LOUIS espumoso Mazuelo (750  ml),SAINT LOUIS,42900,45975,https://www.exito.com/vino-espumoso-saint-louis-846224/p
2,Éxito; Carulla,espumoso,Vino blanco VILARNAU cava vilarnau ice Blended (750  ml),VILARNAU,84075,86625,https://www.exito.com/vino-cava-ice-vilarnau-750-ml-3147374/p
2,Éxito; Carulla,espumoso,Vino CANAN   (750  ml),CANAN,,,https://www.exito.com/vino-rosado-espumoso-canan-750-mililitro-213914/p
2,Éxito; Carulla,espumoso,Vino CANELLA   (750  ml),CANELLA,,,https://www.exito.com/vino-espumante-rose-canella-750-ml-230060/p
2,Éxito; Carulla,espumoso,VINO CHARDONNAY BRUT NATURE CODORNIU 750 ml,CODORNIU,,,https://www.exito.com/vino-chardonnay-brut-nature-codorniu-750-ml-243342/p
2,Éxito; Carulla,espumoso,Vino CLETO CHIARLI Tinto  (750  ml),CLETO CHIARLI,,,https://www.exito.com/vino-espumoso-frizzante-x-750-ml-150831/p
2,Éxito; Carulla,espumoso,vino CODORNIU Espumoso  (200  ml),CODORNIU,,,https://www.exito.com/vespumosb-de-blancs-res-brut-740590/p
2,Éxito; Carulla,espumoso,Vino DIWINE   (750  ml),DIWINE,,,https://www.exito.com/frizante-rosado-tempranillo-diwine-750-ml-563638/p
2,Éxito; Carulla,espumoso,Vino EL GAITERO   (750  ml),EL GAITERO,,,https://www.exito.com/vino-esp-sidra-188106/p
2,Éxito; Carulla,espumoso,Vino Espumante JP CHENET  (750  ml),JP CHENET,,,https://www.exito.com/espumante-ice-rosa-copa-jp-chenet-750-ml-3091409/p
2,Éxito; Carulla,espumoso,Vino espumoso BALMORAL edone cuvee maria  (750  ml),BALMORAL,108800,108800,https://www.exito.com/edone-cuvee-de-maria-balmoral-750-ml-924186/p
2,Éxito; Carulla,espumoso,Vino Espumoso BARON DE ROTHBERG + Frizzantino Madres Ugni (1500  ml),BARON DE ROTHBERG,114200,114200,https://www.exito.com/vino-espumoso-baron-de-rothberg-ugni-1500-ml-3251869/p
2,Éxito; Carulla,espumoso,Vino espumoso BARON DE VALLS rosé ice Bobal (750  ml),BARON DE VALLS,36680,36680,https://www.exito.com/espumoso-ice-rosado-baron-de-valls-750-ml-3126145/p
2,Éxito; Carulla,espumoso,Vino Espumoso Blanco Ice + Mug JP CHENET 750 ml,JP CHENET,,,https://www.exito.com/vino-espumoso-blanco-ice-mug-jp-chenet-750-ml-3096851/p
2,Éxito; Carulla,espumoso,Vino espumoso BOTTICELLO lambrusco  (750  ml),BOTTICELLO,43900,43900,https://www.exito.com/vino-lambrusco-bianco-botticello-750-ml-3079308/p
2,Éxito; Carulla,espumoso,Vino espumoso CALVET brut  (750  ml),CALVET,98800,99800,https://www.exito.com/vino-brut-sprkling-wine-3014990/p
2,Éxito; Carulla,espumoso,Vino espumoso CANELLA prosseco  (750  ml),CANELLA,131400,131400,https://www.exito.com/prosseco-extra-dry-canella-750-ml-227238/p
2,Éxito; Carulla,espumoso,Vino espumoso CASA DEL RHIN uva blanca  (750  ml),CASA DEL RHIN,,,https://www.exito.com/vino-espumoso-blanco-katich-461730/p
2,Éxito; Carulla,espumoso,Vino espumoso CASILLERO DEL DIABLO devils brut  (750  ml),CASILLERO DEL DIABLO,,,https://www.exito.com/vino-espumoso-devils-brut-casillero-del-diablo-750-ml-248452/p
2,Éxito; Carulla,espumoso,Vino espumoso CC Cantine di Carpi lambrusco bianco  (750  ml),CC Cantine di Carpi,52050,59475,https://www.exito.com/vino-lambrusco-bianco-cc-cantine-di-carpi-750-ml-3080295/p
2,Éxito; Carulla,espumoso,Vino espumoso CC Cantine di Carpi rosé  (750  ml),CC Cantine di Carpi,52050,59475,https://www.exito.com/lambrusco-rose-cc-cantine-di-carpi-750-ml-3075462/p
2,Éxito; Carulla,espumoso,Vino espumoso CHANDON extra brut + copa regalo Blended (750  ml),CHANDON,,,https://www.exito.com/vino-chandon-blended-750-ml-3185986/p
2,Jumbo; Dislicores,espumoso,Vino Espumoso Chandon Spritz Garden 750ml,CHANDON,94500,107990,https://www.jumbocolombia.com/vino-espumoso-chandon-spritz-garden-750ml-380652/p
2,Éxito; Carulla,espumoso,Vino espumoso CINZANO pro spritz Otra Cepa (750  ml),CINZANO,64600,64600,https://www.exito.com/vino-pro-spritz-cinzano-750-ml-3050934/p
2,Éxito; Carulla,espumoso,Vino espumoso CLETO CHIARLI rosado Lambrusco (750  ml),CLETO CHIARLI,62600,64400,https://www.exito.com/vino-lambrusco-rosado-dolce-sweet-x-750-ml-419532/p
2,Éxito; Carulla,espumoso,Vino espumoso CLUB DES SOMMELIERS MARCA EXCL blanco brut vibrant  (750  ml),CLUB DES SOMMELIERS MARCA EXCL,24150,24150,https://www.exito.com/vespumoso-vibrant-brut-blanco-678741/p
2,Jumbo; Vinos El Kiosco,espumoso,Vino Espumoso Codorniu Anna Brut Rose 750 ml,CODORNIU,121900,149990,https://www.jumbocolombia.com/vino-espumoso-codorniu-anna-brut-rose-750-ml-39446/p
2,Éxito; Carulla,espumoso,Vino espumoso CODORNIU brut clásico orgánico  (750  ml),CODORNIU,70655,70655,https://www.exito.com/vino-espumoso-codorniu-clasico-brut-botella-x-750ml-283688/p
2,Éxito; Carulla,espumoso,Vino espumoso CODORNIU brut extra  (750  ml),CODORNIU,49140,49140,https://www.exito.com/vino-espumoso-maria-brut-x-750ml-939994/p
2,Jumbo; Vinos El Kiosco,espumoso,Vino Espumoso Codorniu Clasico 750ml,CODORNIU,94600,118900,https://www.jumbocolombia.com/vino-espumoso-codorniu-clasico-750ml-8419/p
2,Jumbo; Olímpica,espumoso,Vino Espumoso Codorniu Maria Brut 750ml,CODORNIU,51642,89990,https://www.jumbocolombia.com/vino-espumoso-codorniu-maria-brut-750ml-8421/p
2,Éxito; Carulla,espumoso,Vino espumoso COLUMBIA CREST MARCA EXCLUSIVA seco  (750  ml),COLUMBIA CREST MARCA EXCLUSIVA,31550,31550,https://www.exito.com/vino-espumoso-domaine-ste-michelle-x-750-ml-364714/p
2,Éxito; Carulla,espumoso,Vino espumoso CONO SUR rosé  (750  ml),CONO SUR,,,https://www.exito.com/vino-espumoso-rose-x-750-ml-674652/p
2,Éxito; Carulla,espumoso,Vino espumoso DUC DE PARIS MARCA EXCLUSIVA brut  (750  ml),DUC DE PARIS MARCA EXCLUSIVA,28300,32150,https://www.exito.com/vino-espumoso-duo-de-paris-x-750ml-876898/p
2,Éxito; Carulla,espumoso,VINO ESPUMOSO EXTRA BRU CHANDON 1500 ml,CHANDON,,,https://www.exito.com/vino-espumoso-extra-bru-177196/p
2,Olímpica; Dislicores,espumoso,Vino Espumoso Freixenet Brut Carta Nevada 750 Ml,Freixenet,94500,130800,https://www.olimpica.com/vino-esp-freixenet-brut-cart-nevad-750ml/p
2,Éxito; Carulla,espumoso,Vino espumoso FREIXENET cava  (750  ml),FREIXENET,,,https://www.exito.com/cava-rosada-f-32997/p
2,Éxito; Carulla,espumoso,Vino espumoso GERARD BERTRAND MARCA EXCLUSIV cremant limoux  (750  ml),GERARD BERTRAND MARCA EXCLUSIV,80900,87000,https://www.exito.com/vino-cremant-limoux-x-750ml-155426/p
2,Éxito; Carulla,espumoso,Vino espumoso ISABELLA frizzante vitis  (750  ml),ISABELLA,35137,36900,https://www.exito.com/vino-frizzante-vitis-isabella-750-ml-3080488/p
2,Éxito; Carulla,espumoso,Vino espumoso ITYNERA MARCA EXCLUSIVA prosecco  (750  ml),ITYNERA MARCA EXCLUSIVA,30400,30750,https://www.exito.com/vino-prosecco-doc-itynera-marca-exclusiva-750-ml-64122/p
2,Olímpica; Dislicores,espumoso,Vino Espumoso Jaume Serra Cava Semi Seco 750 Ml,Jaume Serra,56700,66990,https://www.olimpica.com/vino-espum-jaume-serra-c-sem-seco-750ml/p
2,Éxito; Carulla,espumoso,Vino espumoso JP CHENET brut  (200  ml),JP CHENET,,,https://www.exito.com/vino-espumoso-sparkling-brut-x-200-ml-984478/p
2,Éxito; Carulla,espumoso,Vino espumoso JP CHENET demi sec Moscatel (750  ml),JP CHENET,91500,92600,https://www.exito.com/vino-espumante-divinne-muscat-jp-chenet-750-ml-3130910/p
2,Éxito; Carulla,espumoso,Vino espumoso JP CHENET dry  (200  ml),JP CHENET,22000,22900,https://www.exito.com/vino-espumoso-sparkling-rose-x-200ml-984481/p
2,Éxito; Carulla,espumoso,Vino espumoso JP CHENET ice + cosmetiquera Mélika regalo Blended (750  ml),JP CHENET,61800,61800,https://www.exito.com/vino-jp-chenet-blended-750-ml-3189755/p
2,Éxito; Carulla,espumoso,Vino espumoso JP CHENET ice edition Blend (750  ml),JP CHENET,69400,78700,https://www.exito.com/vino-espumoso-rose-ice-edition-x-750-ml-589856/p
2,Éxito; Carulla,espumoso,Vino espumoso JP CHENET rosé dry  (750  ml),JP CHENET,63400,63700,https://www.exito.com/vino-espumoso-sparkling-rose-x-750ml-789883/p
2,Jumbo; Dislicores,espumoso,Vino Espumoso Jp Chenet Spritz 750ml,JP CHENET,79990,80990,https://www.jumbocolombia.com/vino-espumoso-jp-chenet-spritz-750ml-401029/p
2,Éxito; Carulla,espumoso,Vino espumoso MAISON CASTEL MARCA EXCLUSIVA blanco espumoso ice  (750  ml),MAISON CASTEL MARCA EXCLUSIVA,36750,41100,https://www.exito.com/vino-espumoso-maison-castel-marca-exclusiva-750-ml-3043139/p
2,Éxito; Carulla,espumoso,Vino espumoso MAISON CASTEL MARCA EXCLUSIVA brut Chardonnay (750  ml),MAISON CASTEL MARCA EXCLUSIVA,32700,33050,https://www.exito.com/vino-espumoso-maison-castel-marca-exclusiva-750-ml-3043137/p
2,Éxito; Carulla,espumoso,Vino espumoso MAISON CASTEL MARCA EXCLUSIVA espumoso rosée ice  (750  ml),MAISON CASTEL MARCA EXCLUSIVA,36850,41150,https://www.exito.com/vino-espumoso-maison-castel-marca-exclusiva-750-ml-3043140/p
2,Éxito; Carulla,espumoso,Vino espumoso MARTINI asti  (750  ml),MARTINI,,,https://www.exito.com/vino-espumoso-martini-asti-x-750ml-374880/p
2,Éxito; Carulla,espumoso,Vino espumoso MARTINI prosecco sparkling  (750  ml),MARTINI,,,https://www.exito.com/v-prosecco-sparkling-485763/p
2,Jumbo; Olímpica,espumoso,Vino Espumoso Medici Ermete Lambrusco Rosso 750ml,LAMBRUSCO,46500,58990,https://www.jumbocolombia.com/vino-espumoso-medici-ermete-lambrusco-rosso-750ml-14105/p
2,Éxito; Carulla,espumoso,Vino espumoso MIONETTO prosecco doc treviso  (200  ml),MIONETTO,33250,33600,https://www.exito.com/vino-espumoso-proseco-brut-202030/p
2,Éxito; Carulla,espumoso,Vino espumoso MOELIA brut Chennin (750  ml),MOELIA,68900,68900,https://www.exito.com/vino-espumoso-blanco-brut-moelia-750-ml-3081594/p
2,Éxito; Carulla,espumoso,Vino espumoso MOELIA espumoso rosé Cabernet Franc (750  ml),MOELIA,68900,68900,https://www.exito.com/vino-espumoso-rose-moelia-750-ml-3081595/p
2,Éxito; Carulla,espumoso,Vino espumoso NAVARRO CORREAS brut  spark Malbec (750  ml),NAVARRO CORREAS,109800,117900,https://www.exito.com/vino-espumoso-navarro-correas-extra-brut-750-ml-7368/p
2,Olímpica; Dislicores,espumoso,Vino Espumoso Navarro Correas Extra Brut 750 Ml,Navarro Y Correa,99500,108800,https://www.olimpica.com/vino-navarro-corr-spark-extbrut-750ml/p
2,Éxito; Carulla,espumoso,Vino espumoso NUITDOREE demi sec Airen (750  ml),NUITDOREE,59900,59900,https://www.exito.com/vino-espumoso-rose-demi-sec-ice-edition-nuitdoree-750-ml-3130732/p
2,Éxito; Carulla,espumoso,Vino espumoso NUITDOREE sec Airen (750  ml),NUITDOREE,59900,59900,https://www.exito.com/vino-espumoso-blanco-sec-ice-edition-nuitdoree-750-ml-3130731/p
2,Éxito; Carulla,espumoso,Vino espumoso PARIS NUIT ice blanc Chardonnay (750  ml),PARIS NUIT,67200,67200,https://www.exito.com/vino-paris-de-niut-ice-concha-y-toro-750-ml-3131123/p
2,Éxito; Carulla,espumoso,Vino espumoso PARIS NUIT ice rosé Otra Cepa (750  ml),PARIS NUIT,69500,69500,https://www.exito.com/vap-paris-ice-rose-vaso-paris-nuit-vap-vino-espumosoparisicerosevaso-otra-cepa-750-ml-3235799/p
2,Éxito; Carulla,espumoso,Vino espumoso PARIS NUIT ice rosé Pinot Noir (750  ml),PARIS NUIT,69500,69500,https://www.exito.com/vino-paris-de-niut-rose-ice-concha-y-toro-750-ml-3131125/p
2,Éxito; Carulla,espumoso,Vino espumoso PE/ASCAL aguja español  (750  ml),PE/ASCAL,79600,83600,https://www.exito.com/vino-de-aguja-rosado-162112/p
2,Éxito; Carulla,espumoso,Vino espumoso PIERLANT   (750  ml),PIERLANT,,,https://www.exito.com/vino-espumoso-brut-x-750ml-821467/p
2,Éxito; Carulla,espumoso,Vino espumoso PINO PINO MARCA EXCLUSIVA pinot noir frizzante  (750  ml),PINO PINO MARCA EXCLUSIVA,22625,22900,https://www.exito.com/vino-pinot-noir-frizzante-pino-pino-marca-exclusiva-750-mililitro-173175/p
2,Éxito; Carulla,espumoso,Vino espumoso RIUNITE lambrusco rosado Otra Cepa (750  ml),RIUNITE,37660,37660,https://www.exito.com/vino-rose-lambrusco-698440/p
2,Éxito; Carulla,espumoso,Vino espumoso SANDARA blanco frizante Sauvignon Blanc (250  ml),SANDARA,,,https://www.exito.com/vino-frizante-blanco-sandara-250-ml-3133624/p
2,Éxito; Carulla,espumoso,Vino espumoso SANDARA blanco frizante Sauvignon Blanc (750  ml),SANDARA,,,https://www.exito.com/vino-frizante-blanco-sandara-750-ml-3133621/p
2,Éxito; Carulla,espumoso,Vino espumoso SANDARA rosado frizante Bobal (250  ml),SANDARA,24350,25000,https://www.exito.com/vino-frizante-rosado-sandara-250-ml-3133625/p
2,Éxito; Carulla,espumoso,Vino espumoso SANDARA rosado frizante Bobal (750  ml),SANDARA,,,https://www.exito.com/vino-frizante-rosado-sandara-750-ml-3133622/p
2,Éxito; Carulla,espumoso,Vino espumoso SANTA JULIA MARCA EXCLUSIVA brut espumoso extra cuvee  (750  ml),SANTA JULIA MARCA EXCLUSIVA,34550,36300,https://www.exito.com/vino-espumoso-extra-brut-classic-cuvee-santa-julia-marca-exclusiva-570-ml-3112537/p
2,Éxito; Carulla,espumoso,Vino espumoso SANTA MARGHERITA prosecco margherita valdo Chardonnay (750  ml),SANTA MARGHERITA,194600,202800,https://www.exito.com/vino-prosecco-margherita-valdo-1002864/p
2,Éxito; Carulla,espumoso,Vino espumoso UNDURRAGA demi sec  (750  ml),UNDURRAGA,50050,53950,https://www.exito.com/vino-espumoso-demi-sec-x-750ml-122518/p
2,Éxito; Carulla,espumoso,Vino espumoso UNDURRAGA extra fino  (375  ml),UNDURRAGA,61040,63000,https://www.exito.com/vino-espumoso-extra-brut-868615/p
2,Jumbo; Olímpica,espumoso,Vino Espumoso Veuve Du Vernay Brut Rose 750ml,VEUVE DU VERNAY,83000,93990,https://www.jumbocolombia.com/vino-espumoso-veuve-du-vernay-brut-rose-750ml-388014/p
2,Éxito; Carulla,espumoso,Vino espumoso VILARNAU vilarnau demi sec Subirat Parent (750  ml),VILARNAU,84075,86625,https://www.exito.com/vino-cava-demisec-vilarnau-750-ml-3147373/p
2,Éxito; Carulla,espumoso,VINO ESPUMOSO X 6 FRIZZANTINO 4500 ml,FRIZZANTINO,,,https://www.exito.com/vino-espumoso-x-6u-984128/p
2,Éxito; Carulla,espumoso,VINO ESPUMOSO X 6 JP CHENET 4500 ml,JP CHENET,,,https://www.exito.com/vino-espumoso-x-6-u-981055/p
2,Éxito; Carulla,espumoso,Vino espumoso ZONIN blanco Otra Cepa (750  ml),ZONIN,68600,68600,https://www.exito.com/v-espumoso-proseco-439108/p
2,Éxito; Carulla,espumoso,Vino espumoso ZONIN lambrusco Otra Cepa (750  ml),ZONIN,41400,41400,https://www.exito.com/lambrusco-rosso-ognigiorno-em-zonin-750-ml-3067831/p
2,Éxito; Carulla,espumoso,Vino FANTASIA   (750  ml),FANTASIA,18100,18100,https://www.exito.com/vino-espumoso-blanco-7610/p
2,Éxito; Carulla,espumoso,Vino FREIXENET Espumoso  (750  ml),FREIXENET,,,https://www.exito.com/vino-espumoso-brut-excelencia-x-750ml-263473/p
2,Éxito; Carulla,espumoso,Vino FRESITA   (350  ml),FRESITA,,,https://www.exito.com/vino-espumoso-fresita-x-350ml-109641/p
2,Éxito; Carulla,espumoso,Vino FRESITA   (750  ml),FRESITA,,,https://www.exito.com/vino-espumoso-fresita-x-750ml-860181/p
2,Éxito; Carulla,espumoso,Vino Frizante Rose + Lychees FRIZZANTINO 750 ml,FRIZZANTINO,,,https://www.exito.com/vino-frizante-rose-lychees-frizzantino-750-ml-3096625/p
2,Éxito; Carulla,espumoso,Vino FRIZZANTINO blanco espumante demisec botella Otra Cepa (700  ml),FRIZZANTINO,,,https://www.exito.com/vino-frizzantino-otra-cepa-700-ml-3205863/p
2,Éxito; Carulla,espumoso,Vino FRIZZANTINO tinto espumante labrusco botella Otra Cepa (700  ml),FRIZZANTINO,,,https://www.exito.com/vino-frizzantino-otra-cepa-700-ml-3205864/p
2,Éxito; Carulla,espumoso,Vino JP CHENET Espumant + Parlante Cinsault (1500  ml),JP CHENET,,,https://www.exito.com/pack-vinos-espumant-parlante-jp-chenet-1500-ml-3047123/p
2,Olímpica; Vinos El Kiosco,espumoso,Vino Lambrusco Rojo 750 Ml,Glenmorangie,48000,54300,https://www.olimpica.com/vino-lambrusco-rojo-750-ml/p
2,Éxito; Carulla,espumoso,Vino LLOPART  (750  ml),LLOPART,,,https://www.exito.com/cava-reserva-brut-llopart-750-ml-165957/p
2,Éxito; Carulla,espumoso,Vino LOLEA  (750  ml),LOLEA,,,https://www.exito.com/sangria-espumante-tinto-copa-lolea-750-ml-3096850/p
2,Éxito; Carulla,espumoso,Vino MADAME COLETTE   (750  ml),MADAME COLETTE,,,https://www.exito.com/vino-espumoso-blanco-518901/p
2,Éxito; Carulla,espumoso,VINO MARQUES DE ALTILLO Viura (750  ml),MARQUES DE ALTILLO,,,https://www.exito.com/vino-blanco-viura-marques-de-altillo-750-ml-3132126/p
2,Éxito; Carulla,espumoso,Vino MEDICI ERMETE   (750  ml),MEDICI ERMETE,34720,34720,https://www.exito.com/vino-blanco-lambrusco-botella-x-750ml-322267/p
2,Éxito; Carulla,espumoso,Vino MEDICI ERMETE Otra Cepa (750  ml),MEDICI ERMETE,,,https://www.exito.com/vino-medici-ermete-otra-cepa-750-ml-3190457/p
2,Éxito; Carulla,espumoso,Vino NUITDOREE  (750  ml),NUITDOREE,,,https://www.exito.com/vino-espumoso-blanco-sec-black-ice-edition-nuitdoree-750-ml-3130730/p
2,Éxito; Carulla,espumoso,Vino PASQUA  (750  ml),PASQUA,,,https://www.exito.com/vino-espumoso-proseco-blanco-959339/p
2,Éxito; Carulla,espumoso,VINO PICCINI  Blended (750  ml),PICCINI,,,https://www.exito.com/vino-lambrusco-rosado-papas-monte-rojo-piccini-750-ml-3171311/p
2,Éxito; Carulla,espumoso,Vino PICCINI Lambrusco Rosado Otra Cepa (750  ml),PICCINI,55700,56100,https://www.exito.com/vino-rosado-lambrusco-reggiano-x-750-ml-675403/p
2,Éxito; Carulla,espumoso,Vino POL CLEMENT   (750  ml),POL CLEMENT,,,https://www.exito.com/vino-espumoso-demisec-307165/p
2,Éxito; Carulla,espumoso,VINO PROSECCO + FINEST CALL MIONETTO 750 ml,MIONETTO,,,https://www.exito.com/vino-prosecco-finest-call-mionetto-750-mililitro-3002617/p
2,Éxito; Carulla,espumoso,Vino Rdo JP CHENET + Copa Madres Otra Cepa (750  ml),JP CHENET,74600,75400,https://www.exito.com/vino-rdo-jp-chenet-otra-cepa-750-ml-3251871/p
2,Éxito; Carulla,espumoso,Vino RIVELINO   (750  ml),RIVELINO,,,https://www.exito.com/vino-espumoso-rosado-rivelino-750-ml-47823/p
2,Éxito; Carulla,espumoso,Vino rosado ALTEZA espumoso semiseco Blend (750  ml),ALTEZA,49400,51900,https://www.exito.com/vino-alteza-blend-750-ml-3193490/p
2,Éxito; Carulla,espumoso,Vino Rosado ANDRE Espumoso Blended (750  ml),ANDRE,70800,72800,https://www.exito.com/vino-espumoso-rosado-california-x-750-ml-395101/p
2,Éxito; Carulla,espumoso,Vino rosado CHANDON espumoso Otra Cepa (750  ml),CHANDON,100400,107400,https://www.exito.com/espumoso-garden-spritz-chandon-otra-cepa-750-ml-3221820/p
2,Éxito; Carulla,espumoso,Vino rosado CODORNIU Anna Codorniu  Chardonnay (750  mm),CODORNIU,78075,78075,https://www.exito.com/ice-anna-codorniu-rese-codorniu-750-mm-3147553/p
2,Éxito; Carulla,espumoso,Vino rosado CODORNIU brut espumoso Mazuelo (750  ml),CODORNIU,70460,70460,https://www.exito.com/cava-clasica-rosada-codorniu-x-750ml-109212/p
2,Éxito; Carulla,espumoso,Vino rosado JP CHENET copa espiral Otra Cepa (1  und),JP CHENET,,,https://www.exito.com/vino-jpcopa-jp-chenet-otra-cepa-1-und-3226933/p
2,Éxito; Carulla,espumoso,Vino rosado LA PIUMA MARCA EXCLUSIVA espumoso Lambrusco (750  ml),LA PIUMA MARCA EXCLUSIVA,14975,14975,https://www.exito.com/vino-lambrusco-rosado-la-piuma-marca-exclusiva-750-ml-3067851/p
2,Éxito; Carulla,espumoso,Vino rosado MOELIA brut espumoso Otra Cepa (750  ml),MOELIA,43260,43260,https://www.exito.com/pack-vino-espumoso-vela-moelia-vino-espumoso-750-ml-3214458/p
2,Éxito; Carulla,espumoso,Vino rosado PINO PINO MARCA EXCLUSIVA pinot noir rose frizzante  (750  ml),PINO PINO MARCA EXCLUSIVA,22625,23800,https://www.exito.com/vino-pinot-noir-rose-frizzante-pino-pino-marca-exclusiva-750-mililitro-179960/p
2,Éxito; Carulla,espumoso,Vino rosado UNDURRAGA brut espumoso rose  (750  ml),UNDURRAGA,91350,99260,https://www.exito.com/vino-espumoso-brut-rose-x-750ml-985005/p
2,Éxito; Carulla,espumoso,Vino ROSE DI BACCO  (750  ml),ROSE DI BACCO,,,https://www.exito.com/vino-lambrusco-blanco-rose-di-bacco-750-ml-3100532/p
2,Jumbo; Olímpica,espumoso,Vino Saint Louis Espumoso Brut 750ml,SAINT,37797,59990,https://www.jumbocolombia.com/vino-saint-louis-espumoso-brut-750ml-121337/p
2,Éxito; Carulla,espumoso,Vino SANDARA  (375  ml),SANDARA,,,https://www.exito.com/vino-frizante-chardonnay-sake-sandara-375-ml-3133623/p
2,Éxito; Carulla,espumoso,Vino SANTA JULIA MARCA EXCLUSIVA   (748  ml),SANTA JULIA MARCA EXCLUSIVA,,,https://www.exito.com/vino-espumoso-extrabrut-uno-paquete-x-4-und-187ml-c-u-406160/p
2,Éxito; Carulla,espumoso,Vino SUA   (750  ml),SUA,,,https://www.exito.com/vino-tinto-espumoso-sua-dulce-78102/p
2,Éxito; Carulla,espumoso,Vino TAITTINGER   (750  ml),TAITTINGER,498225,498225,https://www.exito.com/vino-brut-reserve-taittinger-750-mililitro-219324/p
2,Éxito; Carulla,espumoso,Vino TERRA SERENA MARCA EXCLUSIVA   (750  ml),TERRA SERENA MARCA EXCLUSIVA,24050,24050,https://www.exito.com/vino-espumoso-prosecco-treviso-x-750-ml-452964/p
2,Éxito; Carulla,espumoso,Vino tinto CC Cantine di Carpi espumoso  (750  ml),CC Cantine di Carpi,48525,59475,https://www.exito.com/lambrusco-di-modena-il-duomo-cc-cantine-di-carpi-750-ml-3075463/p
2,Éxito; Carulla,espumoso,Vino tinto JP CHENET fashion Otra Cepa (700  ml),JP CHENET,83000,83900,https://www.exito.com/fashion-cassis-942710/p
2,Éxito; Carulla,espumoso,Vino tinto JP CHENET fashion strawberry raspberry Chardonna (750  ml),JP CHENET,90700,91700,https://www.exito.com/fashion-strawberry-942715/p
2,Éxito; Carulla,espumoso,Vino tinto SARSITANO rojo espumoso  (750  ml),SARSITANO,47150,47150,https://www.exito.com/lambrusco-dell-emilia-rojo-sarsitano-750-ml-3112244/p
2,Jumbo; Vinos El Kiosco,espumoso,Vino tinto vii crianza  Faustino x 750 ml,FAUSTINO,98200,139990,https://www.jumbocolombia.com/vino-tinto-vii-crianza-faustino-x-750-ml/p
2,Éxito; Carulla,espumoso,Vino VALDIVIESO Extra Espumoso  (750  ml),VALDIVIESO,,,https://www.exito.com/champana-extra-brut-x-750ml-456524/p
2,Éxito; Carulla,espumoso,Vino VINICO de manzana burbujeante Otra Cepa (750  ml),VINICO,,,https://www.exito.com/vino-de-manzana-vinico-otra-cepa-750-ml-3238254/p
2,Éxito; Carulla,espumoso,Vino VINICO tinto burbujeante Otra Cepa (750  ml),VINICO,,,https://www.exito.com/vino-tinto-vinico-otra-cepa-750-ml-3238255/p
2,Éxito; Carulla,rosado,CAVA RESERVA ROSE BRUT LLOPART 750 ml,LLOPART,,,https://www.exito.com/cava-reserva-rose-brut-llopart-750-ml-165963/p
2,Éxito; Carulla,rosado,V. ROSADO CORVINA VERONESE MUR AMERICO VESPVCCI 750 ml,AMERICO VESPVCCI,,,https://www.exito.com/v-rosado-corvina-veronese-mur-653256/p
2,Éxito; Carulla,rosado,V.ROSADO WHITE BERINGER 750 ml,BERINGER,,,https://www.exito.com/vrosado-white-zinfandel-939989/p
2,Éxito; Carulla,rosado,V.ROSADO WHITE ZINFANDEL SUTTER HOME 750 ml,SUTTER HOME,,,https://www.exito.com/vino-rosado-white-zinfandel-sutte-x-750ml-232201/p
2,Éxito; Carulla,rosado,Vino  Rosado Tierra De Castilla Blended (750  ml),---------,,,https://www.exito.com/vino-rosado-tierra-de-castilla-750-ml-1003011/p
2,Éxito; Carulla,rosado,Vino blanco TERRA VEGA chileno Otra Cepa (750  ml),TERRA VEGA,36894,55900,https://www.exito.com/vino-rosado-terra-vega-750-ml-3044249/p
2,Éxito; Carulla,rosado,Vino CASAL GARCIA   (750  ml),CASAL GARCIA,,,https://www.exito.com/vr-vino-verde-934763/p
2,Éxito; Carulla,rosado,Vino CHATEAU MAISON NOBLE   (750  ml),CHATEAU MAISON NOBLE,24950,24950,https://www.exito.com/vino-rosado-clairet-aoc-bordea-847702/p
2,Éxito; Carulla,rosado,VINO EMBLEMA  Varietal (750  ml),EMBLEMA,,,https://www.exito.com/vino-rose-emblema-x-750ml-vinicorte-750-ml-3125225/p
2,Éxito; Carulla,rosado,Vino FRAGANTIA tinto Syrah (750  ml),FRAGANTIA,,,https://www.exito.com/vino-rose-syrah-662856/p
2,Éxito; Carulla,rosado,Vino GERARD BERTRAND MARCA EXCLUSIV V.ROSADO SYRAHM RESERVE SP  (750  ml),GERARD BERTRAND MARCA EXCLUSIV,12150,12150,https://www.exito.com/vrosado-syrah-m-reserve-sp-102133/p
2,Éxito; Carulla,rosado,Vino I LOVE ROSE MARCA EXCLUSIVA   (750  ml),I LOVE ROSE MARCA EXCLUSIVA,,,https://www.exito.com/vrosado-rose-danjou-117576/p
2,Éxito; Carulla,rosado,Vino JP CHENET   (250  ml),JP CHENET,,,https://www.exito.com/vino-rosado-grenache-cinsault-botella-x-250ml-83298/p
2,Éxito; Carulla,rosado,Vino LES JOLIES FILLES   (750  ml),LES JOLIES FILLES,,,https://www.exito.com/vino-rose-les-jolies-filles-750ml-10895/p
2,Éxito; Carulla,rosado,Vino M.CHAPOUTIER Garnacha (750  ml),M.CHAPOUTIER,,,https://www.exito.com/vino-rosado-bellerunche-mchapoutier-750-ml-3133193/p
2,Éxito; Carulla,rosado,Vino MISIONES DE RENGO  Blended (750  ml),MISIONES DE RENGO,,,https://www.exito.com/vino-rosado-cabernet-syrah-x-750ml-301280/p
2,Éxito; Carulla,rosado,Vino MONTGRAS  Zinfandel (750  ml),MONTGRAS,,,https://www.exito.com/vrdo-zinfandel-pink-sin-montgras-750-mililitro-296202/p
2,Jumbo; Vinos El Kiosco,rosado,Vino Portillo Rose 750ml,PORTILLO,60443,71200,https://www.jumbocolombia.com/vino-portillo-rose-750ml-139482/p
2,Éxito; Carulla,rosado,Vino rosado ALIWEN reserva árbol sagrado Cabernet Sauvignon (750  ml),ALIWEN,80775,81525,https://www.exito.com/vino-rosado-aliwen-x-750ml-985003/p
2,Éxito; Carulla,rosado,Vino rosado ALTANZA joven Blended (750  ml),ALTANZA,33050,33050,https://www.exito.com/vino-rosado-alma-bohemia-227710/p
2,Éxito; Carulla,rosado,Vino rosado BAREFOOT moscato Moscato (750  ml),BAREFOOT,57300,60200,https://www.exito.com/vino-rosado-moscato-x-750ml-375682/p
2,Éxito; Carulla,rosado,Vino rosado BAREFOOT white zinfandel Zinfandel (750  ml),BAREFOOT,56500,64300,https://www.exito.com/vino-rosadoo-white-zinfandel-x-750ml-102034/p
2,Éxito; Carulla,rosado,Vino rosado BECASSIER MARCA EXCLUSIVA cuvee du rose  (750  ml),BECASSIER MARCA EXCLUSIVA,,,https://www.exito.com/vino-domaine-grand-rose-x-750-ml-612446/p
2,Éxito; Carulla,rosado,Vino rosado BECASSIER MARCA EXCLUSIVA domaine grand becassier  (750  ml),BECASSIER MARCA EXCLUSIVA,,,https://www.exito.com/vino-domaine-grand-x-750-ml-612442/p
2,Éxito; Carulla,rosado,Vino rosado CALVET frutal  (750  ml),CALVET,70700,73400,https://www.exito.com/vino-rosado-de-anjou-x-750ml-984472/p
2,Éxito; Carulla,rosado,Vino rosado CARLO ROSSI rose  (750  ml),CARLO ROSSI,43500,44000,https://www.exito.com/vino-rose-california-botella-x-750ml-340548/p
2,Éxito; Carulla,rosado,Vino rosado CARLO ROSSI suave afrutado Blended (1500  ml),CARLO ROSSI,70200,79700,https://www.exito.com/vino-rosado-carlo-rossi-1500-ml-226681/p
2,Éxito; Carulla,rosado,Vino rosado COLINAS DE LISBOA botella Otra Cepa (750  ml),COLINAS DE LISBOA,66600,68600,https://www.exito.com/vino-colinas-de-lisboa-rosado-otra-cepa-750-ml-3222222/p
2,Éxito; Carulla,rosado,Vino rosado COMPROMISSO portugués Espadeiro (750  ml),COMPROMISSO,58200,59800,https://www.exito.com/vino-joven-compromisso-espadeiro-750-ml-3179579/p
2,Éxito; Carulla,rosado,Vino rosado CONDESA DE LEGANZA selección de familia  (750  ml),CONDESA DE LEGANZA,74400,76650,https://www.exito.com/vino-rose-provensal-condesa-de-leganza-750-mililitro-501327/p
2,Éxito; Carulla,rosado,Vino rosado COTES DE PROVENCE tourmaline Garnacha (750  ml),COTES DE PROVENCE,105975,105975,https://www.exito.com/vino-rose-740589/p
2,Éxito; Carulla,rosado,Vino rosado DARK HORSE MARCA EXCLUSIVA California  (750  ml),DARK HORSE MARCA EXCLUSIVA,37500,39600,https://www.exito.com/vino-rosado-dark-horse-marca-exclusiva-750-mililitro-869456/p
2,Éxito; Carulla,rosado,Vino rosado EMILIANA rosé orgánico  (750  ml),EMILIANA,79100,79100,https://www.exito.com/vino-adobe-rose-emiliana-750-mililitro-248463/p
2,Éxito; Carulla,rosado,Vino rosado FAUNO MARCA EXCLUSIVA fresco  (750  ml),FAUNO MARCA EXCLUSIVA,15925,15925,https://www.exito.com/vino-bobal-rosado-fauno-marca-exclusiva-750-mililitro-237103/p
2,Éxito; Carulla,rosado,Vino rosado GALLO MARCA EXCLUSIVA white zinfandel White Zinfandels (1500  ml),GALLO MARCA EXCLUSIVA,50900,58000,https://www.exito.com/vrosado-white-zinfandel-960015/p
2,Éxito; Carulla,rosado,Vino rosado GALLO MARCA EXCLUSIVA white zinfandel Zinfandel (750  ml),GALLO MARCA EXCLUSIVA,25600,25900,https://www.exito.com/vino-rosado-white-zinfandel-botella-x-750-ml-47195/p
2,Éxito; Carulla,rosado,Vino rosado GATO NEGRO cabernet sauvignon Cabenet S (750  ml),GATO NEGRO,55100,58200,https://www.exito.com/vino-rosado-cabernet-sauvignon-x-750ml-8241/p
2,Éxito; Carulla,rosado,Vino rosado GAVIOTA rose chill Varietal (750  ml),GAVIOTA,20300,20600,https://www.exito.com/vino-rose-chil-gaviota-varietal-750-ml-3187011/p
2,Éxito; Carulla,rosado,Vino rosado GERARD BERTRAND MARCA EXCLUSIV reserva embotellado  (750  ml),GERARD BERTRAND MARCA EXCLUSIV,127200,133600,https://www.exito.com/vino-rosado-chateau-l-hopitaliet-x-750ml-102125/p
2,Éxito; Carulla,rosado,Vino rosado HITO C21 Ribera del Duero Otra Cepa (750  ml),HITO C21,126700,126700,https://www.exito.com/vino-rosado-ribera-del-duero-hito-c21-750-ml-3131702/p
2,Éxito; Carulla,rosado,Vino rosado ITYNERA MARCA EXCLUSIVA prima classe  (750  ml),ITYNERA MARCA EXCLUSIVA,25900,26200,https://www.exito.com/vino-nero-d-avola-rosato-x-750-ml-366353/p
2,Olímpica; Dislicores,rosado,Vino Rosado Jp Chenet Grenache Cinsault 750 Ml,J.P Chenet,41795,61990,https://www.olimpica.com/vino-jp-ch-cinsaul-grenache-rose-750/p
2,Éxito; Carulla,rosado,Vino rosado JP CHENET grenache cinsault Grenache Cinsault (750  ml),JP CHENET,63700,64400,https://www.exito.com/vino-rosado-cinsault-grenache-x-750ml-821454/p
2,Éxito; Carulla,rosado,Vino rosado LAMAN MARCA EXCLUSIVA botella  (750  ml),LAMAN MARCA EXCLUSIVA,17025,17900,https://www.exito.com/vino-rosado-laman-x-750ml-219700/p
2,Éxito; Carulla,rosado,Vino rosado LAZO chileno Cabernetf (750  ml),LAZO,36592,36592,https://www.exito.com/vino-rose-lazo-750-ml-3147670/p
2,Éxito; Carulla,rosado,Vino rosado LELLO portugués Tinta Cao (750  ml),LELLO,74700,80800,https://www.exito.com/vino-del-douro-lello-tinta-cao-750-ml-3179570/p
2,Olímpica; Vinos El Kiosco,rosado,Vino Rosado Maipo Classic Series 750 Ml,Maipo,39300,48500,https://www.olimpica.com/vino-maipo-clasic-rose-750ml/p
2,Éxito; Carulla,rosado,Vino rosado MARQUES DE CACERES costanilia rioja  (750  ml),MARQUES DE CACERES,93400,93400,https://www.exito.com/vino-costanilia-rioja-marques-de-caceres-750-ml-3027119/p
2,Éxito; Carulla,rosado,Vino Rosado MARQUES DE RISCAL Rioja Garnacha (750  ml),MARQUES DE RISCAL,69337,69337,https://www.exito.com/vino-rosado-marques-de-riscal-x-750ml-161860/p
2,Éxito; Carulla,rosado,Vino rosado MORANDE chileno visionario rosé Chardonnay (750  ml),MORANDE,36975,36975,https://www.exito.com/vino-chileno-visionario-rose-morande-750-ml-3161835/p
2,Éxito; Carulla,rosado,Vino rosado MOUTON CADET cadet le rose organic Merlot (750  ml),MOUTON CADET,169000,169000,https://www.exito.com/mouton-cadet-le-rose-organic-mouton-cadet-750-ml-3141432/p
2,Éxito; Carulla,rosado,Vino rosado OLAS DEL SUR fresco ligero Cabernet Sauvignon (750  ml),OLAS DEL SUR,27050,27050,https://www.exito.com/vino-olas-del-sur-cabernet-sauvignon-750-ml-3193925/p
2,Éxito; Carulla,rosado,Vino rosado ORIGEN botella Blended (750  ml),ORIGEN,22900,23650,https://www.exito.com/vino-rosado-rose-origen-blended-750-ml-3216905/p
2,Éxito; Carulla,rosado,Vino rosado PARTAGER joven frutal Garnacha (750  ml),PARTAGER,42825,42825,https://www.exito.com/vino-rosado-partager-x-750-ml-576391/p
2,Olímpica; Vinos El Kiosco,rosado,Vino Rosado Protocolo 750 Ml,Protocolo,51900,61300,https://www.olimpica.com/vino-protocolo-rose-750-ml-8437000038030-1477401/p
2,Éxito; Carulla,rosado,Vino rosado PROTOS aire  (750  ml),PROTOS,84750,84750,https://www.exito.com/vino-espanol-rosado-aire-protos-750-ml-3099045/p
2,Éxito; Carulla,rosado,Vino rosado QUINTA DA LIXA vinha real Espadeiro (750  ml),QUINTA DA LIXA,57200,58700,https://www.exito.com/vino-joven-quinta-da-lixa-espadeiro-750-ml-3179581/p
2,Éxito; Carulla,rosado,Vino Rosado RAMON BILBAO Reuda Garnacha (750  ml),RAMON BILBAO,92900,95900,https://www.exito.com/rosado-ramon-bilbao-750-mililitro-15153/p
2,Éxito; Carulla,rosado,Vino rosado ROBERT MONDAVI white zinfandel  (750  ml),ROBERT MONDAVI,63000,63000,https://www.exito.com/v-rosado-white-zinfandel-wood-536726/p
2,Éxito; Carulla,rosado,Vino rosado ROSE PISCINE sleeve Otra Cepa (750  ml),ROSE PISCINE,74000,81700,https://www.exito.com/vino-rose-piscine-otra-cepa-750-ml-3180921/p
2,Éxito; Carulla,rosado,Vino rosado SUTTER HOME rose white zinfand fourpa Zinfandel (748  ml),SUTTER HOME,87300,87300,https://www.exito.com/vino-rose-white-zinfandel-fourpack-x-748-ml-187-ml-cu-456430/p
2,Éxito; Carulla,rosado,Vino rosado TARAPACA varietal rose  (750  ml),TARAPACA,64600,66600,https://www.exito.com/vino-varietal-rose-935275/p
2,Éxito; Carulla,rosado,Vino rosado TERRAZAS DE LOS ANDES whispering angel Blended (750  ml),TERRAZAS DE LOS ANDES,219800,219800,https://www.exito.com/vino-terrazas-de-los-andes-750-ml-3184734/p
2,Éxito; Carulla,rosado,Vino rosado TORRES 100% vegano  (750  ml),TORRES,93800,93800,https://www.exito.com/vino-rosado-sangre-de-toro-205900/p
2,Éxito; Carulla,rosado,Vino rosado TRAPICHE malbec cabernet Blended (750  ml),TRAPICHE,55400,58500,https://www.exito.com/vino-rosado-argentina-botella-x-750ml-449319/p
2,Éxito; Carulla,rosado,Vino Rosado TRES MEDALLAS Santa Rita Blend (750  ml),TRES MEDALLAS,41230,41650,https://www.exito.com/vino-santa-rita-rose-229937/p
2,Éxito; Carulla,rosado,"Vino rosado UNDURRAGA ligero, fresco y afrutado Cabernet Sauvignon (750  ml)",UNDURRAGA,44900,53850,https://www.exito.com/vino-rosado-undurraga-x-750ml-70810/p
2,Éxito; Carulla,rosado,Vino rosado VIU MANENT MARCA EXCLUSIVA malbec rose reserva Malbec (750  ml),VIU MANENT MARCA EXCLUSIVA,34650,35700,https://www.exito.com/vino-rosado-malbec-x-750ml-988080/p
2,Éxito; Carulla,rosado,VINO ROSADO X 12 SANTA CAROLINA 9000 ml,SANTA CAROLINA,,,https://www.exito.com/vino-rosado-x-12-u-987912/p
2,Éxito; Carulla,rosado,Vino Rose Cabernet Sauvignon LEYENDA  Cabernet Sauvignon (375  ml),LEYENDA,,,https://www.exito.com/vino-rose-cabernet-sauvignon-leyenda-375-ml-3081682/p
2,Éxito; Carulla,rosado,Vino rose ESTANCIA MENDOZA malbec  (750  ml),ESTANCIA MENDOZA,35500,36600,https://www.exito.com/vino-malbec-estancia-mendoza-750-ml-3073158/p
2,Éxito; Carulla,rosado,VINO ROSE FINCA LA ESCONDIDA 750 ml,FINCA LA ESCONDIDA,,,https://www.exito.com/vrose-varietal-malbec-674243/p
2,Éxito; Carulla,rosado,Vino Rose Syrah VAGABUNDO WINES   (750  ml),VAGABUNDO WINES,,,https://www.exito.com/vino-rose-syrah-vagabundo-wines-750-ml-3081473/p
2,Éxito; Carulla,rosado,Vino SUTTER HOME  Merlot (750  ml),SUTTER HOME,,,https://www.exito.com/vino-rosado-white-merlot-x-750ml-231112/p
2,Éxito; Carulla,rosado,Vino VINAS DEL SOL   (750  ml),VINAS DEL SOL,,,https://www.exito.com/v-rosado-tavel-110117/p
2,Éxito; Carulla,tinto,Estuche   BERONIA  Tempranillo (750  ml),BERONIA,,,https://www.exito.com/estuche-vino-espanol-tinto-copa-beronia-750-ml-3146138/p
2,Éxito; Carulla,tinto,Estuche   SANTA RITA 120  Cabernet Sauvignon (1500  ml),SANTA RITA 120,,,https://www.exito.com/estuche-vino-cabern-sauv-santa-rita-120-1500-ml-3146137/p
2,Éxito; Carulla,tinto,estuche duopack vino santa rita  SANTA RITA 120 estuche duopack carmenere Carmenere (1500  ml),SANTA RITA 120,,,https://www.exito.com/duopack-vino-rva-esp-carmenere-santa-rita-120-1500-ml-3171387/p
2,Éxito; Carulla,tinto,Estuche Santa Rita 120 Arsenal SANTA RITA 120 1500 ml,SANTA RITA 120,,,https://www.exito.com/estuche-santa-rita-120-arsenal-santa-rita-120-1500-ml-3075248/p
2,Éxito; Carulla,tinto,Fyi Vino Tinto FYI Vino Tinto  Tempranillo (750  ml),FYI,,,https://www.exito.com/fyi-vino-tinto-fyi-vino-tinto-tempranillo-750-ml-3255219/p
2,Éxito; Carulla,tinto,Pack CONO SUR Merlot (750  ml),CONO SUR,,,https://www.exito.com/pack-vino-merlot-pasta-rummo-cono-sur-1-und-3133023/p
2,Éxito; Carulla,tinto,Salento IGP Primitivo 1.5 RINFORZO SALENTO IGP PRIMITIVO 19  (1500  ml),RINFORZO,,,https://www.exito.com/vino-salento-igp-primitivo-15-rinforzo-1500-ml-3088812/p
2,Éxito; Carulla,tinto,TINTO JOVEN RIOJA CORSAL MARCA EXCLUSIVA 750 ml,CORSAL MARCA EXCLUSIVA,,,https://www.exito.com/tinto-joven-rioja-379819/p
2,Éxito; Carulla,tinto,Tripack Vino Tinto Cabernet Sa LEYENDA  Cabernet Sauvignon (562.5  ml),LEYENDA,,,https://www.exito.com/tripack-vino-tinto-cabernet-sa-leyenda-5625-ml-3081685/p
2,Éxito; Carulla,tinto,Tripack Vino Tinto Merlot LEYENDA  Merlot (562.5  ml),LEYENDA,,,https://www.exito.com/tripack-vino-tinto-merlot-leyenda-5625-ml-3081684/p
2,Éxito; Carulla,tinto,V. TINTO MALBEC 4to DOMINIO LOTE 44 750 ml,LOTE 44,,,https://www.exito.com/v-tinto-malbec-4to-dominio-252496/p
2,Éxito; Carulla,tinto,V. TINTO MONTEPULCIANO DABRUZU ZONIN 750 ml,ZONIN,,,https://www.exito.com/v-tinto-montepulciano-dabruzu-484799/p
2,Éxito; Carulla,tinto,V.TINTO  CABERNET SAUVIGNON SANTA RITA 375 ml,SANTA RITA,,,https://www.exito.com/vtinto-cabernet-sauvignon-461330/p
2,Éxito; Carulla,tinto,V.TINTO CABER.SAUVIG. RVA ESPE MARQUES DE VILLA DE LEYVA 750 ml,MARQUES DE VILLA DE LEYVA,,,https://www.exito.com/vtinto-cabersauvig-rva-espe-927668/p
2,Éxito; Carulla,tinto,V.TINTO CABERNET SAUVIG.COSECH TARAPACA 750 ml,TARAPACA,,,https://www.exito.com/vtinto-cabernet-sauvigcosech-575532/p
2,Éxito; Carulla,tinto,V.TINTO CHIANTI DOCG ZONIN 750 ml,ZONIN,,,https://www.exito.com/vtinto-chianti-docg-485798/p
2,Éxito; Carulla,tinto,V.TINTO RESERVA PALO ALTO 750 ml,PALO ALTO,,,https://www.exito.com/vtinto-reserva-757680/p
2,Éxito; Carulla,tinto,V.TTO MERLOT CALIFORN.COLLETIO BERINGER 750 ml,BERINGER,,,https://www.exito.com/vtto-merlot-californcolletio-939984/p
2,Éxito; Carulla,tinto,V.TTO RESERVA PINOT NOIR CONO SUR 750 ml,CONO SUR,,,https://www.exito.com/vino-tinto-reserva-especial-pinot-noir-x-750-ml-674645/p
2,Éxito; Carulla,tinto,V.TTO TEMPRANILLO RVA GRACIANO IZADI 750 ml,IZADI,,,https://www.exito.com/vtto-tempranillo-rva-graciano-150823/p
2,Éxito; Carulla,tinto,Viña Tinto Crianza VINA PEDROSA 750 ml,VINA PEDROSA,,,https://www.exito.com/vina-pedrosa-crianza-vina-pedrosa-750-ml-3084561/p
2,Éxito; Carulla,tinto,Vino  LOUIS MARTINI   (750  ml),LOUIS MARTINI,,,https://www.exito.com/vino-tinto-napa-sonoma-597408/p
2,Éxito; Carulla,tinto,Vino ALLEGRINI   (750  ml),ALLEGRINI,,,https://www.exito.com/vtinto-pinot-grigio-giara-588051/p
2,Jumbo; Vinos El Kiosco,tinto,Vino Altas Cumbres Cabernet Sauvignon x 750 ml,ALTAS CUMBRES,58200,118990,https://www.jumbocolombia.com/vino-altas-cumbres-malbec-x-750/p
2,Éxito; Carulla,tinto,Vino ALTOS LAS HORMIGAS  Malbec (375  ml),ALTOS LAS HORMIGAS,,,https://www.exito.com/vino-tinto-malbec-150824/p
2,Éxito; Carulla,tinto,Vino AMERICO VESPVCCI   (750  ml),AMERICO VESPVCCI,,,https://www.exito.com/vino-tinto-merlot-veneto-x-750-ml-653254/p
2,Éxito; Carulla,tinto,VINO ANDEAN VINEYARDS  Malbec (750  ml),ANDEAN VINEYARDS,50000,50000,https://www.exito.com/vino-tinto-malbec-750-ml-3081604/p
2,Olímpica; Vinos El Kiosco,tinto,VINO ARGENTO ARTESANO MALBEC 750ML,Argento,41880,65600,https://www.olimpica.com/vino-argento-artesano-malbec-750ml/p
2,Éxito; Carulla,tinto,Vino AROMO  Cabenet S (750  ml),AROMO,,,https://www.exito.com/vino-tinto-cabernet-sauv-680711/p
2,Éxito; Carulla,tinto,Vino AROMO  Carmenere (750  ml),AROMO,,,https://www.exito.com/vino-tinto-carmenere-680715/p
2,Éxito; Carulla,tinto,Vino BALDUZZI   (750  ml),BALDUZZI,,,https://www.exito.com/vtinto-reserva-cabernet-balduzzi-750-ml-748841/p
2,Éxito; Carulla,tinto,Vino BALMORAL   (750  ml),BALMORAL,111600,111600,https://www.exito.com/maravides-mediterraneo-tempran-balmoral-750-mililitro-962648/p
2,Éxito; Carulla,tinto,Vino BALMORAL  Blended (750  ml),BALMORAL,,,https://www.exito.com/vino-tinto-crianza-balmoral-750-ml-1002928/p
2,Éxito; Carulla,tinto,Vino BARLOVENTO  Cabenet S (750  ml),BARLOVENTO,,,https://www.exito.com/vino-tinto-joven-cabernet-sauvignon-x-750ml-122368/p
2,Éxito; Carulla,tinto,Vino BARTONGUESTIER tinto Otra Cepa (750  ml),BARTON-GUESTIER,,,https://www.exito.com/vino-tinto-beaujolais-gamay-x-750-ml-575906/p
2,Éxito; Carulla,tinto,Vino BECASSIER MARCA EXCLUSIVA   (750  ml),BECASSIER MARCA EXCLUSIVA,,,https://www.exito.com/vino-domaine-gran-x-750-ml-612441/p
2,Éxito; Carulla,tinto,Vino BERINGER tinto Cabenet S (750  ml),BERINGER,,,https://www.exito.com/vtinto-cabernet-founders-ca-209985/p
2,Éxito; Carulla,tinto,Vino BIANCHI   (750  ml),BIANCHI,,,https://www.exito.com/vino-cabernet-sauvigno-934827/p
2,Éxito; Carulla,tinto,Vino blanco GATAO white wine Otra Cepa (250  ml),GATAO,21500,21800,https://www.exito.com/vino-verde-blanco-lata-gatao-otra-cepa-250-ml-3207895/p
2,Éxito; Carulla,tinto,Vino blanco OZEKY de arroz  (750  ml),OZEKY,79400,79400,https://www.exito.com/vde-arroz-regular-pzeki-sake-327682/p
2,Éxito; Carulla,tinto,Vino Cabernet GATO NEGRO + 4 Vasos Y Jarr Madres Cabernet Sauvignon (1500  ml),GATO NEGRO,101200,101200,https://www.exito.com/vino-cabernet-gato-negro-cabernet-sauvignon-1500-ml-3251868/p
2,Éxito; Carulla,tinto,Vino CARLO ROSSI  Cabenet S (750  ml),CARLO ROSSI,,,https://www.exito.com/vino-tinto-cabernet-x-750ml-355126/p
2,Éxito; Carulla,tinto,Vino CARMEN EL COMPÁS Tinto Merlot (750  ml),CARMEN EL COMPÁS,,,https://www.exito.com/vino-carmen-el-compas-merlot-750-ml-3179627/p
2,Éxito; Carulla,tinto,Vino CARMEN Tinto Carmenere (750  ml),CARMEN,,,https://www.exito.com/vino-carmen-carmenere-750-ml-3179629/p
2,Éxito; Carulla,tinto,Vino CASA DEL CERRO   (750  ml),CASA DEL CERRO,,,https://www.exito.com/vino-tinto-carmenere-reserva-591412/p
2,Éxito; Carulla,tinto,Vino CASA LA POSTOLLE   (750  ml),CASA LA POSTOLLE,88500,88500,https://www.exito.com/vino-cabernet-sauv-d-alamel-814141/p
2,Éxito; Carulla,tinto,Vino CASA LA POSTOLLE  Cabenet S (750  ml),CASA LA POSTOLLE,,,https://www.exito.com/vino-tinto-argento-cabernet-sa-518033/p
2,Éxito; Carulla,tinto,Vino CASA MARÍN  (750  ml),CASA MARÍN,,,https://www.exito.com/vino-pinot-noir-cartagena-casa-marin-750-ml-3075890/p
2,Éxito; Carulla,tinto,Vino CASTEL   (750  ml),CASTEL,,,https://www.exito.com/vino-chateauneuf-castel-750-mililitro-3004095/p
2,Éxito; Carulla,tinto,Vino Castel Poggi Barbera DAsti  ZONIN 750 ml,ZONIN,,,https://www.exito.com/vino-castel-poggi-barbera-dasti-zonin-750-ml-3099047/p
2,Éxito; Carulla,tinto,Vino CASTILLO DE LIRIA tinto Tempranil (750  ml),CASTILLO DE LIRIA,,,https://www.exito.com/vtinto-crianza-746839/p
2,Éxito; Carulla,tinto,Vino CASTILLO DE MOLINA  Pinot Noi (750  ml),CASTILLO DE MOLINA,69900,69900,https://www.exito.com/vino-tinto-pinot-noir-reserva-x-750ml-446685/p
2,Éxito; Carulla,tinto,Vino CASTILLO DE MOLINA Tinto + Tazas cerami  (750  ml),CASTILLO DE MOLINA,,,https://www.exito.com/pack-vino-tinto-tazas-cerami-castillo-de-molina-750-ml-3047125/p
2,Éxito; Carulla,tinto,Vino CECCHI   (750  ml),CECCHI,,,https://www.exito.com/vino-tinto-chianti-788073/p
2,Éxito; Carulla,tinto,Vino CECCHI  Sangioves (750  ml),CECCHI,,,https://www.exito.com/vtto-sangiovese-di-toscana-785545/p
2,Éxito; Carulla,tinto,Vino CHATEAU MAISON NOBLE  Origen (750  ml),CHATEAU MAISON NOBLE,27950,27950,https://www.exito.com/vino-bordeaux-cuvee-preslige-x-750-ml-612397/p
2,Éxito; Carulla,tinto,Vino Colome  Malbec (750  ml),Colome,,,https://www.exito.com/vino-tinto-colome-malbec-750ml-1002885/p
2,Éxito; Carulla,tinto,Vino CONCHA Y TORO tinto cabernet sauvignon Blended (750  ml),CONCHA Y TORO,,,https://www.exito.com/vino-tinto-concha-y-toro-cabernet-sauvignon-blended-750-ml-3229500/p
2,Éxito; Carulla,tinto,Vino CONO SUR   (750  ml),CONO SUR,70200,70500,https://www.exito.com/vino-tinto-bicicleta-merlot-x-750-ml-674637/p
2,Éxito; Carulla,tinto,Vino CORAZON DEL INDIO   (750  ml),CORAZON DEL INDIO,,,https://www.exito.com/v-tinto-cabernet-carmen-syrah-591423/p
2,Olímpica; Dislicores,tinto,Vino Cousiño Macul Gris Cabernet Sauvignon 750 Ml,Cousino Macul,70500,73000,https://www.olimpica.com/vino-cousiño-gris-cabe-s-750-ml/p
2,Éxito; Carulla,tinto,Vino CU4TRO ANDARES   (750  ml),CU4TRO ANDARES,,,https://www.exito.com/vino-syrah-reserva-cu4tro-andares-750-ml-3075256/p
2,Éxito; Carulla,tinto,Vino CUNE   (750  ml),CUNE,,,https://www.exito.com/vino-tinto-crianza-tempranillo-624831/p
2,Éxito; Carulla,tinto,Vino DINASTÍA VIVANCO   (750  ml),DINASTÍA VIVANCO,,,https://www.exito.com/vino-tinto-reserva-32841/p
2,Éxito; Carulla,tinto,Vino DON VALENTIN   (750  ml),DON VALENTIN,,,https://www.exito.com/vino-lacrado-reser-936062/p
2,Éxito; Carulla,tinto,Vino DUMAS MARCA EXCLUSIVA   (750  ml),DUMAS MARCA EXCLUSIVA,14950,14950,https://www.exito.com/vino-chateau-bordeaux-x-750-ml-452860/p
2,Éxito; Carulla,tinto,Vino E&J GALLO MARCA EXCLUSIVA   (750  ml),E&J GALLO MARCA EXCLUSIVA,,,https://www.exito.com/vino-tto-cabernet-sauvignon-976958/p
2,Éxito; Carulla,tinto,Vino ENTRECOTE   (750  ml),ENTRECOTE,,,https://www.exito.com/vino-tinto-x750-ml-entrecote-750-mililitro-15158/p
2,Éxito; Carulla,tinto,Vino EPICA   (750  ml),EPICA,,,https://www.exito.com/vino-tinto-cabernet-sauvug-epica-x-750-ml-597567/p
2,Dislicores; Vinos El Kiosco,tinto,Vino Escorihuela Gascon Malbec,ESCORIHUELA GASCON,109000,115000,https://www.dislicores.com/vinoe-scorihuela-gascon-malbec-ref303008/p
2,Éxito; Carulla,tinto,Vino ESCORIHUELA Malbec (750  ml),ESCORIHUELA,,,https://www.exito.com/vtto-familia-gascon-malbec-escorihuela-750-mililitro-688794/p
2,Éxito; Carulla,tinto,Vino FAENA   (750  ml),FAENA,,,https://www.exito.com/vino-tinto-x-750-ml-faena-750-ml-3038861/p
2,Éxito; Carulla,tinto,Vino FAMILIA ZUCCARDI MARCA EXCLUSI   (187  ml),FAMILIA ZUCCARDI MARCA EXCLUSI,,,https://www.exito.com/vino-tinto-especial-malbec-926724/p
2,Éxito; Carulla,tinto,Vino FINCA CONSTANCIA tinto Tempranil (750  ml),FINCA CONSTANCIA,,,https://www.exito.com/vino-tinto-finca-constancia-x-750ml-183680/p
2,Éxito; Carulla,tinto,Vino FINCA LA ESCONDIDA  Cabenet S (750  ml),FINCA LA ESCONDIDA,46600,46600,https://www.exito.com/vino-tinto-cabernet-sauvignon-reserva-x-750ml-400033/p
2,Éxito; Carulla,tinto,VINO GATO NEGRO  Ugni (750  ml),GATO NEGRO,,,https://www.exito.com/pack-vino-vaso-coleccionable-gato-negro-750-ml-3143041/p
2,Éxito; Carulla,tinto,Vino GATO NEGRO Tinto merlot + Copa  (750  ml),GATO NEGRO,,,https://www.exito.com/pack-vino-tinto-merlot-copa-gato-negro-750-ml-3047120/p
2,Éxito; Carulla,tinto,Vino GERARD BERTRAND MARCA EXCLUSIV V.TINTO RESERVE SPECIALE SYRAH Syrah (750  ml),GERARD BERTRAND MARCA EXCLUSIV,,,https://www.exito.com/vino-tinto-reserve-speciale-syrah-x-750ml-102127/p
2,Éxito; Carulla,tinto,Vino GERARD BERTRAND MARCA EXCLUSIV VINO TTO MERLOT RESERVA SPCIAL  (750  ml),GERARD BERTRAND MARCA EXCLUSIV,,,https://www.exito.com/vino-tinto-merlot-reserva-especial-x-750ml-102129/p
2,Éxito; Carulla,tinto,Vino GRAJALES   (1000  ml),GRAJALES,26700,46080,https://www.exito.com/vtinto-semisectetra-brik-749441/p
2,Éxito; Carulla,tinto,Vino GUSTO ALVISA   (750  ml),GUSTO ALVISA,,,https://www.exito.com/vino-syrah-gusto-alvisa-x-750-ml-339182/p
2,Éxito; Carulla,tinto,VINO HIZAN  Tempranillo (750  ml),HIZAN,,,https://www.exito.com/vino-tinto-crianza-rivera-del-duer-x-750-ml-576703/p
2,Éxito; Carulla,tinto,Vino ILAIA   (750  ml),ILAIA,,,https://www.exito.com/vino-tinto-carmenere-reserva-x-750-ml-591415/p
2,Éxito; Carulla,tinto,Vino IZADI Tempranil (750  ml),IZADI,,,https://www.exito.com/v-tinto-crianza-tempranillo-150822/p
2,Éxito; Carulla,tinto,Vino Jerez TIO PEPE tinto Otra Cepa (350  ml),TIO PEPE,,,https://www.exito.com/vino-jerez-tio-pepe-350-ml-243327/p
2,Éxito; Carulla,tinto,Vino LA CELIA  Cabenet S (750  ml),LA CELIA,74500,74500,https://www.exito.com/vino-tinto-reserva-cabernet-x-750ml-349795/p
2,Éxito; Carulla,tinto,Vino LA CONSULTA   (750  ml),LA CONSULTA,,,https://www.exito.com/vtinto-malbec-roble-503710/p
2,Éxito; Carulla,tinto,Vino LA CONSULTA Cabenet S (750  ml),LA CONSULTA,,,https://www.exito.com/vino-tinto-cabernet-sauvignon-21695/p
2,Éxito; Carulla,tinto,Vino LA MONTESA Tinto Rioja  (750  ml),LA MONTESA,,,https://www.exito.com/vino-tinto-rioja-750-ml-1002849/p
2,Olímpica; Dislicores,tinto,Vino Las Moras Black Label Malbec 750 Ml,Las Moras,115990,115990,https://www.olimpica.com/-d-vino-las-moras-black-label-malbec-750/p
2,Éxito; Carulla,tinto,Vino LAS MORAS Reserva malbec + sal parrillera Malbec (750  ml),LAS MORAS,,,https://www.exito.com/vino-las-moras-reserva-malbec-sal-parrillera-malbec-750-ml-3215762/p
2,Éxito; Carulla,tinto,Vino LEYENDA  Cabernetf (750  ml),LEYENDA,,,https://www.exito.com/vino-tto-cabernet-sauvignon-202815/p
2,Éxito; Carulla,tinto,Vino LOS VASCOS  Cabenet S (750  ml),LOS VASCOS,,,https://www.exito.com/vino-tinto-cabernet-sauvignon-x-750ml-133693/p
2,Éxito; Carulla,tinto,Vino MAIPO  Cabenet S (750  ml),MAIPO,,,https://www.exito.com/vino-tinto-reserva-cabernet-sauvignos-chile-x-750ml-374589/p
2,Éxito; Carulla,tinto,Vino MARQUES DE VILLA DE LEYVA   (750  ml),MARQUES DE VILLA DE LEYVA,,,https://www.exito.com/vino-tinto-variedad-merlot-218684/p
2,Éxito; Carulla,tinto,Vino MARQUES DE VILLA DE LEYVA  Cabenet S (750  ml),MARQUES DE VILLA DE LEYVA,,,https://www.exito.com/vtinto-cabernet-sauvreserva-406363/p
2,Éxito; Carulla,tinto,Vino Merlot SANTA HELENA + Galle Noel Madres Merlot (750  ml),SANTA HELENA,50900,50900,https://www.exito.com/vino-merlot-santa-helena-merlot-750-ml-3251870/p
2,Éxito; Carulla,tinto,Vino MICHEL TORINO  Blended (750  ml),MICHEL TORINO,,,https://www.exito.com/vino-tto-malbec-merlot-ciclos-239603/p
2,Éxito; Carulla,tinto,Vino MICHEL TORINO  Cabenet S (750  ml),MICHEL TORINO,43400,43400,https://www.exito.com/vino-tinto-cabernet-sauvignon-x-750ml-354701/p
2,Éxito; Carulla,tinto,Vino MIGUEL TORRES  Cabenet S (750  ml),MIGUEL TORRES,,,https://www.exito.com/vino-tinto-cabernet-hemisferio-108359/p
2,Éxito; Carulla,tinto,Vino MIGUEL TORRES Carmenere (750  ml),MIGUEL TORRES,,,https://www.exito.com/vino-tinto-carmenere-hemisferi-108360/p
2,Éxito; Carulla,tinto,Vino MISIONES DE RENGO   (750  ml),MISIONES DE RENGO,36900,36900,https://www.exito.com/vino-tinto-merlot-x-750-ml-673489/p
2,Éxito; Carulla,tinto,Vino MISIONES DE RENGO  Cabenet S (750  ml),MISIONES DE RENGO,,,https://www.exito.com/vino-tinto-cabernet-sauvignon-x-750ml-301274/p
2,Éxito; Carulla,tinto,Vino Montepulciano DAbruzzo Bib LA PIUMA MARCA EXCLUSIVA  Montepulc (3000  ml),LA PIUMA MARCA EXCLUSIVA,,,https://www.exito.com/vino-montepulciano-dabruzzo-bib-la-piuma-marca-exclusiva-montepulc-3000-ml-3251439/p
2,Éxito; Carulla,tinto,Vino MONTES  Cabenet S (750  ml),MONTES,77500,77500,https://www.exito.com/vino-tinto-cabernet-sauvignon-x-750ml-408371/p
2,Éxito; Carulla,tinto,Vino MONTES ALPHA  Cabenet S (750  ml),MONTES ALPHA,252900,264100,https://www.exito.com/v-tinto-cabernet-sauvignon-408358/p
2,Éxito; Carulla,tinto,VINO MOUTON CADET  Merlot (750  ml),MOUTON CADET,163575,163575,https://www.exito.com/vino-tinto-medoc-reserve-x-750-ml-576722/p
2,Éxito; Carulla,tinto,Vino MUGA  Tempranil (750  ml),MUGA,,,https://www.exito.com/vino-tinto-tempranillo-selecc-especial-376890/p
2,Éxito; Carulla,tinto,Vino MURPHYGOODE MARCA EXCLUSIVA   (750  ml),MURPHY-GOODE MARCA EXCLUSIVA,14000,14000,https://www.exito.com/vino-california-merlot-450956/p
2,Olímpica; Vinos El Kiosco,tinto,Vino Norton Doc Malbec 750 Ml,Norton,76400,98050,https://www.olimpica.com/vino-norton-malbec-doc-750-ml/p
2,Éxito; Carulla,tinto,Vino NORTON tinto Cabenet S (750  ml),NORTON,,,https://www.exito.com/vtto-cabernet-sauvignon-rsva-982309/p
2,Éxito; Carulla,tinto,Vino PENFOLDS  (750  ml),PENFOLDS,,,https://www.exito.com/v-tto-shiraz-cabernet-koonunga-429821/p
2,Éxito; Carulla,tinto,Vino PEREZ CRUZ  (750  ml),PEREZ CRUZ,151500,151500,https://www.exito.com/vino-tinto-perez-cruz-el-cabernet-franc-750-ml-224946/p
2,Éxito; Carulla,tinto,Vino PIRCA  (750  ml),PIRCA,,,https://www.exito.com/vino-tinto-syrah-gran-rsva-591421/p
2,Éxito; Carulla,tinto,Vino POLERO  Cabenet S (750  ml),POLERO,,,https://www.exito.com/vino-cabernet-sauvignon-tinto-745587/p
2,Éxito; Carulla,tinto,Vino PRADO REY   (750  ml),PRADO REY,,,https://www.exito.com/vino-tinto-crianza-404874/p
2,Éxito; Carulla,tinto,VINO RESERVA PRIVADA CARMENERE CASILLERO DEL DIABLO 750 ml,CASILLERO DEL DIABLO,,,https://www.exito.com/vino-reserva-privada-carmenere-casillero-del-diablo-750-ml-248457/p
2,Éxito; Carulla,tinto,Vino RIOJA BORDON   (750  ml),RIOJA BORDON,,,https://www.exito.com/vino-tinto-crianza-rioja-x-750ml-984466/p
2,Éxito; Carulla,tinto,Vino rosado EMBAJADOR chileno Varietal (750  ml),EMBAJADOR,29350,29350,https://www.exito.com/vino-rose-embajador-750-ml-3135134/p
2,Éxito; Carulla,tinto,Vino Rosso Montefalco ARNALDO CAPRAI   (750  ml),ARNALDO CAPRAI,,,https://www.exito.com/vino-rosso-montefalco-arnaldo-caprai-750-ml-3081631/p
2,Éxito; Carulla,tinto,Vino ROZENDAAL MARCA EXCLUSIVA   (750  ml),ROZENDAAL MARCA EXCLUSIVA,,,https://www.exito.com/vino-surafricano-tinto-rozendaal-x-750ml-205560/p
2,Éxito; Carulla,tinto,Vino RUFFINO  (750  ml),RUFFINO,,,https://www.exito.com/vino-italiano-chianti-superiore-ruffino-750-ml-3099046/p
2,Éxito; Carulla,tinto,Vino RUFFINO tinto Sangioves (750  ml),RUFFINO,,,https://www.exito.com/vino-tto-reserva-ducale-chiant-875789/p
2,Éxito; Carulla,tinto,Vino SANTA ANA  Cabenet S (750  ml),SANTA ANA,74700,112000,https://www.exito.com/vino-tinto-cabernet-sauvreser-555270/p
2,Éxito; Carulla,tinto,Vino SANTA CAROLINA Tinto Reserv + Copa  (750  ml),SANTA CAROLINA,,,https://www.exito.com/vino-tinto-reserv-copa-santa-carolina-750-ml-3047126/p
2,Éxito; Carulla,tinto,Vino SANTA RITA 120 estuche duopack cabernet sauvignon Cabernet Sauvignon (1500  ml),SANTA RITA 120,,,https://www.exito.com/duopack-vino-rva-esp-cabernet-sauvignon-santa-rita-120-1500-ml-3171386/p
2,Éxito; Carulla,tinto,Vino SANTA RITA tinto Cabenet S (750  ml),SANTA RITA,577220,577220,https://www.exito.com/vino-tinto-santa-rita-casa-real-cabernet-sauvignon-750-ml-57574/p
2,Éxito; Carulla,tinto,Vino SANTA RITA tinto Pinot Noi (750  ml),SANTA RITA,,,https://www.exito.com/vino-santa-rita-secret-reserve-santa-rita-750-mililitro-803595/p
2,Éxito; Carulla,tinto,Vino SANTA VITORIA   (750  ml),SANTA VITORIA,,,https://www.exito.com/vino-tinto-portugues-santa-vitoria-750-ml-934830/p
2,Éxito; Olímpica,tinto,Vino SAZON   (750  ml),SAZON,29500,29500,https://www.exito.com/vino-tinto-cocina-sazonar-395260/p
2,Éxito; Carulla,tinto,Vino SECRETOS DE MENDOZA  Malbec (750  ml),SECRETOS DE MENDOZA,,,https://www.exito.com/vino-tinto-malbec-x-750ml-261484/p
2,Éxito; Carulla,tinto,Vino SEGHESIO   (750  ml),SEGHESIO,,,https://www.exito.com/sonoma-zinfandel-county-seghesio-750-ml-942333/p
2,Éxito; Carulla,tinto,VINO T.H  Carignan (750  ml),T.H,,,https://www.exito.com/undurraga-carignan-maule-th-750-mililitro-944527/p
2,Éxito; Carulla,tinto,VINO T.H  Pinot Noir (750  ml),T.H,,,https://www.exito.com/undurraga-pinot-noir-leyda-th-750-mililitro-944529/p
2,Éxito; Carulla,tinto,Vino TALL HORSE   (750  ml),TALL HORSE,73500,73500,https://www.exito.com/vino-tinto-pinotage-934846/p
2,Éxito; Carulla,tinto,Vino TAMARI  Malbec (750  ml),TAMARI,,,https://www.exito.com/vino-tinto-malbec-reserva-x-750-ml-430395/p
2,Éxito; Carulla,tinto,Vino TERMIDOR   (1000  ml),TERMIDOR,,,https://www.exito.com/vino-tinto-termidor-tetrabrick-x-1000ml-645678/p
2,Éxito; Carulla,tinto,Vino tinto  CRUZARES MARCA EXCLUSIVA semi dulce Tempranillo (750  ml),CRUZARES MARCA EXCLUSIVA,,,https://www.exito.com/vino-cruzares-marca-exclusiva-tempranillo-750-ml-3251959/p
2,Éxito; Carulla,tinto,VINO TINTO  PREMIUM DUETTE 750 ml,DUETTE,,,https://www.exito.com/vino-tinto-pinot-noir-premium-132797/p
2,Éxito; Carulla,tinto,VINO TINTO + BOLSA TERMICA GATO NEGRO 750 ml,GATO NEGRO,,,https://www.exito.com/vino-tinto-bolsa-termica-gato-negro-750-mililitro-3002631/p
2,Éxito; Carulla,tinto,VINO TINTO + SET DE QUESOS NAVARRO CORREAS 750 ml,NAVARRO CORREAS,,,https://www.exito.com/vino-tinto-set-de-quesos-navarro-correas-750-mililitro-3002621/p
2,Éxito; Carulla,tinto,Vino tinto 1865 cabernet sauvignon Cabenet S (750  ml),1865,170500,172500,https://www.exito.com/vino-tinto-cabernet-sauvignon-reserva-2009-x-750ml-349824/p
2,Éxito; Carulla,tinto,Vino tinto ADEGA DE BORBA botella Syrah (750  ml),ADEGA DE BORBA,85000,85900,https://www.exito.com/vino-adega-de-borba-tinto-alentejo-syrah-750-ml-3222221/p
2,Éxito; Carulla,tinto,Vino tinto ALAMOS cabernet sauvignon Cabenet S (750  ml),ALAMOS,102500,102500,https://www.exito.com/vino-tinto-cabernet-sauvignon-botella-x-750-ml-518026/p
2,Olímpica; Vinos El Kiosco,tinto,Vino Tinto Alma Negra 750 Ml,ALMA NEGRA,141500,178800,https://www.olimpica.com/vino-alma-negra-tinto-750ml/p
2,Éxito; Carulla,tinto,VINO TINTO ALOSA JOVEN COMALATS 750 ml,COMALATS,,,https://www.exito.com/vino-tinto-alosa-joven-comalats-750-ml-165964/p
2,Éxito; Carulla,tinto,Vino tinto ALTANZA crianza Tempranillo (5000  ml),ALTANZA,288650,288650,https://www.exito.com/vino-tinto-crianza-227701/p
2,Éxito; Carulla,tinto,Vino tinto ALTANZA crianza Tempranillo (750  ml),ALTANZA,39100,43300,https://www.exito.com/vino-tinto-rioja-crianza-x-750ml-744339/p
2,Éxito; Carulla,tinto,Vino tinto ALTANZA joven Tempranillo (750  ml),ALTANZA,26800,26800,https://www.exito.com/vino-tinto-rioja-x-750ml-744334/p
2,Éxito; Carulla,tinto,Vino tinto ALTANZA tempranillo rioja Tempranillo (750  ml),ALTANZA,,,https://www.exito.com/vino-altanza-tinto-tempranillo-750-ml-3243249/p
2,Éxito; Carulla,tinto,Vino tinto ALTAS CUMBRES cabernet sauvignon Cabenet S (750  ml),ALTAS CUMBRES,85960,85960,https://www.exito.com/vtinto-cabernet-sauvignon-459788/p
2,Éxito; Carulla,tinto,Vino tinto ALTO LAS HORMIGAS blend Blended (750  ml),ALTO LAS HORMIGAS,102500,105600,https://www.exito.com/vino-tinto-hormiga-alto-las-hormigas-750-mililitro-54560/p
2,Éxito; Carulla,tinto,Vino tinto ALTO LAS HORMIGAS malbec Malbec (750  ml),ALTO LAS HORMIGAS,136200,142100,https://www.exito.com/vino-tinto-malbec-x-750ml-578827/p
2,Éxito; Carulla,tinto,Vino tinto ALTO LOS CARNEROS  reserva de Argentina Malbec (750  ml),ALTO LOS CARNEROS,44640,48900,https://www.exito.com/vino-tinto-reserva-malbec-x-750-ml-24749/p
2,Éxito; Carulla,tinto,Vino tinto ALTOZANO tempranillo Tempranil (750  ml),ALTOZANO,37560,37560,https://www.exito.com/vino-tinto-tempranillo-altozano-botella-x-750-ml-374601/p
2,Éxito; Carulla,tinto,Vino tinto AMARU malbec  (750  ml),AMARU,,,https://www.exito.com/vtto-malbec-674387/p
2,Jumbo; Vinos El Kiosco,tinto,Vino Tinto Angelica Zapata Cabernet Franc 750ml,CATENA,255900,334990,https://www.jumbocolombia.com/vino-tinto-angelica-zapata-cabernet-franc-750ml-41451/p
2,Éxito; Carulla,tinto,Vino tinto ANGELICA ZAPATA cabernet Franc Cabernetf (750  ml),ANGELICA ZAPATA,378300,378300,https://www.exito.com/vino-tinto-cabernet-franc-584913/p
2,Éxito; Carulla,tinto,Vino tinto ANTAÑO crianza Tempranillo (750  ml),ANTAÑO,61500,61500,https://www.exito.com/vino-tinto-crianza-antano-tempranillo-750-ml-3244916/p
2,Éxito; Carulla,tinto,Vino tinto ANTINORI chianti superiore  (750  ml),ANTINORI,,,https://www.exito.com/vino-tto-chianti-sta-cristina-112976/p
2,Éxito; Carulla,tinto,Vino tinto APOTHIC RED cabernet sauvignon Cabernet Sauvignon (750  ml),APOTHIC RED,79575,84750,https://www.exito.com/vino-tinto-apothic-red-x-750ml-239685/p
2,Éxito; Carulla,tinto,Vino tinto APOTHIC RED dark blend Red Blend (750  ml),APOTHIC RED,97500,98500,https://www.exito.com/vino-tinto-dark-blend-223406/p
2,Éxito; Carulla,tinto,VINO TINTO ARDO CX6 UND MARQUES DE RISCAL 4500 ml,MARQUES DE RISCAL,,,https://www.exito.com/vino-tinto-ardo-cx6-u-3752/p
2,Jumbo; Vinos El Kiosco,tinto,Vino tinto Argento Malbec orgánico reserva x750 ml,ARGENTO,104800,116390,https://www.jumbocolombia.com/vino-tinto-argento-malbec-organico-reserva-x750-ml/p
2,Éxito; Carulla,tinto,Vino tinto BAJOZ MARCA EXCLUSIVA color cereza oscuro Tempranillo (750  ml),BAJOZ MARCA EXCLUSIVA,88500,88500,https://www.exito.com/vino-vinas-viejas-bajoz-marca-exclusiva-750-ml-3161831/p
2,Éxito; Carulla,tinto,Vino tinto BAJOZ MARCA EXCLUSIVA intenso color cereza Tempranillo (750  ml),BAJOZ MARCA EXCLUSIVA,48250,48250,https://www.exito.com/vino-roble-bajoz-marca-exclusiva-750-ml-3161832/p
2,Éxito; Carulla,tinto,Vino tinto BAJOZ MARCA EXCLUSIVA joven  (750  ml),BAJOZ MARCA EXCLUSIVA,43650,44500,https://www.exito.com/vino-tinto-joven-273659/p
2,Éxito; Carulla,tinto,Vino tinto BAREFOOT cabernet sauvignon Cabenet S (750  ml),BAREFOOT,40150,40150,https://www.exito.com/vino-tinto-cabernet-sauvignon-x-750ml-102023/p
2,Éxito; Carulla,tinto,Vino tinto BAREFOOT merlot Merlot (750  ml),BAREFOOT,62600,69300,https://www.exito.com/vino-tinto-merlot-x-750ml-102024/p
2,Éxito; Carulla,tinto,Vino tinto BAREFOOT pinot noir Pinot Noi (750  ml),BAREFOOT,54500,57300,https://www.exito.com/vino-tinto-pinot-noir-x-187ml-293267/p
2,Éxito; Carulla,tinto,Vino tinto BAREFOOT red moscato Moscato (750  ml),BAREFOOT,27300,28700,https://www.exito.com/vino-red-moscato-botella-x-750ml-389930/p
2,Éxito; Carulla,tinto,Vino tinto BARKAN cabernet sauvignon Cabernet Sauvignon (12  ml),BARKAN,46850,47500,https://www.exito.com/vino-cabernet-sauvignon-classic-barkan-12-ml-3155174/p
2,Olímpica; Vinos El Kiosco,tinto,Vino Tinto Baron Philippe Rothschild Merlot 750 Ml,Grandpetitas,49200,64700,https://www.olimpica.com/vino-baron-philippe-rot-merlot-750ml/p
2,Jumbo; Olímpica,tinto,Vino Tinto Barton & Guestier Pinot Noir 750 ml,BARTON & GUESTIER,75550,89990,https://www.jumbocolombia.com/vino-tinto-barton---guestier-pinot-noir-750-ml-8374/p
2,Éxito; Carulla,tinto,Vino tinto BARTONGUESTIER bordeaux Merlot Cabernet Suavignon (750  ml),BARTON-GUESTIER,75075,75075,https://www.exito.com/vino-tinto-bordeaux-575905/p
2,Éxito; Carulla,tinto,Vino tinto BARTONGUESTIER chateauneuf du pape Syrah (750  ml),BARTON-GUESTIER,191325,191325,https://www.exito.com/vino-tinto-chateauneuf-du-pape-881059/p
2,Éxito; Carulla,tinto,Vino tinto BARTONGUESTIER reserva  (750  ml),BARTON-GUESTIER,61200,61200,https://www.exito.com/vino-tinto-pinot-noir-reserva-575917/p
2,Éxito; Carulla,tinto,Vino tinto BARTONGUESTIER saint emilion Merlot (750  ml),BARTON-GUESTIER,,,https://www.exito.com/vino-tinto-saint-emilion-575903/p
2,Éxito; Carulla,tinto,Vino tinto BECASSIER MARCA EXCLUSIVA cuvee du becassier rouge  (750  ml),BECASSIER MARCA EXCLUSIVA,,,https://www.exito.com/vino-cuvee-du-rouge-x-750-ml-612445/p
2,Éxito; Carulla,tinto,Vino Tinto Belleruche M.CHAPOUTIER   (750  ml),M.CHAPOUTIER,,,https://www.exito.com/vino-tinto-belleruche-mchapoutier-750-ml-3081632/p
2,Olímpica; Vinos El Kiosco,tinto,Vino Tinto Beronia Crianza 750 Ml,Beronia,89400,101800,https://www.olimpica.com/vino-beronia-crianza-tint-750-ml/p
2,Éxito; Carulla,tinto,Vino tinto BERONIA crianza Tempranil (750  ml),BERONIA,66325,66325,https://www.exito.com/vino-tinto-crianza-beronia-x-750ml-69296/p
2,Éxito; Carulla,tinto,Vino tinto BERONIA ecológico tempranillo Tempranil (750  ml),BERONIA,79380,79380,https://www.exito.com/vtinto-ecolgico-tempranillo-beronia-750-mililitro-46396/p
2,Jumbo; Olímpica,tinto,Vino Tinto Beronia Rioja Gran Reserva 750ml,BERONIA,72540,319990,https://www.jumbocolombia.com/vino-tinto-beronia-rioja-gran-reserva-750ml-240380/p
2,Éxito; Carulla,tinto,Vino Tinto BODEGA TORO CENTENARIO Cabernet Sauvignon  (750  ml),BODEGA TORO CENTENARIO,31050,31050,https://www.exito.com/vino-tinto-cabernet-sauvignon-bodega-toro-centenario-750-ml-3073163/p
2,Éxito; Carulla,tinto,Vino tinto BODEGAS ANEJAS passito Moscato (1500  ml),BODEGAS ANEJAS,55100,55100,https://www.exito.com/vino-bodegas-anejas-moscato-1500-ml-3189457/p
2,Éxito; Carulla,tinto,Vino tinto BORGES Porto Touriga Franca (750  ml),BORGES,65450,65450,https://www.exito.com/vino-porto-borges-750-ml-3179583/p
2,Éxito; Carulla,tinto,VINO TINTO CABERNET CX12 UND TRES MEDALLAS 9000 ml,TRES MEDALLAS,,,https://www.exito.com/vino-tinto-cabernet-cx12-u-10235/p
2,Éxito; Carulla,tinto,VINO TINTO CABERNET CX12 UNDURRAGA 9000 ml,UNDURRAGA,,,https://www.exito.com/vino-tinto-cabernet-x-12und-3118/p
2,Éxito; Carulla,tinto,Vino Tinto Cabernet Franc VALDIVIESO   (750  ml),VALDIVIESO,,,https://www.exito.com/vino-tinto-cabernet-franc-valdivieso-750-ml-3081318/p
2,Éxito; Carulla,tinto,Vino tinto CABO HORNOS cabernet sauvignon Cabenet S (750  ml),CABO HORNOS,259800,259800,https://www.exito.com/vino-tinto-cabernet-sauvignon-vina-san-pedro-x-750ml-349839/p
2,Éxito; Carulla,tinto,Vino tinto CALLIA cabernet sauvignon Cabernetf (750  ml),CALLIA,66150,66825,https://www.exito.com/vino-tinto-cabernet-sauvignon-callia-750-ml-3148483/p
2,Éxito; Carulla,tinto,Vino tinto CANTINA COLLI EUGANEI rosso Otra Cepa (750  ml),CANTINA COLLI EUGANEI,70700,71500,https://www.exito.com/vino-tinto-rosso-cantina-colli-euganei-750-ml-3010216/p
2,Éxito; Carulla,tinto,Vino tinto CARE botella Blend (750  ml),CARE,77500,78300,https://www.exito.com/vino-tinto-red-blend-care-blend-750-ml-3222389/p
2,Éxito; Carulla,tinto,Vino tinto CARLO ROSSI   (1500  ml),CARLO ROSSI,69000,71100,https://www.exito.com/v-carlo-rossi-red-403479/p
2,Éxito; Carulla,tinto,Vino tinto CARLO ROSSI frescato  (750  ml),CARLO ROSSI,41300,41300,https://www.exito.com/vtinto-rosso-fre-433622/p
2,Éxito; Carulla,tinto,Vino tinto CARLO ROSSI red  (750  ml),CARLO ROSSI,37300,37700,https://www.exito.com/vino-carlo-rossi-red-x-750-ml-683662/p
2,Éxito; Carulla,tinto,Vino tinto CARMEN MARCA EXCLUSIVA cabernet sauvignon Cabernet Sauvignon (750  ml),CARMEN MARCA EXCLUSIVA,19875,27800,https://www.exito.com/vino-tinto-insigne-cabernet-sauvignon-x-750-ml-21130/p
2,Éxito; Carulla,tinto,Vino tinto CARMEN MARCA EXCLUSIVA carmenere insigne Carmenere (750  ml),CARMEN MARCA EXCLUSIVA,19525,20550,https://www.exito.com/vino-tinto-insigne-carmenere-363573/p
2,Éxito; Carulla,tinto,Vino tinto CASA EL ENEMIGO VIGIL barranco bonarda Bonarda (750  ml),CASA EL ENEMIGO VIGIL,248900,248900,https://www.exito.com/vino-tinto-barranco-bonarda-casa-el-enemigo-vigil-750-ml-3137859/p
2,Éxito; Carulla,tinto,Vino tinto CASA EL ENEMIGO VIGIL bonarda Bonarda (750  ml),CASA EL ENEMIGO VIGIL,302200,317400,https://www.exito.com/vino-tinto-el-enemigo-bonarda-casa-el-enemigo-vigil-750-mililitro-256082/p
2,Éxito; Carulla,tinto,Vino tinto CASA EL ENEMIGO VIGIL cabernet Franc   (750  ml),CASA EL ENEMIGO VIGIL,798200,798200,https://www.exito.com/vino-gran-enemigo-chacayes-casa-el-enemigo-vigil-750-ml-3017326/p
2,Éxito; Carulla,tinto,Vino tinto CASA EL ENEMIGO VIGIL cabernet franc Cabernet Franc (750  ml),CASA EL ENEMIGO VIGIL,282600,296800,https://www.exito.com/v-tinto-el-enem-cabernet-franc-casa-el-enemigo-vigil-750-mililitro-256085/p
2,Éxito; Carulla,tinto,Vino tinto CASA EL ENEMIGO VIGIL paraisos bonarda Bonarda (750  ml),CASA EL ENEMIGO VIGIL,231900,252800,https://www.exito.com/vino-tinto-paraisos-bonarda-casa-el-enemigo-vigil-750-ml-3137860/p
2,Éxito; Carulla,tinto,Vino tinto CASA EL ENEMIGO VIGIL syrah viognier Blended (750  ml),CASA EL ENEMIGO VIGIL,257200,270100,https://www.exito.com/vino-tinto-syrah-viognier-casa-el-enemigo-vigil-750-ml-3137861/p
2,Éxito; Carulla,tinto,Vino tinto CASA EL ENEMIGO VIGIL vigil Malbec (750  ml),CASA EL ENEMIGO VIGIL,274900,275400,https://www.exito.com/el-enemigo-942335/p
2,Éxito; Carulla,tinto,Vino tinto CASA ERMELINDA alicante bouschet Alicante Bouschet (750  ml),CASA ERMELINDA,158600,164000,https://www.exito.com/vino-reserva-casa-ermelinda-alicante-bouschet-750-ml-3179575/p
2,Éxito; Carulla,tinto,Vino tinto CASA ERMELINDA touriga nacional Touriga Nacional (750  ml),CASA ERMELINDA,138600,141600,https://www.exito.com/vino-reserva-casa-ermelinda-touriga-nacional-750-ml-3179576/p
2,Éxito; Carulla,tinto,Vino tinto CASA ERMELINDA trincadeira Trincadeira (750  ml),CASA ERMELINDA,156100,164000,https://www.exito.com/vino-reserva-casa-ermelinda-trincadeira-750-ml-3179577/p
2,Éxito; Carulla,tinto,Vino tinto CASA SILVA merlot Merlot (750  ml),CASA SILVA,67950,92925,https://www.exito.com/v-tinto-merlot-gran-reserva-718374/p
2,Éxito; Carulla,tinto,Vino tinto CASA SILVA reserva cabernet Cabenet S (750  ml),CASA SILVA,74625,75825,https://www.exito.com/vino-tinto-cabernet-sauvignon-reserva-x-750-ml-718362/p
2,Éxito; Carulla,tinto,Vino tinto CASILLERO DEL DIABLO  Cabenet S (375  ml),CASILLERO DEL DIABLO,,,https://www.exito.com/vino-tinto-cabernet-concha-y-toro-x-375ml-344810/p
2,Éxito; Carulla,tinto,Vino tinto CASILLERO DEL DIABLO fabulous red Blended (750  ml),CASILLERO DEL DIABLO,44070,44070,https://www.exito.com/vino-carnaval-fabulous-red-casillero-del-diablo-750-ml-3173031/p
2,Éxito; Carulla,tinto,Vino tinto CASILLERO DEL DIABLO fantastic sweet Blended (750  ml),CASILLERO DEL DIABLO,44070,44070,https://www.exito.com/vino-carnaval-fantastic-sweet-casillero-del-diablo-750-ml-3173032/p
2,Olímpica; Vinos El Kiosco,tinto,Vino Tinto Casillero del Diablo Red Blend 750 Ml,Casillero Diablo,69900,73400,https://www.olimpica.com/vino-casillero-diablo-red-blend-750ml/p
2,Éxito; Carulla,tinto,Vino tinto CASILLERO DEL DIABLO reserva concha y toro Cabernet Sauvignon (750  ml),CASILLERO DEL DIABLO,51545,51545,https://www.exito.com/vino-tinto-cabernet-sauvignon-x-750ml-70691/p
2,Éxito; Carulla,tinto,Vino tinto CASILLERO DEL DIABLO reserva privada Cabenet S (750  ml),CASILLERO DEL DIABLO,71760,71760,https://www.exito.com/vino-tinto-cabernet-suavignon-reserva-botella-x-750-ml-267144/p
2,Éxito; Carulla,tinto,Vino tinto CASTILLO DE LIRIA bobal y shiraz Tempranil (750  ml),CASTILLO DE LIRIA,32480,32480,https://www.exito.com/vino-tinto-castillo-de-liria-x-750ml-688081/p
2,Éxito; Carulla,tinto,Vino tinto CASTILLO DE LIRIA monastrell shiraz Syrah (750  ml),CASTILLO DE LIRIA,37450,37450,https://www.exito.com/vino-espanol-castillodeliria-tinto-organico-castillo-de-liria-750-ml-3151480/p
2,Éxito; Carulla,tinto,Vino tinto CASTILLO DE MOLINA cabernet sauvignon Cabenet S (750  ml),CASTILLO DE MOLINA,97800,99700,https://www.exito.com/vino-tinto-cabernet-castillo-molina-x-750ml-8245/p
2,Éxito; Carulla,tinto,Vino tinto CATENA ZAPATA alma negra Blend (750  ml),CATENA ZAPATA,182400,200800,https://www.exito.com/vino-tinto-alma-negra-bonarda-catena-zapata-750-ml-256059/p
2,Éxito; Carulla,tinto,Vino tinto CATENA ZAPATA appellation  (750  ml),CATENA ZAPATA,168900,169200,https://www.exito.com/vino-tinto-appellation-catena-zapata-750-ml-3010300/p
2,Éxito; Carulla,tinto,Vino tinto CATENA ZAPATA appellation la consulta Malbec (750  ml),CATENA ZAPATA,176400,194400,https://www.exito.com/vino-tinto-appellation-malbec-catena-zapata-750-ml-3010299/p
2,Éxito; Carulla,tinto,Vino tinto CATENA ZAPATA cabernet sauvignon Cabenet S (750  ml),CATENA ZAPATA,371800,957100,https://www.exito.com/vtto-cabernet-sauvignon-518135/p
2,Éxito; Carulla,tinto,Vino Tinto CATENA ZAPATA Catena Appellation Vista Flores Malbec (750  ml),CATENA ZAPATA,,,https://www.exito.com/vino-tinto-catena-zapata-catena-appellation-vista-flores-malbec-750-ml-3196031/p
2,Éxito; Carulla,tinto,Vino tinto CATENA ZAPATA malbec  (750  ml),CATENA ZAPATA,178300,438800,https://www.exito.com/vino-tinto-malbec-x-750-ml-518136/p
2,Éxito; Carulla,tinto,Vino tinto CEFIRO MARCA EXCLUSIVA pinot noir Pinot Noir (750  ml),CEFIRO MARCA EXCLUSIVA,59800,60400,https://www.exito.com/vino-tinto-pinot-noir-cefiro-marca-exclusiva-750-ml-46138/p
2,Éxito; Carulla,tinto,Vino tinto CEFIRO MARCA EXCLUSIVA viña casa blanca Cabenet S (750  ml),CEFIRO MARCA EXCLUSIVA,56800,59700,https://www.exito.com/vino-tinto-cabernet-sauvignon-reserva-x-750ml-111557/p
2,Éxito; Carulla,tinto,Vino tinto CEPA 21 fino Otra Cepa (750  ml),CEPA 21,226600,226600,https://www.exito.com/vino-tinto-fino-cepa-21-750-ml-3131705/p
2,Éxito; Carulla,tinto,Vino tinto CHATEAU FRONTENAC bordeaux  (750  ml),CHATEAU FRONTENAC,37450,39500,https://www.exito.com/vino-tinto-bordeaux-chateau-frontenac-750-ml-3089960/p
2,Éxito; Carulla,tinto,Vino tinto CHATEAU JARON bordeaux  (750  ml),CHATEAU JARON,38250,39500,https://www.exito.com/vino-tinto-bordeaux-chateau-jaron-750-ml-3088403/p
2,Éxito; Carulla,tinto,Vino tinto CHATEAU MAISON NOBLE bordeaux  (750  ml),CHATEAU MAISON NOBLE,,,https://www.exito.com/vino-bordeaux-x-750-ml-612396/p
2,Éxito; Carulla,tinto,Vino tinto CHATEAU MAISON NOBLE superieur  (750  ml),CHATEAU MAISON NOBLE,23450,23450,https://www.exito.com/vino-bordeaux-superieur-x-750-ml-612398/p
2,Jumbo; Vinos El Kiosco,tinto,Vino Tinto Chianti DOCG 750 ml Ruffino,RUFFINO,72143,94600,https://www.jumbocolombia.com/vino-tinto-chianti-docg-750-ml-ruffino/p
2,Éxito; Carulla,tinto,VINO TINTO CHIANTI FONTE AL CERRO 750 ml,FONTE AL CERRO,,,https://www.exito.com/vino-tinto-chianti-fonte-al-cerro-750-ml-114661/p
2,Éxito; Carulla,tinto,Vino tinto CHILENSIS cabern. sauvignon  (750  ml),CHILENSIS,40500,41000,https://www.exito.com/v-tinto-varietal-cabern-sauvig-chilensis-750-ml-3092637/p
2,Éxito; Carulla,tinto,Vino tinto CHILENSIS malbec  (750  ml),CHILENSIS,38750,39200,https://www.exito.com/vtinto-reserv-malbec-chilensis-750-ml-3092636/p
2,Éxito; Carulla,tinto,Vino tinto CIRCUS tempranillo merlot Blend (750  ml),CIRCUS,116700,117900,https://www.exito.com/vino-circus-blended-750-ml-3180271/p
2,Éxito; Carulla,tinto,VINO TINTO CLOS DE PIRQUE Cabernet Sauvignon (750  ml),CLOS DE PIRQUE,,,https://www.exito.com/vino-cabernet-sauvignon-clos-de-pirque-750-ml-3171866/p
2,Éxito; Carulla,tinto,Vino tinto CLOS DE PIRQUE caja Cabenet S (1000  ml),CLOS DE PIRQUE,,,https://www.exito.com/vtto-cabernet-s-tetra-clos-p-846022/p
2,Éxito; Carulla,tinto,Vino tinto CLUB DES SOMMELIERS MARCA EXCL cabernet sauvignon  (750  ml),CLUB DES SOMMELIERS MARCA EXCL,9225,9225,https://www.exito.com/vino-tinto-cabernet-sauvignon-926353/p
2,Éxito; Carulla,tinto,Vino tinto CLUB DES SOMMELIERS MARCA EXCL fino malbec  (750  ml),CLUB DES SOMMELIERS MARCA EXCL,39950,39950,https://www.exito.com/vino-fino-tinto-malbec-842662/p
2,Éxito; Carulla,tinto,Vino tinto CLUB DES SOMMELIERS MARCA EXCL malbec Argentina  (750  ml),CLUB DES SOMMELIERS MARCA EXCL,17650,17650,https://www.exito.com/vino-tinto-seco-malbec-roble-842718/p
2,Éxito; Carulla,tinto,Vino tinto CLUB DES SOMMELIERS MARCA EXCL seco cab sauvignon  (750  ml),CLUB DES SOMMELIERS MARCA EXCL,13650,13650,https://www.exito.com/vino-tinto-seco-cabsauvignon-842685/p
2,Éxito; Carulla,tinto,Vino tinto COLINAS DE LISBOA botella Syrah (750  ml),COLINAS DE LISBOA,67400,69500,https://www.exito.com/vino-colinas-de-lisboa-tinto-syrah-750-ml-3222223/p
2,Éxito; Carulla,tinto,Vino tinto COLUMBIA CREST MARCA EXCLUSIVA cabernet Cabenet S (750  ml),COLUMBIA CREST MARCA EXCLUSIVA,66550,67250,https://www.exito.com/vino-cabernet-sauvignon-x-750ml-363614/p
2,Éxito; Carulla,tinto,Vino tinto COLUMBIA CREST MARCA EXCLUSIVA grand estates Syrah (750  ml),COLUMBIA CREST MARCA EXCLUSIVA,66650,73100,https://www.exito.com/vino-syrah-grand-estates-x-750ml-364698/p
2,Éxito; Carulla,tinto,Vino tinto CONCHA Y TORO   (750  ml),CONCHA Y TORO,,,https://www.exito.com/vino-tinto-almaviva-concha-y-toro-750-ml-3081322/p
2,Éxito; Carulla,tinto,Vino tinto CONDADO DE HAZA Marquéz de Cáceres  (750  ml),CONDADO DE HAZA,362100,370200,https://www.exito.com/vino-tinto-marques-caceres-g-506248/p
2,Éxito; Carulla,tinto,Vino tinto CONVENTO DA VILA alentejano Otra Cepa (750  ml),CONVENTO DA VILA,56100,56100,https://www.exito.com/vino-convento-da-vila-tinto-alentejano-otra-cepa-750-ml-3215654/p
2,Éxito; Carulla,tinto,Vino tinto COUSI\O MACUL cabernet sauvignon Cabenet S (750  ml),COUSI\O MACUL,73700,75700,https://www.exito.com/vino-tinto-cabernet-sauvignon-x-750ml-827618/p
2,Éxito; Carulla,tinto,Vino tinto COUSI\O MACUL merlot Merlot (750  ml),COUSI\O MACUL,77200,78500,https://www.exito.com/vino-tinto-merlot-don-luis-x-750ml-271680/p
2,Olímpica; Dislicores,tinto,Vino Tinto Cousiño Macul Antiguas Reservas Cabernet Sauvignon 750 Ml,Cousino Macul,106990,115800,https://www.olimpica.com/vino-cousi-macul-ant-res-cabe-s-750-c/p
2,Éxito; Carulla,tinto,Vino tinto CRUZARES MARCA EXCLUSIVA de mesa  (1000  ml),CRUZARES MARCA EXCLUSIVA,,,https://www.exito.com/vino-tinto-cruzares-marca-exclusiva-1000-ml-3065503/p
2,Éxito; Carulla,tinto,Vino tinto CRUZARES MARCA EXCLUSIVA joven  (750  ml),CRUZARES MARCA EXCLUSIVA,18500,18500,https://www.exito.com/vino-tinto-x-750-ml-672697/p
2,Éxito; Carulla,tinto,Vino tinto CUATRO RAYAS MARCA EXCLUSIVA orgánico Tempranil (750  ml),CUATRO RAYAS MARCA EXCLUSIVA,49600,53000,https://www.exito.com/vino-tinto-tempranillo-cuatro-rayas-marca-exclusiva-75-ml-3032300/p
2,Éxito; Carulla,tinto,Vino tinto DANZANTE chianti docg Sangiovese (750  ml),DANZANTE,125025,128850,https://www.exito.com/vino-tinto-chianti-x-750-ml-80238/p
2,Éxito; Carulla,tinto,Vino tinto DARK HORSE MARCA EXCLUSIVA pinot noir  (750  ml),DARK HORSE MARCA EXCLUSIVA,31100,32050,https://www.exito.com/vino-pinot-noir-dark-horse-marca-exclusiva-750-mililitro-874336/p
2,Éxito; Carulla,tinto,Vino tinto DE ALORT MARCA EXCLUSIVA tempranillo roble  (750  ml),DE ALORT MARCA EXCLUSIVA,24575,24600,https://www.exito.com/vtinto-tempranillo-roble-ecol-de-alort-marca-exclusiva-750-ml-490570/p
2,Olímpica; Vinos El Kiosco,tinto,Vino Tinto De Martino Estate Merlot 750 Ml,De Martino,57600,76600,https://www.olimpica.com/vino-de-martino-estate-merlot-750ml-7804395018069-2160287/p
2,Éxito; Carulla,tinto,Vino tinto DIABLO dark red blend  (750  ml),DIABLO,99900,99900,https://www.exito.com/diablo-dark-red-blend-959285/p
2,Éxito; Carulla,tinto,Vino tinto DIABLO malbec Malbec (750  ml),DIABLO,99900,99900,https://www.exito.com/vino-casillero-del-diablo-malbec-750-ml-3179322/p
2,Éxito; Carulla,tinto,Vino tinto DIAZ BAYO 15 meses Tempranillo (750  ml),DIAZ BAYO,56100,57800,https://www.exito.com/vino-tinto-15-m-do-ribera-duer-diaz-bayo-750-ml-3028604/p
2,Éxito; Carulla,tinto,Vino tinto DIAZ BAYO 8 meses Tempranillo (750  ml),DIAZ BAYO,39850,39850,https://www.exito.com/vino-tinto-8-m-do-ribera-duero-diaz-bayo-750-ml-3028603/p
2,Éxito; Carulla,tinto,Vino tinto DIAZ BAYO tempranillo Tempranillo (750  ml),DIAZ BAYO,97050,101950,https://www.exito.com/vino-tinto-20-m-do-ribera-duer-diaz-bayo-750-ml-3028605/p
2,Éxito; Carulla,tinto,VINO TINTO DOÑA DOMINGA SYRAH CASA SILVA 750 ml,CASA SILVA,,,https://www.exito.com/vino-tinto-dona-dominga-syrah-casa-silva-750-ml-109209/p
2,Jumbo; Vinos El Kiosco,tinto,Vino Tinto Dona Paula Malbec Estate 750ml,DONA PAULA,102990,112800,https://www.jumbocolombia.com/vino-tinto-dona-paula-malbec-estate-750ml-39380/p
2,Éxito; Carulla,tinto,Vino tinto DUE FRATELLI due fratelli kosher Otra Cepa (750  ml),DUE FRATELLI,63400,63500,https://www.exito.com/vino-tinto-kosher-due-fratelli-750-mililitro-3007212/p
2,Éxito; Carulla,tinto,Vino tinto DUETTE cabernet sauvignon  carmenere Blended (750  ml),DUETTE,,,https://www.exito.com/vtto-cabernet-carmenere-premi-132331/p
2,Éxito; Carulla,tinto,Vino tinto DUMAS MARCA EXCLUSIVA bordeaux  (750  ml),DUMAS MARCA EXCLUSIVA,18400,18400,https://www.exito.com/vino-bordeaux-controlee-x-750-ml-452847/p
2,Éxito; Carulla,tinto,Vino tinto DURIGUTTI cabernet franc Cabernet Franc (750  ml),DURIGUTTI,132600,134000,https://www.exito.com/durigutti-cabernet-franc-durigutti-cabernet-franc-750-ml-3189341/p
2,Éxito; Carulla,tinto,Vino tinto DURIGUTTI clásico malbec Malbec (750  ml),DURIGUTTI,125100,125100,https://www.exito.com/durigutti-clasico-malbec-durigutti-malbec-750-ml-3189342/p
2,Éxito; Carulla,tinto,Vino tinto DURIGUTTI de terroir Malbec (750  ml),DURIGUTTI,202800,202800,https://www.exito.com/las-compuertas-malbec-5-suelos-durigutti-malbec-750-ml-3189345/p
2,Éxito; Carulla,tinto,Vino tinto DURIGUTTI Malbec Otra Cepa (750  ml),DURIGUTTI,196800,206700,https://www.exito.com/proyecto-las-compuertas-cordisco-durigutti-otra-cepa-750-ml-3189344/p
2,Éxito; Carulla,tinto,Vino tinto EL COTO tempranillo  (750  ml),EL COTO,62025,64650,https://www.exito.com/vino-tinto-tempranillo-crianza-el-coto-750-ml-3123922/p
2,Éxito; Carulla,tinto,Vino tinto EMBLEMA Chile Otra Cepa (750  ml),EMBLEMA,,,https://www.exito.com/vino-tinto-x-750ml-vinicorte-750-ml-3125223/p
2,Éxito; Carulla,tinto,Vino tinto EMBLEMA merlot Otra Cepa (750  ml),EMBLEMA,14625,14625,https://www.exito.com/vino-tinto-merlot-vinicorte-750-ml-3095057/p
2,Éxito; Carulla,tinto,Vino tinto EMILIANA cabernet sauvignon  (750  ml),EMILIANA,,,https://www.exito.com/cabernet-sauvignon-emiliana-750-mililitro-833536/p
2,Éxito; Carulla,tinto,Vino tinto EMILIANA orgánico blend Blend (750  ml),EMILIANA,,,https://www.exito.com/vino-tinto-coyam-organico-940972/p
2,Éxito; Carulla,tinto,Vino tinto EMILIANA orgánico Cabenet S (750  ml),EMILIANA,78500,78500,https://www.exito.com/vino-cabernet-s-adobe-organico-942074/p
2,Éxito; Carulla,tinto,Vino tinto EMILIANA orgánico Malbec (750  ml),EMILIANA,78700,79600,https://www.exito.com/vino-organico-reserva-malbec-emiliana-750-ml-3129092/p
2,Éxito; Carulla,tinto,Vino tinto ENTRESUELOS tempranillo Tempranillo (750  ml),ENTRESUELOS,70700,70700,https://www.exito.com/vino-entresuelos-tempranillo-entresuelos-750-ml-3175073/p
2,Éxito; Carulla,tinto,Vino tinto ESTANCIA MENDOZA cabernet sauvign malbec Blended (750  ml),ESTANCIA MENDOZA,26550,27900,https://www.exito.com/vino-tinto-cabernet-malbec-211992/p
2,Éxito; Carulla,tinto,Vino Tinto ESTANCIA MENDOZA Cabernet Sauvignon Reserv  (750  ml),ESTANCIA MENDOZA,,,https://www.exito.com/vino-tinto-cabernet-sauvignon-estancia-mendoza-750-ml-3073161/p
2,Éxito; Carulla,tinto,Vino tinto ESTANCIA MENDOZA malbec Malbec (750  ml),ESTANCIA MENDOZA,,,https://www.exito.com/vino-tinto-malbec-211995/p
2,Éxito; Carulla,tinto,Vino tinto ESTANCIA MENDOZA merlot malbec Blended (750  ml),ESTANCIA MENDOZA,27750,27750,https://www.exito.com/vino-tto-merlot-malbec-317806/p
2,Éxito; Carulla,tinto,Vino tinto FAUNO MARCA EXCLUSIVA tempranillo  (750  ml),FAUNO MARCA EXCLUSIVA,14300,14300,https://www.exito.com/vino-tinto-tempranillo-fauno-marca-exclusiva-750-mililitro-235670/p
2,Éxito; Carulla,tinto,Vino tinto FAUSTINO garnacha Garnacha (750  ml),FAUSTINO,93080,93080,https://www.exito.com/vino-tinto-vii-garnacha-faustino-750-ml-3144397/p
2,Éxito; Carulla,tinto,Vino tinto FAUSTINO portia prima  (750  ml),FAUSTINO,232050,242130,https://www.exito.com/portia-prima-faustino-750-mililitro-907065/p
2,Éxito; Carulla,tinto,Vino tinto FAUSTINO rioja Tempranillo (750  ml),FAUSTINO,90155,91065,https://www.exito.com/vino-tinto-rioja-tempranillo-x-750-ml-426671/p
2,Éxito; Carulla,tinto,Vino tinto FRONTERA cabernet sauvignon Cabenet S (750  ml),FRONTERA,37950,37950,https://www.exito.com/vino-tinto-cabernet-sauvignon-x-750ml-70694/p
2,Éxito; Carulla,tinto,Vino tinto FRONTERA sweet selection Blended (750  ml),FRONTERA,32025,32025,https://www.exito.com/vino-sweet-selection-frontera-blended-750-ml-3211389/p
2,Éxito; Carulla,tinto,Vino tinto FUEGO AUSTRAL MARCA EXCLUSIVA chileno Cabenet S (750  ml),FUEGO AUSTRAL MARCA EXCLUSIVA,33650,34500,https://www.exito.com/vino-tinto-chileno-cabernet-sauvignon-x-750ml-270098/p
2,Éxito; Carulla,tinto,Vino tinto FUEGO AUSTRAL MARCA EXCLUSIVA merlot Merlot (750  ml),FUEGO AUSTRAL MARCA EXCLUSIVA,33850,35600,https://www.exito.com/vino-tinto-merlot-x-750-ml-566819/p
2,Éxito; Carulla,tinto,Vino tinto GALLO MARCA EXCLUSIVA  Pinot Noi (750  ml),GALLO MARCA EXCLUSIVA,,,https://www.exito.com/vino-tinto-pinot-noir-gallo-family-x-750-ml-304779/p
2,Éxito; Carulla,tinto,Vino tinto GALLO MARCA EXCLUSIVA cabernet sauvignon Cabenet S (750  ml),GALLO MARCA EXCLUSIVA,23375,23650,https://www.exito.com/vino-tinto-cabernet-sauvignon-family-2006-x-750ml-573245/p
2,Éxito; Carulla,tinto,Vino tinto GALLO MARCA EXCLUSIVA carbenet sauvignon  (187  ml),GALLO MARCA EXCLUSIVA,,,https://www.exito.com/vino-tinto-carbenet-sauvignon-gallo-marca-exclusiva-187-mililitro-226708/p
2,Éxito; Carulla,tinto,Vino tinto GALLO MARCA EXCLUSIVA merlot  (750  ml),GALLO MARCA EXCLUSIVA,18450,18450,https://www.exito.com/vino-tinto-merlot-e-j-gallo-family-750-ml-877361/p
2,Éxito; Carulla,tinto,Vino tinto GATO NEGRO  + speaker Merlot (1  und),GATO NEGRO,54300,54300,https://www.exito.com/vino-gatobafle-gato-negro-merlot-1-und-3226932/p
2,Éxito; Carulla,tinto,Vino tinto GATO NEGRO  + vaso regalo Cabenet S (750  ml),GATO NEGRO,,,https://www.exito.com/vino-gato-negro-cabenet-s-750-ml-3189756/p
2,Olímpica; Dislicores,tinto,Vino Tinto Gato Negro 9 Lives Carmenere 750 Ml,Gato Negro,53950,73990,https://www.olimpica.com/vino-gato-negro-carmenere-9-live-750ml/p
2,Éxito; Carulla,tinto,Vino tinto GATO NEGRO cabernet  (748  ml),GATO NEGRO,61200,67300,https://www.exito.com/vino-tinto-cabernet-fourpack-x-187-ml-cu-362923/p
2,Éxito; Carulla,tinto,Vino tinto GATO NEGRO cabernet merlot Blended (750  ml),GATO NEGRO,55100,57900,https://www.exito.com/vino-tinto-cabernet-merlot-gato-negro-botella-x-750-ml-304719/p
2,Éxito; Carulla,tinto,Vino tinto GATO NEGRO edición limitada Cabernet Sauvignon (750  ml),GATO NEGRO,55100,55700,https://www.exito.com/vino-tinto-cabernet-sauvignon-x-750ml-70372/p
2,Éxito; Carulla,tinto,Vino tinto GATO NEGRO intriguing carmenere  (750  ml),GATO NEGRO,83600,85200,https://www.exito.com/vino-9lives-carmenere-gato-negro-750-mililitro-573483/p
2,Éxito; Carulla,tinto,Vino tinto GATO NEGRO red blend  (750  ml),GATO NEGRO,81700,81700,https://www.exito.com/vino-9liivesensamblaje-gato-negro-750-mililitro-573485/p
2,Éxito; Carulla,tinto,Vino tinto GATO NEGRO sweet Otra Cepa (750  ml),GATO NEGRO,41000,43200,https://www.exito.com/vino-tinto-gato-negro-sweet-otra-cepa-750-ml-3209561/p
2,Éxito; Carulla,tinto,Vino tinto GAVIOTA valle central Varietal (750  ml),GAVIOTA,18050,18800,https://www.exito.com/vino-tinto-gaviota-varietal-750-ml-3187012/p
2,Éxito; Carulla,tinto,Vino tinto GEORGES DUBOEUF brouilly  (750  ml),GEORGES DUBOEUF,162000,162000,https://www.exito.com/vino-brouilly-944507/p
2,Éxito; Carulla,tinto,Vino tinto GEORGES DUBOEUF ligero afrutado  (750  ml),GEORGES DUBOEUF,124950,124950,https://www.exito.com/vino-beaujolais-villages-944505/p
2,Éxito; Carulla,tinto,Vino tinto GERARD BERTRAND MARCA EXCLUSIV cabernet reserve  (750  ml),GERARD BERTRAND MARCA EXCLUSIV,81700,85800,https://www.exito.com/vino-tinto-cabernet-reserve-special-x-750ml-102135/p
2,Éxito; Carulla,tinto,Vino tinto GERARD BERTRAND MARCA EXCLUSIV pinot noir Pinot Noi (750  ml),GERARD BERTRAND MARCA EXCLUSIV,135750,142550,https://www.exito.com/vino-tinto-pinot-n-domaine-de-laigle-x-750ml-102121/p
2,Éxito; Carulla,tinto,Vino tinto GERARD BERTRAND MARCA EXCLUSIV reserva chateau lhosp  (750  ml),GERARD BERTRAND MARCA EXCLUSIV,85000,89250,https://www.exito.com/vino-tinto-chateau-lhospitalet-botella-x-750ml-102122/p
2,Éxito; Carulla,tinto,Vino Tinto GLORIOSO Tempranillo (750  ml),GLORIOSO,,,https://www.exito.com/vino-tinto-glorioso-tempranillo-750-ml-3189177/p
2,Éxito; Carulla,tinto,Vino tinto GRAN ANDES DEL SUR cabernet sauvignon Cabernet Sauvignon (1000  ml),GRAN ANDES DEL SUR,30800,30800,https://www.exito.com/vino-tinto-cabernet-sauvignon-gran-andes-del-sur-1000-ml-3031915/p
2,Olímpica; Vinos El Kiosco,tinto,Vino Tinto Gran Enemigo Cepillo 750 Ml,GRAN ENEMIGO,511560,558800,https://www.olimpica.com/vino-tint-gran-enemigo-cep-750-ml/p
2,Éxito; Carulla,tinto,Vino tinto HEREFORD cabernet sauvignon Cabenet S (750  ml),HEREFORD,46410,48440,https://www.exito.com/vino-tinto-cabernet-sauvignon-x-750-ml-521307/p
2,Éxito; Carulla,tinto,Vino tinto HITO C21 fino Otra Cepa (750  ml),HITO C21,128100,128100,https://www.exito.com/vino-tinto-fino-hito-c21-750-ml-3131703/p
2,Éxito; Carulla,tinto,Vino tinto HIZAN cosecha  (750  ml),HIZAN,,,https://www.exito.com/vino-tinto-cosecha-x-750-ml-666563/p
2,Éxito; Carulla,tinto,Vino tinto HUMBERTO CANALE ESTATE black river malbec  (750  ml),HUMBERTO CANALE ESTATE,84200,86900,https://www.exito.com/vino-black-river-malbec-humberto-canale-estate-750-ml-3124872/p
2,Éxito; Carulla,tinto,Vino tinto ISABELLA botella afrutados Otra Cepa (750  ml),ISABELLA,27920,31200,https://www.exito.com/vino-tinto-isabella-botella-x-750ml-70829/p
2,Éxito; Carulla,tinto,Vino tinto ITYNERA MARCA EXCLUSIVA cabernet sauvignon Cabenet S (750  ml),ITYNERA MARCA EXCLUSIVA,34650,35000,https://www.exito.com/vino-cabernet-sauvignon-x-750-ml-366349/p
2,Éxito; Carulla,tinto,Vino tinto ITYNERA MARCA EXCLUSIVA montepulciano d abruzzo  (750  ml),ITYNERA MARCA EXCLUSIVA,33550,33900,https://www.exito.com/vino-montepulciano-de-abruzzo-x-750-ml-366348/p
2,Éxito; Carulla,tinto,Vino tinto ITYNERA MARCA EXCLUSIVA primitivo salento  (750  ml),ITYNERA MARCA EXCLUSIVA,34900,35250,https://www.exito.com/vino-tinto-primitivo-salento-x-750-ml-555986/p
2,Éxito; Carulla,tinto,Vino tinto ITYNERA MARCA EXCLUSIVA yrah sicilia Syrah (750  ml),ITYNERA MARCA EXCLUSIVA,34800,35150,https://www.exito.com/vino-syrah-sicilia-botella-x-750ml-366355/p
2,Éxito; Carulla,tinto,Vino tinto JACOBS CREEK shiraz  (750  ml),JACOBS CREEK,,,https://www.exito.com/vino-shiraz-jacobs-creek-750-mililitro-155395/p
2,Éxito; Carulla,tinto,Vino tinto JP CHENET merlot cabernet Blended (750  ml),JP CHENET,,,https://www.exito.com/vino-tinto-merlot-cabernet-x-750ml-881061/p
2,Éxito; Carulla,tinto,Vino tinto LA CELIA + copa pack Malbec (1  und),LA CELIA,,,https://www.exito.com/vino-la-celia-copa-pack-la-celia-malbec-1-und-3230875/p
2,Éxito; Carulla,tinto,Vino tinto LA CELIA la celia malbec Malbec (750  ml),LA CELIA,124400,126800,https://www.exito.com/vino-tinto-reserva-malbec-la-celia-x-750ml-349800/p
2,Jumbo; Dislicores,tinto,Vino Tinto La Celia Malbec Elite 750 ml,LA CELIA,146000,171990,https://www.jumbocolombia.com/vino-tinto-la-celia-malbec-elite-750-ml-365074/p
2,Éxito; Carulla,tinto,Vino tinto LA HUERTA cabernet sauvignon Cabenet S (750  ml),LA HUERTA,44600,46000,https://www.exito.com/vino-tinto-cabernet-sauvignon-x-750ml-639462/p
2,Éxito; Carulla,tinto,Vino tinto LA PIUMA MARCA EXCLUSIVA chianti docg  (750  ml),LA PIUMA MARCA EXCLUSIVA,25600,25900,https://www.exito.com/v-chianti-docg-la-piuma-marca-exclusiva-750-ml-3124442/p
2,Éxito; Carulla,tinto,Vino tinto LA PIUMA MARCA EXCLUSIVA montepulciano d abruzzo Otra Cepa (750  ml),LA PIUMA MARCA EXCLUSIVA,22825,24150,https://www.exito.com/v-montepulciano-dabruzzo-doc-la-piuma-marca-exclusiva-750-ml-3124439/p
2,Éxito; Carulla,tinto,Vino tinto LA POSADA red blend Malbec (750  ml),LA POSADA,109300,109300,https://www.exito.com/vino-tinto-red-blend-luca-750-ml-3081630/p
2,Éxito; Carulla,tinto,Vino tinto LAMAN MARCA EXCLUSIVA joven tempranillo Tempranil (750  ml),LAMAN MARCA EXCLUSIVA,16575,17200,https://www.exito.com/vino-tinto-joven-tempranillo-219698/p
2,Éxito; Carulla,tinto,Vino tinto LAS MORAS barrel select  (750  ml),LAS MORAS,85200,86100,https://www.exito.com/vino-tinto-malbec-reserva-x-750ml-471931/p
2,Éxito; Carulla,tinto,Vino tinto LAS MORAS cabernet Cabernet Franc (750  ml),LAS MORAS,129100,135600,https://www.exito.com/vino-tinto-cabernet-sauvignon-black-labe-x-750ml-122543/p
2,Éxito; Carulla,tinto,Vino tinto LAS MORAS cabernet syrah Cabenet S (750  ml),LAS MORAS,89800,92900,https://www.exito.com/vino-tinto-cabernet-sauvignon-reserva-x-750ml-471932/p
2,Éxito; Carulla,tinto,Vino tinto LELLO portugués TintaRoriz (750  ml),LELLO,82400,87100,https://www.exito.com/vino-del-douro-lello-tinta-roriz-750-ml-3179571/p
2,Éxito; Carulla,tinto,Vino tinto LOS CARDOS malbec Malbec (750  ml),LOS CARDOS,61900,61900,https://www.exito.com/vino-tinto-malbec-dona-paula-los-cardos-750-ml-363577/p
2,Éxito; Carulla,tinto,Vino tinto LOS MOLINOS FELIX SOLIS tempranillo Tempranillo (750  ml),LOS MOLINOS FELIX SOLIS,56600,56600,https://www.exito.com/vino-tinto-tempranillo-do-valdepe-los-molinos-felix-solis-750-ml-3175776/p
2,Éxito; Carulla,tinto,Vino tinto LOUIS MARTINI cabernet sauvignon Cabenet S (750  ml),LOUIS MARTINI,70000,70700,https://www.exito.com/vino-tinto-cabernet-luis-martini-x-750ml-256222/p
2,Éxito; Carulla,tinto,Vino tinto LUCA old malbec Malbec (750  ml),LUCA,317600,320800,https://www.exito.com/vino-tinto-old-malbec-750-ml-1002954/p
2,Éxito; Carulla,tinto,Vino tinto M.CHAPOUTIER bilahaut Syrah (750  ml),M.CHAPOUTIER,125400,125400,https://www.exito.com/vino-tinto-bila-haut-235990/p
2,Éxito; Carulla,tinto,Vino tinto MACMURRAY MARCA EXCLUSIVA central coast pinot noir  (750  ml),MACMURRAY MARCA EXCLUSIVA,64600,64600,https://www.exito.com/vino-tinto-pinot-noir-macmurray-x-750-ml-223407/p
2,Éxito; Carulla,tinto,Vino tinto MAIPO blended Blended (750  ml),MAIPO,28860,29580,https://www.exito.com/vino-tinto-carmenere-cabernet-sauvignon-x-750ml-746847/p
2,Olímpica; Vinos El Kiosco,tinto,Vino Tinto Maipo Vitral Reserva Merlot 750 Ml,Maipo,47500,51500,https://www.olimpica.com/vino-maipo-vitr-rsva-merlot-750ml/p
2,Éxito; Carulla,tinto,Vino Tinto Malbec + Cafe LA CELIA   (750  ml),LA CELIA,,,https://www.exito.com/vino-tinto-malbeccafe-la-celia-750-ml-1000763/p
2,Éxito; Carulla,tinto,VINO TINTO MALBEC CX12 ALTO LOS CARNEROS 9000 ml,ALTO LOS CARNEROS,,,https://www.exito.com/vino-tinto-malbec-cx12-u-3151/p
2,Jumbo; Vinos El Kiosco,tinto,Vino Tinto Maravides Blend 12 Meses 750 ml,MARAVIDES,123400,144990,https://www.jumbocolombia.com/vino-tinto-maravides-blend-12-meses-750-ml-271952/p
2,Éxito; Carulla,tinto,Vino tinto MARQUES DE ALTILLO crianza Tempranillo (750  ml),MARQUES DE ALTILLO,54670,54670,https://www.exito.com/vino-tinto-crianza-marques-de-altillo-750-ml-3031914/p
2,Éxito; Carulla,tinto,Vino tinto MARQUES DE ALTILLO rioja Tempranillo (750  ml),MARQUES DE ALTILLO,37380,37380,https://www.exito.com/vino-tinto-rioja-marques-de-altillo-750-ml-3031913/p
2,Éxito; Carulla,tinto,Vino tinto MARQUES DE CASA CONCHA blend Blend (750  ml),MARQUES DE CASA CONCHA,176500,176500,https://www.exito.com/vino-marques-de-casa-concha-blend-750-ml-3213975/p
2,Éxito; Carulla,tinto,Vino tinto MARQUES DE CASA CONCHA cabernet sauvignon Cabenet S (750  ml),MARQUES DE CASA CONCHA,181100,181100,https://www.exito.com/vino-tinto-cabernet-sauvignon-x-750ml-70693/p
2,Éxito; Carulla,tinto,Vino tinto MARQUES DE RISCAL crianza Tempranil (750  ml),MARQUES DE RISCAL,76650,76650,https://www.exito.com/vino-tinto-garnacha-torrelongare-x-750-ml-109203/p
2,Éxito; Carulla,tinto,Vino tinto MAZZEI 1435 botella  (750  ml),MAZZEI 1435,115800,121000,https://www.exito.com/vino-tinto-x-750-ml-997001/p
2,Éxito; Carulla,tinto,Vino Tinto Merlot + Sacacorcho GATO NEGRO 750 ml,GATO NEGRO,,,https://www.exito.com/vino-tinto-merlot-sacacorcho-gato-negro-750-ml-3091404/p
2,Éxito; Carulla,tinto,Vino tinto MISTERIO cabernet sauvignon Cabenet S (750  ml),MISTERIO,,,https://www.exito.com/vino-tinto-cabernet-x-750ml-92600/p
2,Éxito; Carulla,tinto,Vino tinto MONTES ALPHA merlot Merlot (750  ml),MONTES ALPHA,253000,253000,https://www.exito.com/v-tinto-merlot-408361/p
2,Éxito; Carulla,tinto,Vino tinto MONTES cabernet sauvig Cabenet S (750  ml),MONTES,107500,112200,https://www.exito.com/vino-tinto-cabernet-sauvignon-etiqueta-especial-x-750ml-150789/p
2,Éxito; Carulla,tinto,Vino tinto MONTES carmenere Carmenere (750  ml),MONTES,165800,173200,https://www.exito.com/vino-tinto-selec-carmen-694294/p
2,Éxito; Carulla,tinto,Vino tinto MONTES pinot noir Pinot Noi (750  ml),MONTES,166000,173200,https://www.exito.com/vino-tto-pinot-noir-seleccion-408364/p
2,Éxito; Carulla,tinto,Vino tinto MONTGRAS reserva pinot noir Otra Cepa (750  ml),MONTGRAS,86200,87100,https://www.exito.com/vino-montgras-otra-cepa-750-ml-3227003/p
2,Éxito; Carulla,tinto,Vino Tinto MORANDE  Cabernet Franc (750  ml),MORANDE,,,https://www.exito.com/vino-tinto-cabernet-franc-padr-morande-750-ml-3082164/p
2,Éxito; Carulla,tinto,Vino tinto MORANDE cabernet Cabenet S (750  ml),MORANDE,47700,62850,https://www.exito.com/vino-tinto-cabernet-sauvignon-reserva-x-750-ml-21169/p
2,Jumbo; Olímpica,tinto,Vino Tinto Morande Clasico Carmenere 750ml,MORANDE,35093,53250,https://www.jumbocolombia.com/vino-tinto-morande-clasico-carmenere-750ml-121343/p
2,Éxito; Carulla,tinto,Vino tinto MORANDE gran reserva Pinot Noi (750  ml),MORANDE,66675,66675,https://www.exito.com/vino-tinto-pinot-noir-reserva-x-750-ml-470234/p
2,Éxito; Carulla,tinto,Vino tinto MOTTO backbone cabernet  (750  ml),MOTTO,39450,57000,https://www.exito.com/vino-tinto-cabernet-sauvignon-230368/p
2,Éxito; Carulla,tinto,Vino tinto MOTTO unabashed zinfandel  (750  ml),MOTTO,60200,60200,https://www.exito.com/vino-blanco-zinfandel-230370/p
2,Éxito; Carulla,tinto,Vino tinto MOUTON CADET bordeaux edit vintage Merlot (750  ml),MOUTON CADET,,,https://www.exito.com/vino-tinto-bordeaux-moutor-gadel-x-750-ml-576729/p
2,Éxito; Carulla,tinto,Vino tinto MOUTON CADET saint emilion reserve Merlot (750  ml),MOUTON CADET,166275,173850,https://www.exito.com/vino-tinto-saint-emilion-reserve-x-750-ml-576725/p
2,Éxito; Carulla,tinto,VINO TINTO MUCHO MAS DE FELIX SOLIS Blended (750  ml),MUCHO MAS DE FELIX SOLIS,,,https://www.exito.com/vino-tinto-mucho-mas-de-felix-solis-blended-750-ml-3180920/p
2,Éxito; Carulla,tinto,Vino tinto NAVARRO CORREAS cabernet sauvignon Cabenet S (750  ml),NAVARRO CORREAS,78400,78400,https://www.exito.com/vino-tinto-navarro-correas-cabernet-sauvignon-750-ml-373802/p
2,Éxito; Carulla,tinto,Vino tinto NAVARRO CORREAS malbec Malbec (750  ml),NAVARRO CORREAS,109000,113400,https://www.exito.com/vino-tinto-navarro-correas-alegoria-malbec-750-ml-334971/p
2,Éxito; Carulla,tinto,Vino tinto NIMBUS pinot noir  (750  ml),NIMBUS,27000,27000,https://www.exito.com/vino-tinto-pinot-noir-nimbus-750-mililitro-3007708/p
2,Olímpica; Vinos El Kiosco,tinto,Vino Tinto Norton Barrel Select Merlot 750 Ml,Norton,59280,66000,https://www.olimpica.com/vino-norton-barrel-seleccion-merlot-750-ml-7792319065285-1182373/p
2,Éxito; Carulla,tinto,Vino tinto NORTON cabernet suavignon Cabenet S (750  ml),NORTON,49275,49275,https://www.exito.com/vino-tinto-cabernet-suavignon-x-750ml-236027/p
2,Éxito; Carulla,tinto,Vino tinto OLAS DEL SUR merlot Merlot (750  ml),OLAS DEL SUR,27050,27050,https://www.exito.com/vino-olas-del-sur-merlot-750-ml-3193929/p
2,Éxito; Carulla,tinto,Vino tinto ORIGEN botella Malbec (750  ml),ORIGEN,22900,23350,https://www.exito.com/vino-tinto-origen-malbec-origen-malbec-750-ml-3216909/p
2,Éxito; Carulla,tinto,Vino tinto PAISAJE cabernet franc  (750  ml),PAISAJE,171000,172800,https://www.exito.com/vtto-cabernet-franc-catena-674225/p
2,Éxito; Carulla,tinto,Vino tinto PARTAGER afrutados Garnacha (750  ml),PARTAGER,42825,42825,https://www.exito.com/vino-tinto-partager-x-750-ml-586681/p
2,Éxito; Carulla,tinto,Vino tinto PASQUA capitolo 29 Sangioves (750  ml),PASQUA,46560,46560,https://www.exito.com/vino-tinto-italino-pasqua-sangioves-x-750ml-69308/p
2,Éxito; Carulla,tinto,Vino tinto PASQUA italiano Otra Cepa (750  ml),PASQUA,,,https://www.exito.com/vino-tinto-italiano-bar-pasqua-750-mililitro-609589/p
2,Éxito; Carulla,tinto,Vino tinto PASQUA italiano Tempranil (750  ml),PASQUA,91680,91680,https://www.exito.com/vino-tinto-valpolicella-609590/p
2,Éxito; Carulla,tinto,Vino tinto PASQUA primitivo Otra Cepa (750  ml),PASQUA,,,https://www.exito.com/vinto-tinto-italian-primitivo-x-750-ml-609587/p
2,Éxito; Carulla,tinto,Vino tinto PATERNINA crianza banda azul  (750  ml),PATERNINA,80900,81800,https://www.exito.com/v-tinto-crianza-banda-azul-paternina-750-ml-375741/p
2,Éxito; Carulla,tinto,Vino tinto PAYS DOC rothschild merlot Merlot (750  ml),PAYS D'OC,62400,69525,https://www.exito.com/rothschild-merlot-221478/p
2,Éxito; Carulla,tinto,Vino tinto PICARDO crianza  (750  ml),PICARDO,,,https://www.exito.com/vtinto-crianza-568809/p
2,Éxito; Carulla,tinto,Vino tinto PICCINI chianti reserva  (750  ml),PICCINI,,,https://www.exito.com/vino-tinto-chianti-reserva-x-750ml-109938/p
2,Éxito; Carulla,tinto,Vino tinto PICCINI ross toscana  (750  ml),PICCINI,,,https://www.exito.com/vino-tinto-rosso-toscana-109934/p
2,Éxito; Carulla,tinto,Vino tinto POCAS JUNIOR botella  (750  ml),POCAS JUNIOR,70200,70200,https://www.exito.com/vino-tinto-pocas-junior-750-ml-3031345/p
2,Éxito; Carulla,tinto,Vino tinto PORTIA roble  (750  ml),PORTIA,103530,119070,https://www.exito.com/vino-tinto-roble-portia-750-ml-3036072/p
2,Éxito; Carulla,tinto,Vino tinto POSTALES DFM argentino Cabernet Sauvignon (750  ml),POSTALES DFM,41230,41230,https://www.exito.com/vino-argentino-posteles-postales-dfm-cabernet-sauvignon-750-ml-3208197/p
2,Éxito; Carulla,tinto,Vino tinto POSTALES DFM argentino posteles Malbec (750  ml),POSTALES DFM,41230,41230,https://www.exito.com/vino-tinto-malbec-postales-dfm-750-ml-470123/p
2,Éxito; Carulla,tinto,Vino tinto PROTOCOLO rojo tempranillo Tempranillo (750  ml),PROTOCOLO,80500,81400,https://www.exito.com/vino-tinto-protocolo-ecologico-codice-750-ml-3017325/p
2,Éxito; Carulla,tinto,Vino tinto PROTOS reserva Tempranil (750  ml),PROTOS,238875,238875,https://www.exito.com/vino-tinto-reserva-bt-609592/p
2,Jumbo; Vinos El Kiosco,tinto,Vino Tinto Protos Roble Ribera Duero 750ml,PROTOS,110200,133990,https://www.jumbocolombia.com/vino-tinto-protos-roble-ribera-duero-750ml-8362/p
2,Éxito; Carulla,tinto,Vino tinto PUEBLO DEL SOL MARCA EXCLUSIVA cabernet sauvign Cabenet S (750  ml),PUEBLO DEL SOL MARCA EXCLUSIVA,15075,15075,https://www.exito.com/vino-tinto-cabernet-sauvignon-x-750ml-335329/p
2,Éxito; Carulla,tinto,Vino tinto PUEBLO DEL SOL MARCA EXCLUSIVA cabernet sauvignon roble Cabenet S (750  ml),PUEBLO DEL SOL MARCA EXCLUSIVA,24900,24900,https://www.exito.com/vino-tinto-cabernet-sauvignon-roble-x-750ml-833912/p
2,Éxito; Carulla,tinto,Vino tinto PUEBLO DEL SOL MARCA EXCLUSIVA pinot noir Pinot Noi (750  ml),PUEBLO DEL SOL MARCA EXCLUSIVA,27050,27050,https://www.exito.com/vino-tinto-pinot-noir-148405/p
2,Éxito; Carulla,tinto,Vino tinto PUEBLO DEL SOL MARCA EXCLUSIVA tannat gran reserva Tannat (750  ml),PUEBLO DEL SOL MARCA EXCLUSIVA,55700,66800,https://www.exito.com/vino-tinto-tannat-gran-reserva-x-750ml-148417/p
2,Éxito; Carulla,tinto,Vino tinto PUEBLO DEL SOL MARCA EXCLUSIVA tannat roble Tannat (750  ml),PUEBLO DEL SOL MARCA EXCLUSIVA,17775,18500,https://www.exito.com/vino-tinto-tannat-roble-botella-x-750ml-833565/p
2,Éxito; Carulla,tinto,Vino Tinto Red Blend LEYENDA  Blended (750  ml),LEYENDA,60000,60000,https://www.exito.com/vino-tinto-red-blend-leyenda-750-ml-3081687/p
2,Éxito; Carulla,tinto,Vino tinto REDWOOD CREEK MARCA EXCLUSIVA   (750  ml),REDWOOD CREEK MARCA EXCLUSIVA,,,https://www.exito.com/vino-california-pinot-noir-x-750-ml-422089/p
2,Éxito; Carulla,tinto,Vino tinto RINFORZO salento igp primitivo 19  (750  ml),RINFORZO,159500,159500,https://www.exito.com/vino-salento-igp-primitiv-075-rinforzo-750-ml-3088813/p
2,Éxito; Carulla,tinto,VINO TINTO RIOJA CRIANZA LEALTANZA MARCA EXCLUSIVA 375 ml,LEALTANZA MARCA EXCLUSIVA,,,https://www.exito.com/vino-tinto-rioja-crianza-752921/p
2,Éxito; Carulla,tinto,Vino tinto ROBERT MONDAVI cabernet sauvignon Cabenet S (750  ml),ROBERT MONDAVI,95900,95900,https://www.exito.com/vintto-cabernet-sauvignon-448611/p
2,Éxito; Carulla,tinto,Vino tinto ROBERT MONDAVI merlot  (750  ml),ROBERT MONDAVI,100800,100800,https://www.exito.com/vino-tinto-merlot-woodbrge-619630/p
2,Éxito; Carulla,tinto,VINO TINTO ROBLE PRADO REY PENASOL 750 ml,PENASOL,,,https://www.exito.com/vino-tinto-roble-prado-rey-265727/p
2,Éxito; Carulla,tinto,Vino tinto RUFFINO chianti Chenin (750  ml),RUFFINO,69370,69370,https://www.exito.com/v-tinto-chianti-lisa-476065/p
2,Éxito; Carulla,tinto,Vino tinto SALENTEIN numina gran corte botella Malbec (750  ml),SALENTEIN,,,https://www.exito.com/vino-tinto-salentein-numina-x-750ml-263478/p
2,Jumbo; Olímpica,tinto,Vino Tinto Sangre de Toro Reserva 750 ml,SANGRE DE TORO,93900,120090,https://www.jumbocolombia.com/vino-tinto-sangre-de-toro-reserva-750-ml-176031/p
2,Éxito; Carulla,tinto,Vino tinto SANTA CAROLINA cabernet sauvignon Cabenet S (750  ml),SANTA CAROLINA,85400,89700,https://www.exito.com/vino-tinto-cabernet-sauvignon-reserva-x-750ml-932795/p
2,Éxito; Carulla,tinto,Vino tinto SANTA CAROLINA cabernet sauvignon merlot Blended (750  ml),SANTA CAROLINA,52600,53200,https://www.exito.com/vino-tinto-cabernet-sauvignon-merlot-x-750ml-936305/p
2,Éxito; Carulla,tinto,Vino tinto SANTA CAROLINA cabernet sauvignon merlot x4und Merlot (750  ml),SANTA CAROLINA,,,https://www.exito.com/v-tinto-merlot-4-pibas-275059/p
2,Éxito; Carulla,tinto,Vino tinto SANTA CAROLINA carmenére + copa coleccionable  (750  ml),SANTA CAROLINA,,,https://www.exito.com/tinto-rvdo-carmenere-copa-santa-carolina-750-ml-3072386/p
2,Éxito; Carulla,tinto,Vino tinto SANTA HELENA  + set de café coleccionable Merlot (1500  ml),SANTA HELENA,,,https://www.exito.com/vino-santa-helena-merlot-1500-ml-3211508/p
2,Éxito; Carulla,tinto,Vino tinto SANTA HELENA  + vela aromática regalo Cabernetf (750  ml),SANTA HELENA,,,https://www.exito.com/vino-tinto-cabernet-vela-santa-helena-750-ml-3169873/p
2,Éxito; Carulla,tinto,Vino tinto SANTA HELENA cabernet sauvignon Cabenet S (750  ml),SANTA HELENA,50900,51500,https://www.exito.com/vino-tinto-cabernet-santa-helena-x-750ml-70575/p
2,Éxito; Carulla,tinto,Vino tinto SANTA HELENA valle central  (750  ml),SANTA HELENA,,,https://www.exito.com/vino-tinto-valle-central-santa-helena-750-mililitro-3004579/p
2,Éxito; Carulla,tinto,Vino tinto SANTA JULIA MARCA EXCLUSIVA cabernet sauvignon Cabenet S (750  ml),SANTA JULIA MARCA EXCLUSIVA,26500,27300,https://www.exito.com/vino-tinto-cabernet-sauvignon-x-750ml-266829/p
2,Éxito; Carulla,tinto,Vino tinto SANTA JULIA MARCA EXCLUSIVA magna  (750  ml),SANTA JULIA MARCA EXCLUSIVA,58650,61600,https://www.exito.com/vino-tinto-magna-x-750ml-422397/p
2,Éxito; Carulla,tinto,Vino tinto SANTA JULIA MARCA EXCLUSIVA malbec bonarda tint  (750  ml),SANTA JULIA MARCA EXCLUSIVA,25550,26850,https://www.exito.com/vino-tinto-malbec-bonarda-tint-santa-julia-marca-exclusiva-750-mililitro-148072/p
2,Éxito; Carulla,tinto,Vino tinto SANTA JULIA MARCA EXCLUSIVA malbec del mercado  (750  ml),SANTA JULIA MARCA EXCLUSIVA,33000,34650,https://www.exito.com/malbec-del-mercado-santa-julia-marca-exclusiva-750-mililitro-148070/p
2,Éxito; Carulla,tinto,Vino tinto SANTA JULIA MARCA EXCLUSIVA malbec malamado  (750  ml),SANTA JULIA MARCA EXCLUSIVA,58700,61650,https://www.exito.com/vino-tinto-malbec-malamado-x-750ml-307347/p
2,Éxito; Carulla,tinto,Vino tinto SANTA JULIA MARCA EXCLUSIVA orgánico  (750  ml),SANTA JULIA MARCA EXCLUSIVA,28400,29850,https://www.exito.com/vino-tinto-organico-malbec-x-750ml-422399/p
2,Éxito; Carulla,tinto,Vino tinto SANTA JULIA MARCA EXCLUSIVA organico cabernet sauvig Cabenet S (750  ml),SANTA JULIA MARCA EXCLUSIVA,28200,29650,https://www.exito.com/vino-tinto-organico-cabernet-sauvignon-x-750ml-422406/p
2,Éxito; Carulla,tinto,Vino tinto SANTA JULIA MARCA EXCLUSIVA organico tempranilllo  (750  ml),SANTA JULIA MARCA EXCLUSIVA,28500,29950,https://www.exito.com/vino-tinto-organico-tempranilllo-x-750ml-422403/p
2,Éxito; Carulla,tinto,Vino tinto SANTA JULIA MARCA EXCLUSIVA reserva cabernet sauvig Cabenet S (750  ml),SANTA JULIA MARCA EXCLUSIVA,33450,35150,https://www.exito.com/vino-tinto-reserva-cabernet-sauvignon-botella-x-750-ml-422410/p
2,Éxito; Carulla,tinto,Vino tinto SANTA JULIA MARCA EXCLUSIVA tempranillo Tempranil (750  ml),SANTA JULIA MARCA EXCLUSIVA,24975,25250,https://www.exito.com/vino-tinto-tempranillo-x-750ml-266830/p
2,Éxito; Carulla,tinto,Vino tinto SANTA JULIA MARCA EXCLUSIVA tinto malbec  (750  ml),SANTA JULIA MARCA EXCLUSIVA,26400,35900,https://www.exito.com/vino-tinto-malbec-botella-x-750-ml-266828/p
2,Éxito; Carulla,tinto,Vino tinto SANTA RITA 120 cabernet sauvignon Cabenet S (748  ml),SANTA RITA 120,52010,52010,https://www.exito.com/vino-tinto-santa-rita-120-piba-x4-750-ml-189866/p
2,Éxito; Carulla,tinto,Vino tinto SANTA RITA 120 cabernet sauvignon Cabenet S (750  ml),SANTA RITA 120,25480,48090,https://www.exito.com/vino-tinto-santa-rita-120-cabernet-sauvignon-750-ml-113586/p
2,Éxito; Carulla,tinto,Vino tinto SANTA RITA 120 merlot reserva epecial Merlot (750  ml),SANTA RITA 120,47950,47950,https://www.exito.com/vino-tinto-santa-rita-120-merlot-750-ml-331441/p
2,Éxito; Carulla,tinto,Vino tinto SANTIAGO 1541 cabernet sauvignon Cabenet S (750  ml),SANTIAGO 1541,38045,38045,https://www.exito.com/vino-tinto-cabernet-sauvignon-x-750-ml-426565/p
2,Éxito; Carulla,tinto,Vino tinto SEGU OLLE caja  (1000  ml),SEGU OLLE,30850,31200,https://www.exito.com/vino-tinto-chile-tetrapack-x-1000ml-630413/p
2,Éxito; Carulla,tinto,Vino tinto SEPTIMA gran reserva Tempranil (750  ml),SEPTIMA,140775,140775,https://www.exito.com/vtto-gran-reserva-2012-bot-septima-750-mililitro-677188/p
2,Jumbo; Vinos El Kiosco,tinto,Vino Tinto Septima Obra Cabernet Sauvignon 750ml,SEPTIMA,133600,167990,https://www.jumbocolombia.com/vino-tinto-septima-obra-cabernet-sauvignon-750ml-168210/p
2,Éxito; Carulla,tinto,Vino tinto SEQUEIRA botella Otra Cepa (750  ml),SEQUEIRA,122300,123600,https://www.exito.com/vino-sequeira-tinto-otra-cepa-750-ml-3222270/p
2,Éxito; Carulla,tinto,Vino tinto SIBARIS gran reserva cabernet Cabenet S (750  ml),SIBARIS,116480,116480,https://www.exito.com/vino-tinto-cabernet-reserva-especial-x-750ml-86030/p
2,Éxito; Carulla,tinto,Vino tinto SIBARIS pinot noir reserva especial Pinot Noi (750  ml),SIBARIS,116550,121730,https://www.exito.com/vino-tinto-pinot-noir-reserva-especial-x-750ml-122511/p
2,Éxito; Carulla,tinto,Vino tinto SIBARIS sirah  (750  ml),SIBARIS,,,https://www.exito.com/vino-tinto-de-chile-syrah-x-750ml-985004/p
2,Éxito; Carulla,tinto,Vino tinto SIETE SOLES cabernet sauvignon Cabernet Sauvignon (750  ml),SIETE SOLES,14975,17225,https://www.exito.com/vino-tinto-cabernsauvignrese-170813/p
2,Éxito; Jumbo,tinto,Vino tinto SOTTANO cabernet sauvignon  (750  ml),SOTTANO,95990,99900,https://www.exito.com/vino-tinto-cabernet-s-sottano-750-ml-903725/p
2,Éxito; Carulla,tinto,Vino tinto STEAK WINE malbec  (750  ml),STEAK WINE,,,https://www.exito.com/vino-tinto-res-malbec-bourbon-steak-wine-750-ml-3033002/p
2,Éxito; Carulla,tinto,Vino Tinto Tempranillo Ecologi PROTOS 750 ml,PROTOS,,,https://www.exito.com/vino-tinto-tempranillo-ecologi-protos-750-ml-3084263/p
2,Éxito; Carulla,tinto,Vino tinto TERRUNYO cabernet sauvignon Cabenet S (750  ml),TERRUNYO,,,https://www.exito.com/vino-tinto-cabernet-x-750ml-112622/p
2,Éxito; Carulla,tinto,Vino tinto TOLTEN BY CARMEN cabernet sauvignon Cabernet Sauvignon (750  ml),TOLTEN BY CARMEN,,,https://www.exito.com/vino-tinto-cabernet-sauvignon-750-ml-3081610/p
2,Éxito; Carulla,tinto,Vino tinto TORRELONGARES garnacha Garnacha (750  ml),TORRELONGARES,54800,54800,https://www.exito.com/v-tinto-garnacha-259769/p
2,Éxito; Carulla,tinto,Vino tinto TORRES 0% alcohol vegano  (750  ml),TORRES,88400,88400,https://www.exito.com/vino-tinto-alm-esp-0-alc-torres-750-ml-3093428/p
2,Éxito; Carulla,tinto,Vino tinto TORRES 100% vegano rioja  (750  ml),TORRES,117400,117400,https://www.exito.com/vino-tinto-tempranillo-rioja-torres-750-ml-3081321/p
2,Éxito; Carulla,tinto,Vino tinto TORRES reserva  (750  ml),TORRES,117700,117700,https://www.exito.com/vino-reserva-torres-750-ml-3050936/p
2,Éxito; Carulla,tinto,Vino tinto TORRES vegano  (750  ml),TORRES,93600,93600,https://www.exito.com/vino-tinto-sangre-de-toro-x-750ml-8434/p
2,Éxito; Carulla,tinto,Vino tinto TRAPICHE cabernet sauvignon Cabenet S (750  ml),TRAPICHE,55600,64800,https://www.exito.com/vino-tinto-cabernet-sauvignon-trapiche-x-750-ml-301466/p
2,Jumbo; Olímpica,tinto,Vino Tinto Trapiche Malbec Roble 750ml,TRAPICHE,87000,89990,https://www.jumbocolombia.com/vino-tinto-trapiche-malbec-roble-750ml-8628/p
2,Olímpica; Dislicores,tinto,Vino Tinto Trapiche Merlot Varietal 750 Ml,Trapiche,55990,62300,https://www.olimpica.com/vino-trapiche-merlot-varietal-750-ml/p
2,Éxito; Carulla,tinto,Vino tinto TRES MEDALLAS pack  (1500  ml),TRES MEDALLAS,,,https://www.exito.com/estuche-vino-tinto-tres-medallas-1500-ml-3110658/p
2,Éxito; Carulla,tinto,Vino tinto TRIVENTO blended Cabenet S (750  ml),TRIVENTO,66450,66450,https://www.exito.com/vino-tinto-cabernet-malbec-reserva-x-750ml-78247/p
2,Éxito; Carulla,tinto,Vino tinto TRIVENTO cabernet sauvignon Cabenet S (750  ml),TRIVENTO,,,https://www.exito.com/vtto-cabernet-s-trib-755275/p
2,Éxito; Carulla,tinto,Vino tinto UNDURRAGA reserva cabernet Cabenet S (750  ml),UNDURRAGA,91425,95625,https://www.exito.com/reserva-cabernet-undurraga-750-ml-3081981/p
2,Éxito; Carulla,tinto,Vino tinto VAGABUNDO WINES cabernet sauvignon Cabernet Sauvignon (750  ml),VAGABUNDO WINES,105300,112400,https://www.exito.com/vino-tinto-cabernet-sauvignon-vagabundo-wines-750-ml-3172677/p
2,Éxito; Carulla,tinto,Vino tinto VALDIVIESO winemaker merlot Merlot (750  ml),VALDIVIESO,,,https://www.exito.com/vtinto-winemaker-merlot-94500/p
2,Éxito; Carulla,tinto,Vino tinto VENTISQUERO carmenere Carmenere (750  ml),VENTISQUERO,41900,50850,https://www.exito.com/vino-tinto-carmenere-clasico-364707/p
2,Éxito; Carulla,tinto,Vino tinto VIÑA MAIPO MI PUEBLO carmenere  (750  ml),VIÑA MAIPO MI PUEBLO,21475,21475,https://www.exito.com/vino-carmenere-vina-maipo-mi-pueblo-750-ml-407790/p
2,Éxito; Carulla,tinto,Vino tinto VIÑA MAYOR roble Tempranillo (750  ml),VIÑA MAYOR,58000,58900,https://www.exito.com/vino-tto-roble-ribera-del-duer-108470/p
2,Éxito; Carulla,tinto,Vino tinto VINCORTE chileno  (1  und),VINCORTE,30300,30300,https://www.exito.com/vino-tinto-cata-tetra-sin-tapa-vincorte-1-und-972962/p
2,Éxito; Carulla,tinto,"Vino tinto VINO DOÑA PAULA Mendoza, Argentina Cabernet Franc (750  ml)",VINO DOÑA PAULA,172900,172900,https://www.exito.com/vino-tinto-mals-1350-750-ml-3081601/p
2,Éxito; Carulla,tinto,Vino tinto VIU MANENT MARCA EXCLUSIVA cabernet reserva Cabenet S (750  ml),VIU MANENT MARCA EXCLUSIVA,35750,37550,https://www.exito.com/vino-cabernet-sauvignon-reserva-2009-x-750ml-971033/p
2,Éxito; Carulla,tinto,Vino tinto VIU MANENT MARCA EXCLUSIVA malbec gran reserva Malbec (750  ml),VIU MANENT MARCA EXCLUSIVA,50750,53300,https://www.exito.com/vino-tinto-malbec-gran-reserva-x-750ml-971029/p
2,Éxito; Carulla,tinto,Vino tinto VIU MANENT MARCA EXCLUSIVA malbec reserva estate collec Malbec (750  ml),VIU MANENT MARCA EXCLUSIVA,,,https://www.exito.com/vino-tinto-malbec-reserva-estate-collection-2010-x-750ml-971035/p
2,Éxito; Carulla,tinto,Vino tinto VRL VAN LOVEREN cabernet sauvignon Cabernet Sauvignon (750  ml),VRL VAN LOVEREN,75300,82600,https://www.exito.com/vino-vrl-van-loveren-cabernet-sauvignon-750-ml-3180276/p
2,Éxito; Carulla,tinto,Vino tinto VRL VAN LOVEREN sauvi merlot Blended (750  ml),VRL VAN LOVEREN,65000,74000,https://www.exito.com/vino-vrl-van-loveren-blended-750-ml-3180275/p
2,Éxito; Carulla,tinto,Vino tinto VRL VAN LOVEREN shiraz pinotage Blended (750  ml),VRL VAN LOVEREN,49300,56100,https://www.exito.com/vino-vrl-van-loveren-blended-750-ml-3180274/p
2,Éxito; Carulla,tinto,Vino Tinto VRL VAN LOVEREN Suave Equilibrado Merlot (750  ml),VRL VAN LOVEREN,75300,83100,https://www.exito.com/vino-vrl-van-loveren-merlot-750-ml-3180279/p
2,Éxito; Carulla,tinto,VINO TINTO X 12 GATO NEGRO 9000 ml,GATO NEGRO,,,https://www.exito.com/vino-tinto-x-12-u-986984/p
2,Éxito; Carulla,tinto,VINO TINTO X 12 LAS MORAS 9000 ml,LAS MORAS,,,https://www.exito.com/vino-tinto-x-12-u-987893/p
2,Éxito; Carulla,tinto,Vino tinto ZACCAGNINI montepulciano  (750  ml),ZACCAGNINI,143000,143000,https://www.exito.com/vino-tinto-zaccagnini-montepulciano-tinto-75-ml-224953/p
2,Éxito; Carulla,tinto,Vino tinto ZARDOZ cabernet sauvignon Cabenet S (750  ml),ZARDOZ,,,https://www.exito.com/vino-tinto-cabernet-ultra-p-134949/p
2,Éxito; Carulla,tinto,Vino Tinto ZONIN  Blended (750  ml),ZONIN,,,https://www.exito.com/vino-tinto-valpoli-ripasso-sup-zonin-750-ml-3082163/p
2,Éxito; Carulla,tinto,Vino tinto ZUCARDI bonarda  (750  ml),ZUCARDI,127200,127200,https://www.exito.com/vino-tto-bonarda-serie-a-289624/p
2,Olímpica; Vinos El Kiosco,tinto,Vino Tinto Zuccardi Malbec Familia Reserva 750 Ml,Zucardi,87000,105800,https://www.olimpica.com/vino-flia-zuccardi-reserva-malbec-750ml-7791728018318-924676/p
2,Éxito; Carulla,tinto,Vino TOCORNAL   (750  ml),TOCORNAL,51850,53500,https://www.exito.com/vino-cono-sur-carmenere-936061/p
2,Éxito; Carulla,tinto,Vino TORO BRAVO Tinto Cabernet Sauvig Cabernet Sauvignon (750  ml),TORO BRAVO,60700,60700,https://www.exito.com/vino-toro-bravo-tinto-cabernet-sauvig-cabernet-sauvignon-750-ml-3253943/p
2,Éxito; Carulla,tinto,Vino TORO BRAVO Tinto Tempranillo Merlot Tempranillo (750  ml),TORO BRAVO,41550,41600,https://www.exito.com/vino-toro-bravo-tinto-tempranillo-merlot-tempranillo-750-ml-3253944/p
2,Éxito; Carulla,tinto,Vino TORRELONGARES   (750  ml),TORRELONGARES,,,https://www.exito.com/v-tto-gran-rsva-259774/p
2,Olímpica; Dislicores,tinto,VINO TRAPICHE MEDALLA CABERNET 750ML,Trapiche,136990,152900,https://www.olimpica.com/vino-trapiche-medalla-cabernet-750ml/p
2,Carulla; Vinos El Kiosco,tinto,Vino TRIO  (750  ml),TRIO,55700,55700,https://www.carulla.com/vino-tinto-merlot-352411/p
2,Éxito; Carulla,tinto,Vino TRIVENTO  Blended (750  ml),TRIVENTO,,,https://www.exito.com/vino-tinto-syrah-malbec-trivento-x-750ml-369110/p
2,Éxito; Carulla,tinto,Vino UGALDE Reserva Tempranillo (750  ml),UGALDE,249800,252300,https://www.exito.com/vino-tinto-reserva-ugalde-750-ml-3134129/p
2,Éxito; Carulla,tinto,VINO UNDURRAGA  Carignan (750  ml),UNDURRAGA,,,https://www.exito.com/vigno-carignan-undurraga-750-mililitro-944520/p
2,Éxito; Carulla,tinto,Vino VALDIVIESO  Cabenet S (750  ml),VALDIVIESO,43200,81900,https://www.exito.com/vino-tinto-cabernet-sauvignon-x-750ml-94512/p
2,Éxito; Carulla,tinto,Vino VALENTIN   (750  ml),VALENTIN,,,https://www.exito.com/vtinto-malbec-bianchi-varieta-32135/p
2,Éxito; Carulla,tinto,Vino VINA PEDROSA  Sangiovese (750  ml),VINA PEDROSA,,,https://www.exito.com/castelgiocondo-vina-pedrosa-750-ml-3084562/p
2,Éxito; Carulla,tinto,Vino VINA POMAL tinto Tempranil (750  ml),VINA POMAL,,,https://www.exito.com/vino-tinto-crianza-739952/p
2,Éxito; Carulla,tinto,Vino VIÑA VILANO   (750  ml),VIÑA VILANO,,,https://www.exito.com/vino-tinto-roble-tempranillo-vina-vilano-750-ml-562411/p
2,Éxito; Carulla,tinto,Vino VINCORTE  Otra Cepa (750  ml),VINCORTE,,,https://www.exito.com/vino-compuesto-salomon-vincorte-750-ml-3135133/p
2,Éxito; Carulla,tinto,"VINO VINO DOÑA PAULA Mendoza, Argentina Malbec (750  ml)",VINO DOÑA PAULA,172900,172900,https://www.exito.com/vino-tinto-mals-1100-750-ml-3081597/p
2,Éxito; Carulla,tinto,Vino ZACCAGNINI   (750  ml),ZACCAGNINI,,,https://www.exito.com/vino-tinto-kasaura-montepulciano-750-ml-224956/p
2,Éxito; Carulla,tinto,Vino ZUCARDI Blended (750  ml),ZUCARDI,111700,111700,https://www.exito.com/vino-tinto-jose-zucardi-750-ml-3131126/p
2,Éxito; Carulla,tinto,Vinos ALTANZA  Tempranillo (750  ml),ALTANZA,,,https://www.exito.com/vino-tinto-rioja-fcbarcelona-p-lealtanza-marca-exclusiva-750-mililitro-278474/p
2,Éxito; Carulla,tinto,Vinos FUEGO AUSTRAL MARCA EXCLUSIVA  Blended (750  ml),FUEGO AUSTRAL MARCA EXCLUSIVA,,,https://www.exito.com/vtinto-chileno-cabernet-merl-fuego-austral-marca-exclusiva-750-mililitro-270099/p
2,Éxito; Carulla,tinto,Vinos MORANDE  (748  ml),MORANDE,,,https://www.exito.com/vino-sauvignon-blanc-fourpack-morande-748-ml-3091773/p
2,Éxito; Carulla,tinto,Vinto Tinto Cepa Gavilan VINA PEDROSA 750 ml,VINA PEDROSA,,,https://www.exito.com/cepa-gavilan-crianza-vina-pedrosa-750-ml-3084560/p
2,Éxito; Carulla,tinto,VT QUINTA GENERACION CASA SILVA 750 ml,CASA SILVA,,,https://www.exito.com/vt-quinta-generacion-casa-silv-718363/p
2,Éxito; Carulla,tinto,XXXXXXXX ALIWEN   (1500  ml),ALIWEN,,,https://www.exito.com/of-v-carmenere-aliwen-2-x-3-105850/p
2,Éxito; Carulla,tinto,XXXXXXXX LAZO   (9000  ml),LAZO,,,https://www.exito.com/vino-tinto-cabernet-cx12-u-3184/p
1,Dislicores,blanco,Aperitivo Frizzatino Blanco Brut,Frizzantino,27990,27990,https://www.dislicores.com/aperitivo-frizzatino-blanco-brut-ref106011/p
1,Dislicores,blanco,Jp Ice Blanco 750 ml + Copa Acrilica Blanca,JP Chenet,72990,72990,https://www.dislicores.com/jp-ice-blanco-750ml-copa-acrilica-blanca-ref-of106051/p
1,Dislicores,blanco,Sangría Vino Blanco Lolea No. 2,LOLEA,74500,74500,https://www.dislicores.com/sangria-vino-blanco-lolea-no--2-ref147006/p
1,Jumbo,blanco,Vino Alamos Blanco torrontes botella. x 750 ml,ALAMOS,,,https://www.jumbocolombia.com/vino-alamos-blanco-torrontes-bot-x750ml/p
1,Jumbo,blanco,Vino Alma Negra Blanco Blend 750 ml,ALMA NEGRA,167990,167990,https://www.jumbocolombia.com/vino-alma-negra-blanco-blend-750-ml-210372/p
1,Éxito,blanco,Vino ALTA COCINA   (750  ml),ALTA COCINA,,,https://www.exito.com/vino-alta-cocina-blanco-seco-x-750ml-181397/p
1,Jumbo,blanco,Vino Alto Los Carneros Resv Sauvignon Blanc750ml,ALTO LOS CARNEROS,75990,75990,https://www.jumbocolombia.com/vino-alto-los-carneros-resv-sauvignon-blanc750ml-103593/p
1,Jumbo,blanco,Vino Andes Peaks chardonnay x750ml,ANDES PEAKS,29990,29990,https://www.jumbocolombia.com/andes-peaks-chardonnay-x-750ml/p
1,Carulla,blanco,Vino ANTINORI   (750  ml),ANTINORI,,,https://www.carulla.com/vin-sta-crist-rosso-igt-toscan-antinori-750-mililitro-449332/p
1,Vinos El Kiosco,blanco,Vino Argentino Norton Clasico Blanco 750 mL,,49100,49100,https://www.vinoselkiosco.com/tienda/vino-argentino-norton-clasico-blanco-750-ml/
1,Jumbo,blanco,Vino argento blanco chardonnay x 750 ml,ARGENTO,66990,66990,https://www.jumbocolombia.com/vino-argento-blanco-chardonnay-x-750-ml/p
1,Olímpica,blanco,Vino Baron Philippe Rot Chardonnay 750 Ml,Grandpetitas,49200,49200,https://www.olimpica.com/vino-baron-philippe-rot-chardonnay-750ml/p
1,Olímpica,blanco,VINO BCO CONQUESTA CHARDONNAY BOT 750ML,CONQUESTA,25900,25900,https://www.olimpica.com/vino-bco-conquesta-chardonnay-bot-750ml/p
1,Vinos El Kiosco,blanco,Vino Beringer Founders&#8217;Estate Ca Chardonnay 750 mL,,118000,118000,https://www.vinoselkiosco.com/tienda/vinoberinger-foundersestate-ca-chardonnay-750-ml/
1,Vinos El Kiosco,blanco,Vino Beringer Main &#038; Vine Chardonnay 750 mL,,66000,66000,https://www.vinoselkiosco.com/tienda/vino-beringer-main-vine-chardonnay-750-ml/
1,Jumbo,blanco,Vino Beronia Blanco Verdejo Rueda Bot.750ml,BERONIA CRIANZA,106990,106990,https://www.jumbocolombia.com/vino-beronia-blanco-verdejo-rueda-bot-750ml-90804/p
1,Jumbo,blanco,Vino Bila Haut Blanco Cotes de Roussillon 750 ml,BILA HAUT,126490,126490,https://www.jumbocolombia.com/vino-bila-haut-blanco-cotes-de-roussillon-750-ml-210378/p
1,Vinos El Kiosco,blanco,Vino Blanco &#8220;Vigna del prefetto&#8221; Vermentino Colli di Luni  Superiore DOC,,140300,140300,https://www.vinoselkiosco.com/tienda/vigna-del-prefetto-vermentino-colli-di-luni-superiore-doc/
1,Jumbo,blanco,Vino Blanco Adega de Borba Doc Alent. Arinto750ml,ADEGA DE BORBA,81990,81990,https://www.jumbocolombia.com/vino-blanco-adega-de-borba-doc-alent--arinto750ml-402642/p
1,Vinos El Kiosco,blanco,Vino Blanco Adega Pazo Baión Albariño,,190200,190200,https://www.vinoselkiosco.com/tienda/vino-blanco-adega-pazo-baion-albarino/
1,Vinos El Kiosco,blanco,Vino Blanco Adobe Chardonnay 750,,68400,68400,https://www.vinoselkiosco.com/tienda/vino-adobe-chardonnay-750/
1,Jumbo,blanco,Vino Blanco Adobe Organico Chardonnay 750 ml,ADO,80390,80390,https://www.jumbocolombia.com/vino-blanco-adobe-organico-chardonnay-750-ml-41466/p
1,Vinos El Kiosco,blanco,Vino Blanco Adrianna Vineyard White Bones,,688700,688700,https://www.vinoselkiosco.com/tienda/white-bones/
1,Vinos El Kiosco,blanco,Vino Blanco Adrianna Vineyard White Stones,,548000,548000,https://www.vinoselkiosco.com/tienda/white-stones/
1,Vinos El Kiosco,blanco,Vino Blanco Alamos Torrontes,,89100,89100,https://www.vinoselkiosco.com/tienda/vino-blanco-alamos-torrontes/
1,Vinos El Kiosco,blanco,Vino Blanco Alamos Viognier,,89500,89500,https://www.vinoselkiosco.com/tienda/alamos-viognier/
1,Jumbo,blanco,Vino Blanco Albai Rioja Viura 750ml,ALBAI,51990,51990,https://www.jumbocolombia.com/vino-blanco-albai-rioja-viura-750ml-227979/p
1,Vinos El Kiosco,blanco,Vino Blanco Aleavini Baixa Sirena Albariño,,87000,87000,https://www.vinoselkiosco.com/tienda/aleavini-baixa-sirena-blanco/
1,Jumbo,blanco,Vino Blanco Aliwen Sauvignon Blanc Rva. 750ml,ALIWEN,78643,78643,https://www.jumbocolombia.com/vino-blanco-aliwen-sauvignon-blanc-rva--750ml-8585/p
1,Vinos El Kiosco,blanco,Vino Blanco Alma Negra Orange,,251700,251700,https://www.vinoselkiosco.com/tienda/alma-negra-orange/
1,Vinos El Kiosco,blanco,Vino Blanco Alta Vista Premium Torrontes,,102600,102600,https://www.vinoselkiosco.com/tienda/alta-vista-premium-torrontes/
1,Vinos El Kiosco,blanco,Vino Blanco Altas Cumbers Torrontes,,103700,103700,https://www.vinoselkiosco.com/tienda/altas-cumbers-torrontes/
1,Vinos El Kiosco,blanco,Vino Blanco Amalaya Torrontes,,89700,89700,https://www.vinoselkiosco.com/tienda/amalaya-torrontes/
1,Vinos El Kiosco,blanco,Vino Blanco Amelia Chardonnay 750,,329900,329900,https://www.vinoselkiosco.com/tienda/vino-amelia-chardonnay-750/
1,Vinos El Kiosco,blanco,Vino Blanco Ampelos Vermentino Colli di Luni DOC,,71400,71400,https://www.vinoselkiosco.com/tienda/ampelos-vermentino-colli-di-luni-doc/
1,Vinos El Kiosco,blanco,Vino Blanco Antichello Pinot Grigio Doc Delle Venezie,,94800,94800,https://www.vinoselkiosco.com/tienda/antichello-pinot-grigio-doc-delle-venezie/
1,Vinos El Kiosco,blanco,Vino Blanco Antichello Soave Doc,,93500,93500,https://www.vinoselkiosco.com/tienda/antichello-soave-doc/
1,Jumbo,blanco,Vino Blanco Autoritas Sauvi.Blanc 4Und 187ml C-U,AUTORITAS,39990,39990,https://www.jumbocolombia.com/vino-blanco-autoritas-sauvi-blanc-4und-187ml-c-u-89336/p
1,Olímpica,blanco,Vino Blanco Bacarles de Misa 750 Ml,Bacarles,33500,33500,https://www.olimpica.com/vino-misa-bacarles-750-ml-7703588000815-51830/p
1,Jumbo,blanco,Vino blanco Balduzzi reserva chardonnay x750ml,BALDUZZI,59990,59990,https://www.jumbocolombia.com/vino-blanco-balduzzi-reserva-chardonnay-x-750-ml/p
1,Jumbo,blanco,Vino Blanco Barton & guestier Macon Villages 750ml,BARTON & GUESTIER,,,https://www.jumbocolombia.com/vino-blanco-barton---guestier-macon-villages-750ml-365085/p
1,Jumbo,blanco,Vino Blanco Barton & Guestier Macon Villages750ml,BARTON & GUESTIER,167990,167990,https://www.jumbocolombia.com/vino-blanco-barton---guestier-macon-villages750ml-366563/p
1,Jumbo,blanco,Vino Blanco Barton & Guestier Sauvig. Blanc 750ml,BARTON & GUESTIER,80990,80990,https://www.jumbocolombia.com/vino-blanco-barton---guestier-sauvig--blanc-750ml-8403/p
1,Dislicores,blanco,Vino Blanco Bco Venetian Piccini Prosecco,Piccini,109990,109990,https://www.dislicores.com/vino-blanco-bco-venetian-piccini-prosecco-ref153116/p
1,Vinos El Kiosco,blanco,Vino Blanco Bila Haut &#8211; Cotes Du Roussillon Bila Haut,,105200,105200,https://www.vinoselkiosco.com/tienda/bila-haut-cotes-du-roussillon-bila-haut-blanco/
1,Olímpica,blanco,Vino Blanco Bila Haut 750 Ml,Bila Haut,114800,114800,https://www.olimpica.com/vino-blanco-bila-haut-750ml-3391180003101-2106169/p
1,Jumbo,blanco,Vino Blanco Blue Rhin Gewurztraminer Semise.750ml,BLUE RHIN,45990,45990,https://www.jumbocolombia.com/vino-blanco-blue-rhin-gewurztraminer-semise-750ml-403923/p
1,Jumbo,blanco,Vino Blanco Blue Rhin Liebfraumilch Semiseco750ml,BLUE RHIN,35990,35990,https://www.jumbocolombia.com/vino-blanco-blue-rhin-liebfraumilch-semiseco750ml-14128/p
1,Jumbo,blanco,Vino Blanco Blue Rhin Riesling Rheinhessen 750ml,BLUE RHIN,45990,45990,https://www.jumbocolombia.com/vino-blanco-blue-rhin-riesling-rheinhessen-750ml-403943/p
1,Jumbo,blanco,Vino Blanco Blumeverdejo Seleccion 750ml,BLUME,89990,89990,https://www.jumbocolombia.com/vino-blanco-blumeverdejo-seleccion-750ml-402734/p
1,Olímpica,blanco,Vino Blanco Bodega Privada 750 Ml,Bodega Privada,23150,23150,https://www.olimpica.com/vino-blanco-bodega-privada-bot-750ml-7790036008165-2126963/p
1,Jumbo,blanco,Vino Blanco Borgo San Leo Pinot Grigio 750ml,BORGO SAN LEO,31990,31990,https://www.jumbocolombia.com/vino-blanco-borgo-san-leo-pinot-grigio-750ml-127645/p
1,Vinos El Kiosco,blanco,Vino Blanco Bourgogne Blanc Louis Jadot&#8211;Couvent des Jacobins,,154400,154400,https://www.vinoselkiosco.com/tienda/bourgogne-blanc-louis-jadot-couvent-des-jacobins/
1,Vinos El Kiosco,blanco,Vino Blanco Branu Vermentino di Gallura DOCG,,131200,131200,https://www.vinoselkiosco.com/tienda/branu-vermentino-di-gallura-docg/
1,Vinos El Kiosco,blanco,Vino Blanco Buena Vista Chardonnay,,165000,165000,https://www.vinoselkiosco.com/tienda/buena-vista-chardonnay/
1,Vinos El Kiosco,blanco,Vino Blanco Caballero De Olmedo Verdejo D.O. Rueda,,100000,100000,https://www.vinoselkiosco.com/tienda/caballero-de-olmedo-verdejo-d-o-rueda/
1,Jumbo,blanco,Vino Blanco Care Garnacha-Chardonnay Lias 750ml,CARE,75990,75990,https://www.jumbocolombia.com/vino-blanco-care-garnacha-chardonnay-lias-750ml-357370/p
1,Jumbo,blanco,Vino blanco Carlo Rossi botella x750ml,CARLO ROSSI,,,https://www.jumbocolombia.com/vino-carlo-rossi-white-bot-x-750-cm3/p
1,Vinos El Kiosco,blanco,Vino Blanco Carpineto Dogajolo Bianco,,80300,80300,https://www.vinoselkiosco.com/tienda/carpineto-dogajolo-blanco/
1,Vinos El Kiosco,blanco,Vino Blanco Carrasviñas Verdejo D.O Rueda,,100000,100000,https://www.vinoselkiosco.com/tienda/carrasvinas-verdejo-d-o-rueda/
1,Olímpica,blanco,"Vino Blanco Casa Grajales de Misa 1,5 Lt",Grajales,53250,53250,https://www.olimpica.com/vino-grajales-blanco-misa-1-5-l-7702121000404-1568104/p
1,Olímpica,blanco,Vino Blanco Casa Grajales de Misa 750 Ml,Grajales,40750,40750,https://www.olimpica.com/vino-grajales-blanco-misa-750-ml-7702121213125-1568100/p
1,Olímpica,blanco,Vino Blanco Casa Grajales de Misa Juan Pablo II 750 Ml,Grajales,38850,38850,https://www.olimpica.com/vino-juan-pablo-ii-grajales-750ml/p
1,Olímpica,blanco,Vino Blanco Casa Grajales de Misa San Pedro 1 Lt,Grajales,26300,26300,https://www.olimpica.com/vino-grajales-misa-san-pedro-1-l-7702121000299-1578149/p
1,Olímpica,blanco,Vino Blanco Casa Grajales de Misa San Pedro 750 Ml,Grajales,31800,31800,https://www.olimpica.com/vino-grajales-misa-san-pedro-750-ml-7702121000312-1331984/p
1,Olímpica,blanco,Vino Blanco Casa Grajales Dulce para Consagrar 750 Ml,Grajales,46600,46600,https://www.olimpica.com/vino-grajales-consagrar-blanco-dulce-750-ml-7702121300009-1251405/p
1,Olímpica,blanco,Vino Blanco Casa Grajales Valtier Seco 750 Ml,Grajales,39750,39750,https://www.olimpica.com/vino-grajales-blanco-sec-750-ml-7702121211114-1568108/p
1,Vinos El Kiosco,blanco,Vino Blanco Casa Silva  Gran Terroir Angostura Chardonnay750,,114100,114100,https://www.vinoselkiosco.com/tienda/vino-blanco-casa-silva-gran-terroir-angostura-chardonnay750/
1,Vinos El Kiosco,blanco,Vino Blanco Casa Silva  Gran Terroir Lolol Viognier 750,,114100,114100,https://www.vinoselkiosco.com/tienda/vino-blanco-casa-silva-gran-terroir-lolol-viognier-750/
1,Vinos El Kiosco,blanco,Vino Blanco Casa Silva Quinta Generación 750,,177800,177800,https://www.vinoselkiosco.com/tienda/vino-blanco-casa-silva-quinta-generacion-750/
1,Vinos El Kiosco,blanco,Vino Blanco Casa Silva Reserva Cuvee Colchagua Sauvignon Blanc 750,,85500,85500,https://www.vinoselkiosco.com/tienda/vino-blanco-casa-silva-reserva-cuvee-colchagua-sauvignon-blanc-750/
1,Vinos El Kiosco,blanco,Vino Blanco Casillero Summer 750,,71800,71800,https://www.vinoselkiosco.com/tienda/casillero-summer-blanco-750/
1,Vinos El Kiosco,blanco,Vino Blanco Casillero Viognier 750,,73900,73900,https://www.vinoselkiosco.com/tienda/vino-casillero-viognier-750/
1,Vinos El Kiosco,blanco,Vino Blanco Castel Grande Reserve Pays D’Oc Chardonnay 750,,71500,71500,https://www.vinoselkiosco.com/tienda/vino-castel-grande-reserve-pays-doc-chardonnay-750/
1,Vinos El Kiosco,blanco,Vino Blanco Castel Igp Gascogne Sauvignon Blanc 750,,63100,63100,https://www.vinoselkiosco.com/tienda/vino-castel-igp-gascogne-sauvignon-blanc-750/
1,Dislicores,blanco,Vino Blanco Castillo De Molina Reserva Chardonnay Media Botella,Castillo de Molina,49500,49500,https://www.dislicores.com/vino-blanco-castillo-de-molina-reserva-chardonnay-media-botella-ref100069/p
1,Olímpica,blanco,Vino Blanco Cata Vieja 1 Lt,Cata Vieja,25400,25400,https://www.olimpica.com/vino-cata-vieja-blanco-tetrapack-1000ml-7703518503867-2146337/p
1,Vinos El Kiosco,blanco,Vino Blanco Catena Appellation &#8220;Tupungato&#8221; Chardonnay,,131100,131100,https://www.vinoselkiosco.com/tienda/catena-appellation-tupungato-chardonnay/
1,Jumbo,blanco,Vino Blanco Catena Appellation Chardonnay 750ml,CATENA,161990,161990,https://www.jumbocolombia.com/vino-blanco-catena-appellation-chardonnay-750ml-148989/p
1,Olímpica,blanco,Vino Blanco Catena Appellation Tupungato Chardonnay 750 Ml,Catena,147800,147800,https://www.olimpica.com/vino-catena-appellation-tupungato-chardonnay-750ml-7794450002877-2160184/p
1,Vinos El Kiosco,blanco,Vino Blanco Cecchi Orvieto Classico DOC,,84200,84200,https://www.vinoselkiosco.com/tienda/cecchi-orvieto-classico-doc/
1,Vinos El Kiosco,blanco,Vino Blanco Chablis AOC Louis Jadot,,196000,196000,https://www.vinoselkiosco.com/tienda/chablis-aoc-louis-jadot/
1,Vinos El Kiosco,blanco,Vino Blanco Chardonnay Chenin 750,,99900,99900,https://www.vinoselkiosco.com/tienda/vino-blanco-chardonnay-chenin-750/
1,Jumbo,blanco,Vino blanco chardonnay Santiago 1541 botella x750ml,SANTIAGO 1541,64990,64990,https://www.jumbocolombia.com/vino-santiago-1541-blanco-chardonnay-bot-x750ml/p
1,Vinos El Kiosco,blanco,Vino Blanco Chateau Montelena Chardonnay,,536600,536600,https://www.vinoselkiosco.com/tienda/chateau-montelena-chardonnay/
1,Vinos El Kiosco,blanco,Vino Blanco Chateau Ste. Michelle Columbia Valley Riesling,,104400,104400,https://www.vinoselkiosco.com/tienda/vino-blanco-chateau-ste-michelle-columbia-valley-riesling/
1,Olímpica,blanco,Vino Blanco Cinzano 1000 Ml,Cinzano,69900,69900,https://www.olimpica.com/vino-cinzano-blanco-1000ml/p
1,Vinos El Kiosco,blanco,Vino Blanco Cloudy Bay Sauvignon Blanc 750,,263700,263700,https://www.vinoselkiosco.com/tienda/vino-cloudy-bay-sauvignon-blanc-750/
1,Vinos El Kiosco,blanco,Vino Blanco Colome Estate Torrontes,,108500,108500,https://www.vinoselkiosco.com/tienda/colome-estate-torrontes/
1,Jumbo,blanco,Vino blanco Condado de Leganza verdejo x750ml,CONDADO DE LEGANZA,94990,94990,https://www.jumbocolombia.com/vino-blanco-condado-de-leganza-verdejo-x-750-ml/p
1,Olímpica,blanco,Vino Blanco Cono Sur Tocornal Sauvignon 750 Ml,Cono Sur,42550,42550,https://www.olimpica.com/vino-cono-sur-tocornal-sauvignon-blanco-750ml-7804320313276-1331264/p
1,Jumbo,blanco,Vino Blanco Convento Da Vila Blend Alenteja.750ml,CONVENTO DA VILA,53990,53990,https://www.jumbocolombia.com/vino-blanco-convento-da-vila-blend-alenteja-750ml-377302/p
1,Vinos El Kiosco,blanco,Vino Blanco Corte Giara Pinot Grigio I.G.T. Delle Venezie,,94800,94800,https://www.vinoselkiosco.com/tienda/corte-giara-pinot-grigio-i-g-t-delle-venezie/
1,Vinos El Kiosco,blanco,Vino Blanco Cortese Piemonte DOC,,88300,88300,https://www.vinoselkiosco.com/tienda/cortese-piemonte-doc/
1,Vinos El Kiosco,blanco,Vino Blanco Costanilla Marqués de Cáceres,,73800,73800,https://www.vinoselkiosco.com/tienda/costanilla-blanco-mc/
1,Olímpica,blanco,Vino Blanco Cousiño Macul Antigua Reserva Chardonnay 750 Ml,Cousino Macul,115800,115800,https://www.olimpica.com/vino-cousi-macul-ant-res-chardon-750/p
1,Jumbo,blanco,Vino Blanco Cousino Macul Donluis Sauv.Blanc750ml,COUSINO MACUL,78990,78990,https://www.jumbocolombia.com/vino-blanco-cousino-macul-donluis-sauv-blanc750ml-8640/p
1,Olímpica,blanco,Vino Blanco Cuatro Cumbres 1 Lt,Cuatro Cumbres,32500,32500,https://www.olimpica.com/vino-cuatro-cumbres-bco-1-l/p
1,Éxito,blanco,Vino blanco CUATRO RAYAS MARCA EXCLUSIVA vendimias Verdejo (750  ml),CUATRO RAYAS MARCA EXCLUSIVA,,,https://www.exito.com/vino-blanco-cuatro-rayas-marca-exclusiva-vino-blanco-verdejo-750-ml-3238925/p
1,Jumbo,blanco,Vino blanco Danzante pinot grigio botella x 750 ml,DANZANTE,161990,161990,https://www.jumbocolombia.com/vino-blanco-danzante-pinot-grigio-botella-x-750-ml/p
1,Vinos El Kiosco,blanco,Vino Blanco Danzante Pinot Grigio Della Venezie DOC,,132300,132300,https://www.vinoselkiosco.com/tienda/danzante-pinot-grigio-della-venezie-doc/
1,Vinos El Kiosco,blanco,Vino Blanco Diego Murillo Torrontés,,67300,67300,https://www.vinoselkiosco.com/tienda/diego-murillo-torrontes/
1,Vinos El Kiosco,blanco,Vino Blanco Do Albariño Lusco 750 mL,,146600,146600,https://www.vinoselkiosco.com/tienda/vino-blanco-do-albarino-lusco-750-ml/
1,Dislicores,blanco,Vino Blanco Don Simón Selección Airén,Don Simón,24990,24990,https://www.dislicores.com/vino-blanco-don-simon-seleccion-airen-ref115020/p
1,Dislicores,blanco,Vino Blanco Don Simón Selección Chardonnay Tetra Pack,Don Simón,26500,26500,https://www.dislicores.com/vino-blanco-don-simon-seleccion-chardonnay-tetra-pack-ref115154/p
1,Vinos El Kiosco,blanco,Vino Blanco Doña Domingasauvignon Blanc 750,,53000,53000,https://www.vinoselkiosco.com/tienda/vino-blanco-dona-domingasauvignon-blanc-750/
1,Jumbo,blanco,Vino Blanco Dona Paula Sauv.Blanc Los Cardos750ml,DONA PAULA,63990,63990,https://www.jumbocolombia.com/vino-blanco-dona-paula-sauv-blanc-los-cardos750ml-39424/p
1,Olímpica,blanco,Vino Blanco Dr Meister Liebfraumilch 750 Ml,Codorniu,30290,30290,https://www.olimpica.com/vino-liebfrm-aleman-dr-mister-750-ml-4003301007736-906771/p
1,Jumbo,blanco,Vino Blanco Dr. Meister Leibfraumilch 750ml,DR. MEISTER,47990,47990,https://www.jumbocolombia.com/vino-blanco-dr--meister-leibfraumilch-750ml-8417/p
1,Dislicores,blanco,Vino Blanco Dry Sack Fino Palomino,Dry Sack,117990,117990,https://www.dislicores.com/vino-blanco-dry-sack-fino-palomino-ref133041/p
1,Dislicores,blanco,Vino Blanco Dry Sack Medium,Dry Sack,117990,117990,https://www.dislicores.com/vino-blanco-dry-sack-medium-ref133050/p
1,Olímpica,blanco,Vino Blanco El Compás Sauvignon Blanco 750 Ml,Navarro Y Correa,68900,68900,https://www.olimpica.com/vino-bco-el-compas-sauvignon-bco-750ml/p
1,Dislicores,blanco,Vino blanco Emilio Moro El Zarzal Godello,Emilio Moro,135990,135990,https://www.dislicores.com/vino-blanco-emilio-moro-el-zarzal-godello-ref107004/p
1,Dislicores,blanco,Vino Blanco Enate Chardonnay Fermentado,Enate,195500,195500,https://www.dislicores.com/vino-blanco-enate-chardonnay-fermentado-ref259051/p
1,Dislicores,blanco,Vino Blanco Enate Gewurztraminer,Enate,129990,129990,https://www.dislicores.com/vino-blanco-enate-gewurztraminer-ref259052/p
1,Vinos El Kiosco,blanco,Vino Blanco Errazuriz Max Reserva  Sauvignon Blanc,,144000,144000,https://www.vinoselkiosco.com/tienda/errazuriz-max-reserva-sauvignon-blanc/
1,Vinos El Kiosco,blanco,Vino Blanco Errazuriz Specialties Chardonnay Wild Ferment,,212900,212900,https://www.vinoselkiosco.com/tienda/errazuriz-specialties-chardonnay-wild-ferment/
1,Vinos El Kiosco,blanco,Vino Blanco Familia Gascon Torrontes,,80300,80300,https://www.vinoselkiosco.com/tienda/familia-gascon-torrontes/
1,Vinos El Kiosco,blanco,Vino Blanco Faustino Vii Viura X 750,,93300,93300,https://www.vinoselkiosco.com/tienda/faustino-vii-viura-x-750/
1,Jumbo,blanco,Vino blanco Finca La Linda chardonnay unoak x750ml,FINCA,79990,79990,https://www.jumbocolombia.com/vino-blanco-finca-la-linda-chardonnay-unoak-x750ml/p
1,Olímpica,blanco,Vino Blanco Finca Las Moras Orgánico Chardonnay 750 Ml,Las Moras,81000,81000,https://www.olimpica.com/vino-las-moras-organic-chardonay-750ml/p
1,Vinos El Kiosco,blanco,Vino Blanco Framingham Classic Riesling,,168000,168000,https://www.vinoselkiosco.com/tienda/framingham-classic-riesling/
1,Vinos El Kiosco,blanco,Vino Blanco Framingham Sauvignon Blanc,,167200,167200,https://www.vinoselkiosco.com/tienda/framingham-sauvignon-blanc/
1,Vinos El Kiosco,blanco,Vino Blanco Frontera Specialties &#8211; The Authentic Blanco,,27700,27700,https://www.vinoselkiosco.com/tienda/vino-frontera-specialties-blanco/
1,Jumbo,blanco,Vino Blanco Frontera Spritzer W.Elderflower 750ml,FRONTERA,47990,47990,https://www.jumbocolombia.com/vino-blanco-frontera-spritzer-w-elderflower-750ml-375929/p
1,Jumbo,blanco,Vino Blanco Fuzion Chenin Blanc Chardonnay 750ml,FUZION,39390,39390,https://www.jumbocolombia.com/vino-blanco-fuzion-chenin-blanc-chardonnay-750ml-299273/p
1,Jumbo,blanco,Vino Blanco Fuzion Torrontes 750ml,FUZION,39290,39290,https://www.jumbocolombia.com/vino-blanco-fuzion-torrontes-750ml-299272/p
1,Jumbo,blanco,Vino Blanco Gato Negro 9 Livesrve.Sauv.Blanc750ml,GATO NEGRO,84990,84990,https://www.jumbocolombia.com/vino-blanco-gato-negro-9-livesrve-sauv-blanc750ml-49662/p
1,Olímpica,blanco,Vino Blanco Gato Negro Breeze Fruto Blanco 750 Ml,Gato Negro,43200,43200,https://www.olimpica.com/-d-vino-gato-negro-breeze-fruto-bco-750m/p
1,Jumbo,blanco,Vino blanco Gato Negro sauvignon blanc x375ml,GATO NEGRO,31990,31990,https://www.jumbocolombia.com/vino-blanco-gato-negro-sauvignon-blanc-x375ml/p
1,Dislicores,blanco,Vino Blanco Gato Negro Semi Sweet Varietal,Gato Negro,48990,48990,https://www.dislicores.com/vino-blanco-gato-negro-semi-sweet-varietal-ref100067/p
1,Vinos El Kiosco,blanco,Vino Blanco Georges Duboeuf Pouilly-Fuisse,,246700,246700,https://www.vinoselkiosco.com/tienda/georges-duboeuf-pouilly-fuisse/
1,Vinos El Kiosco,blanco,Vino Blanco Gewurztraminer Trentino DOC,,174100,174100,https://www.vinoselkiosco.com/tienda/gewurztraminer-trentino-doc/
1,Éxito,blanco,Vino blanco GRAJALES de misa  (750  ml),GRAJALES,38000,38000,https://www.exito.com/vino-blanco-de-misa-grajales-x-750ml-70502/p
1,Éxito,blanco,Vino blanco GRAJALES reservado  (750  ml),GRAJALES,,,https://www.exito.com/vino-blanco-seco-rvdo-grajales-750-ml-70528/p
1,Olímpica,blanco,Vino Blanco Grangeneuve 750 Ml,Grangeneuve,51400,51400,https://www.olimpica.com/vino-grangeneuve-blanco-750-ml-3335200006741-1089901/p
1,Vinos El Kiosco,blanco,Vino Blanco Grecante Colli Martani Doc Grechetto,,119300,119300,https://www.vinoselkiosco.com/tienda/grecante-colli-martani-doc-grechetto/
1,Vinos El Kiosco,blanco,Vino Blanco Hugel Gewurztraiminer,,204800,204800,https://www.vinoselkiosco.com/tienda/vino-blanco-hugel-gewurztraiminer/
1,Vinos El Kiosco,blanco,Vino Blanco Hugel Pinot Blanc,,145500,145500,https://www.vinoselkiosco.com/tienda/vino-blanco-hugel-pinot-blanc/
1,Vinos El Kiosco,blanco,Vino Blanco Hugel Riesling,,204500,204500,https://www.vinoselkiosco.com/tienda/hugel-riesling/
1,Vinos El Kiosco,blanco,Vino Blanco Hugel Sylvaner,,113000,113000,https://www.vinoselkiosco.com/tienda/vino-blanco-hugel-sylvaner/
1,Dislicores,blanco,Vino Blanco Intis Chardonnay  Chenin,Intis,29000,29000,https://www.dislicores.com/vino-blanco-intis-chardonnay--chenin-ref108055/p
1,Olímpica,blanco,Vino Blanco Isabella 750 Ml,Isabela,22880,22880,https://www.olimpica.com/vino-isabella-bco-750-ml/p
1,Vinos El Kiosco,blanco,Vino Blanco Jacobs Creek Classic Chardonnay 750,,68400,68400,https://www.vinoselkiosco.com/tienda/vino-jacobs-creek-c-chardonnay-750/
1,Vinos El Kiosco,blanco,Vino Blanco Joffre E Hijas Pasion 4 Chardonnay-Chenin,,81600,81600,https://www.vinoselkiosco.com/tienda/joffre-e-hijas-pasion-4-chardonnay-chenin/
1,Vinos El Kiosco,blanco,Vino Blanco Karu Sauvignon Blanc 750,,46700,46700,https://www.vinoselkiosco.com/tienda/vino-karu-sauvignon-blanc-750/
1,Jumbo,blanco,Vino Blanco La Cave D Augustin Florent Tour.750ml,TOURAINE,55990,55990,https://www.jumbocolombia.com/vino-blanco-la-cave-d-augustin-florent-tour-750ml-403928/p
1,Jumbo,blanco,Vino blanco La Celia chardonnay pionner botella x 750ml,LA CELIA,119990,119990,https://www.jumbocolombia.com/vino-blanco-chardonnay-pionner-la-celia-botella-x-750-ml/p
1,Jumbo,blanco,Vino blanco La Huerta sauvignon x750ml,LA HUERTA,45990,45990,https://www.jumbocolombia.com/vino-blanco-la-huerta-sauvignon-x750ml/p
1,Jumbo,blanco,Vino Blanco La Maldita Garnacha Blanca Rioja750ml,LA MALDITA,103990,103990,https://www.jumbocolombia.com/vino-blanco-la-maldita-garnacha-blanca-rioja750ml-344735/p
1,Vinos El Kiosco,blanco,Vino Blanco La Mora Vermentino Di Maremma IGT Cecchi,,124500,124500,https://www.vinoselkiosco.com/tienda/la-mora-vermentino-di-maremma-igt-cecchi/
1,Jumbo,blanco,Vino blanco la posta blend x750ml,LA POSTA,115990,115990,https://www.jumbocolombia.com/vino-blanco-la-posta-blend-x750ml/p
1,Vinos El Kiosco,blanco,Vino Blanco La Posta White Blend,,82500,82500,https://www.vinoselkiosco.com/tienda/la-posta-white-blend/
1,Vinos El Kiosco,blanco,Vino Blanco Lagarde Viognier,,134000,134000,https://www.vinoselkiosco.com/tienda/lagarde-viognier/
1,Vinos El Kiosco,blanco,Vino Blanco Lapostolle Grand Selection Chardonnay,,116300,116300,https://www.vinoselkiosco.com/tienda/grand-selection-chardonnay/
1,Jumbo,blanco,Vino Blanco Lapostolle Sauvi.Blanc G.Selec. 750ml,LAPOSTOLLE,122990,122990,https://www.jumbocolombia.com/vino-blanco-lapostolle-sauvi-blanc-g-selec--750ml-41460/p
1,Olímpica,blanco,Vino Blanco Lazo Sauvignon 750 Ml 3X2 Unds,Lazo,168850,168850,https://www.olimpica.com/vino-lazo-sauvignon-750ml-3x2-oferta-7702450303962-921996/p
1,Jumbo,blanco,Vino Blanco Lazo Sauvignon Blanc Bot.750ml,LAZO,42990,42990,https://www.jumbocolombia.com/vino-blanco-lazo-sauvignon-blanc-bot-750ml-8583/p
1,Vinos El Kiosco,blanco,Vino Blanco Loggia Della Serra Greco di Tufo DOCG,,120800,120800,https://www.vinoselkiosco.com/tienda/loggia-della-serra-greco-di-tufo-docg/
1,Dislicores,blanco,Vino Blanco Louis Jadot Bourgogne,LOUIS JADOT,177990,177990,https://www.dislicores.com/vino-blanco-louis-jadot-bourgogne-ref266000/p
1,Dislicores,blanco,Vino Blanco Louis Jadot Chablis,LOUIS JADOT,207500,207500,https://www.dislicores.com/vino-blanco-louis-jadot-chablis-ref266004/p
1,Éxito,blanco,Vino blanco LUCIENTE viura español Viura (750  ml),LUCIENTE,52800,52800,https://www.exito.com/viura-blanco-luciente-viura-750-ml-3239470/p
1,Vinos El Kiosco,blanco,Vino Blanco Luis Felipe Edwards Sauvignon Blanc X 750,,48000,48000,https://www.vinoselkiosco.com/tienda/luis-felipe-edwards-sauvignon-blanc-x-750/
1,Vinos El Kiosco,blanco,Vino Blanco Macon Villages Louis Jadot,,137500,137500,https://www.vinoselkiosco.com/tienda/macon-villages-louis-jadot/
1,Jumbo,blanco,Vino Blanco Mar de Frades Albarino Riasbai. 750ml,MAR DE FRADES,171990,171990,https://www.jumbocolombia.com/vino-blanco-mar-de-frades-albarino-riasbai--750ml-329581/p
1,Jumbo,blanco,Vino Blanco Marques de Casa Concha Chardon. 750ml,MARQUES,186990,186990,https://www.jumbocolombia.com/vino-blanco-marques-de-casa-concha-chardon--750ml-8294/p
1,Dislicores,blanco,Vino Blanco Marqués De Murrieta Capellanía Viura,Marqués de Murrieta,536990,536990,https://www.dislicores.com/vino-blanco-marques-de-murrieta-capellania-viura-ref806005/p
1,Jumbo,blanco,Vino Blanco Marques de Riscal Sau.Blanc Org.750ml,MARQUESDERISCAL,131990,131990,https://www.jumbocolombia.com/vino-blanco-marques-de-riscal-sau-blanc-org-750ml-168212/p
1,Vinos El Kiosco,blanco,Vino Blanco Marques Verdejo,,84200,84200,https://www.vinoselkiosco.com/tienda/marques-verdejo-blanco/
1,Olímpica,blanco,Vino Blanco Martín Códax Spain Albariño 750 Ml,Martin Codax,102505,102505,https://www.olimpica.com/vino-martin-codax-spain-750ml-8414825336633-2130052/p
1,Olímpica,blanco,Vino Blanco Martini 750 Ml,Martini,91600,91600,https://www.olimpica.com/vino-martini-blanco-750-ml-5010677924009-2097967/p
1,Vinos El Kiosco,blanco,Vino Blanco Masi Levarie Soave Classico,,107600,107600,https://www.vinoselkiosco.com/tienda/masi-levarie-soave-classico/
1,Vinos El Kiosco,blanco,Vino Blanco Masi Masianco Pinot Grigio Verduzo,,150500,150500,https://www.vinoselkiosco.com/tienda/masi-masianco-pinot-grigio-verduzo/
1,Vinos El Kiosco,blanco,Vino Blanco Masi Tupungato Passo Blanco,,102400,102400,https://www.vinoselkiosco.com/tienda/masi-tupungato-passo-blanco/
1,Dislicores,blanco,Vino Blanco Mauro Godello,MAURO,466500,466500,https://www.dislicores.com/vino-blanco-mauro-godello-ref203000/p
1,Vinos El Kiosco,blanco,Vino Blanco Mixtus Chardonnay Chenin 750,,30600,30600,https://www.vinoselkiosco.com/tienda/vino-mixtus-chardonnay-chenin-750-x-12/
1,Olímpica,blanco,Vino Blanco Monte Cabernet Sauvignon 750 Ml,Monte Blanco,44100,44100,https://www.olimpica.com/vino-monte-bco-caber-sauvig-750-ml/p
1,Olímpica,blanco,Vino Blanco Monterío Viura 750 Ml,Monterio,62900,62900,https://www.olimpica.com/vino-monterio-blanco-750-ml-8412048962073-1361511/p
1,Jumbo,blanco,Vino Blanco Montgras Chardonnay de-Vine Rva.750ml,MONTGRAS,83990,83990,https://www.jumbocolombia.com/vino-blanco-montgras-chardonnay-de-vine-rva-750ml-379789/p
1,Jumbo,blanco,Vino Blanco Morande Sauv.Blanc Estate Reser.750ml,MORANDE,59793,59793,https://www.jumbocolombia.com/vino-blanco-morande-sauv-blanc-estate-reser-750ml-8410/p
1,Dislicores,blanco,Vino Blanco Muga Reserva Viura,Muga,113500,113500,https://www.dislicores.com/vino-blanco-muga-reserva-viura-ref265021/p
1,Jumbo,blanco,Vino blanco Navarro correas colección privada chardonnay botella x 750ml,NAVARRO CORREAS,106990,106990,https://www.jumbocolombia.com/vino-blanco-navarro-correas-colec-cion-privada-chardonnay-x-750-ml/p
1,Jumbo,blanco,Vino Blanco Norton Cosecha Tardia 750 ml,NORTON,39643,39643,https://www.jumbocolombia.com/vino-blanco-norton-cosecha-tardia-750-ml-168231/p
1,Jumbo,blanco,Vino Blanco Oro Veneto Pinot Grigio 750 ml,ORO VENETO,82990,82990,https://www.jumbocolombia.com/vino-blanco-oro-veneto-pinot-grigio-750-ml-182605/p
1,Jumbo,blanco,Vino Blanco Panul Sauvignon Blanc 750ml,PANUL,21990,21990,https://www.jumbocolombia.com/vino-blanco-panul-sauvignon-blanc-750ml-182838/p
1,Jumbo,blanco,Vino Blanco Partager Vin Blanc 750 ml,PARTAGER,62990,62990,https://www.jumbocolombia.com/vino-blanco-partager-vin-blanc-750-ml-8404/p
1,Jumbo,blanco,Vino Blanco Pasqua Chardonnay-Grillo Sicilia750ml,PASQUA,83990,83990,https://www.jumbocolombia.com/vino-blanco-pasqua-chardonnay-grillo-sicilia750ml-271897/p
1,Dislicores,blanco,Vino Blanco Pazo Barrantes Albariño,Pazo Barrantes,289990,289990,https://www.dislicores.com/vino-blanco-pazo-barrantes-albarino-ref806001/p
1,Dislicores,blanco,Vino Blanco Pazo De San Mauro Albariño,Marqués de Vargas,159990,159990,https://www.dislicores.com/vino-blanco-pazo-de-san-mauro-albarino-ref142040/p
1,Jumbo,blanco,Vino Blanco Penasol Seleccion750ml,PENASOL,16990,16990,https://www.jumbocolombia.com/vino-blanco-penasol-seleccion750ml-14115/p
1,Vinos El Kiosco,blanco,Vino Blanco Perdriel Series Sauvignon Blanc 750 mL,,93300,93300,https://www.vinoselkiosco.com/tienda/vino-blanco-perdriel-series-sauvignon-blanc-750-ml/
1,Dislicores,blanco,Vino Blanco Piccini Memoro,Piccini,68500,68500,https://www.dislicores.com/vino-blanco-piccini-memoro-ref153120/p
1,Dislicores,blanco,Vino Blanco Piccini Venezie Pinot Grigio,Piccini,70000,70000,https://www.dislicores.com/vino-blanco-piccini-venezie-pinot-grigio-ref153110/p
1,Vinos El Kiosco,blanco,Vino Blanco Pinot Grigio Borgo Magredo DOC,,106500,106500,https://www.vinoselkiosco.com/tienda/pinot-grigio-borgo-magredo-doc/
1,Vinos El Kiosco,blanco,Vino Blanco Pinot Grigio Igt Delle Venezie Zonin,,40100,40100,https://www.vinoselkiosco.com/tienda/vino-blanco-pinot-grigio-igt-delle-venezie-zonin/
1,Jumbo,blanco,Vino Blanco Pluma Vinho Verde Doc 750ml,PLUMA,64990,64990,https://www.jumbocolombia.com/vino-blanco-pluma-vinho-verde-doc-750ml-402648/p
1,Carulla,blanco,Vino blanco PORTIA verdejo  (750  ml),PORTIA,111440,111440,https://www.carulla.com/vino-blanco-verdejo-portia-750-ml-3036070/p
1,Jumbo,blanco,Vino Blanco Protocolo Blend Organic 750ml,PROTOCOLO,64990,64990,https://www.jumbocolombia.com/vino-blanco-protocolo-blend-organic-750ml-427031/p
1,Jumbo,blanco,Vino Blanco Protos Verdejo Rueda 750ml,PROTOS,106990,106990,https://www.jumbocolombia.com/vino-blanco-protos-verdejo-rueda-750ml-8407/p
1,Dislicores,blanco,Vino Blanco Ramón Bilbao Orgánico Verdejo,Ramón Bilbao,85990,85990,https://www.dislicores.com/vino-blanco-ramon-bilbao-organico-verdejo-ref147019/p
1,Carulla,blanco,Vino Blanco Reserva Chardonnay Ilaia Viña Marty,ILAIA VIÑA MARTY,,,https://www.carulla.com/vino-blanco-reserva-chardonnay-ilaia-vina-marty-100039668-mp/p
1,Vinos El Kiosco,blanco,Vino Blanco Reserve Chardonnay 750,,58200,58200,https://www.vinoselkiosco.com/tienda/vino-reserve-chardonnay-750-x-12/
1,Vinos El Kiosco,blanco,Vino Blanco Robert Mondavi Woodbridge Lightly Oaked Chardonnay,,62600,62600,https://www.vinoselkiosco.com/tienda/robert-mondavi-woodbridge-lightly-oaked-chardonnay/
1,Vinos El Kiosco,blanco,Vino Blanco Robert Mondavi Woodbrige Chardonnay 750,,62600,62600,https://www.vinoselkiosco.com/tienda/robert-mondavi-woodbrige-chardonnay-750/
1,Jumbo,blanco,Vino Blanco Rocca Di Montemassi Mare.Toscana750ml,ROCCA DI MONTEMASSI,155690,155690,https://www.jumbocolombia.com/vino-blanco-rocca-di-montemassi-mare-toscana750ml-365100/p
1,Vinos El Kiosco,blanco,Vino Blanco Rutini Gewurztraminer,,116900,116900,https://www.vinoselkiosco.com/tienda/rutini-gewurztaminer/
1,Vinos El Kiosco,blanco,Vino Blanco Rutini Sauvignon Blanc,,119500,119500,https://www.vinoselkiosco.com/tienda/rutini-sauvignon-blanc/
1,Vinos El Kiosco,blanco,Vino Blanco Salentein Reserve Chardonnay,,136200,136200,https://www.vinoselkiosco.com/tienda/salentein-reserva-chardonnay/
1,Vinos El Kiosco,blanco,Vino Blanco San Pedro De Yacochuya Torrontes,,157100,157100,https://www.vinoselkiosco.com/tienda/san-pedro-de-yacochuya-torrontes/
1,Jumbo,blanco,Vino Blanco Santa Carolina Rdo.Sauvig.Blanc 750ml,SANTA CAROLINA,57990,57990,https://www.jumbocolombia.com/vino-blanco-santa-carolina-rdo-sauvig-blanc-750ml-59956/p
1,Dislicores,blanco,Vino Blanco Santa Carolina Reserva Sauvingnon Blanc,Santa Carolina,75500,75500,https://www.dislicores.com/vino-blanco-santa-carolina-reserva-sauvingnon-blanc-ref102042/p
1,Dislicores,blanco,Vino Blanco Santa Carolina Reservado Sauvignon Blanc Media Botella,Santa Carolina,28500,28500,https://www.dislicores.com/vino-blanco-santa-carolina-reservado-sauvignon-blanc-media-botella-ref102034/p
1,Jumbo,blanco,Vino Blanco Santa Carolina Rvdo.Chardonnay 750 ml,SANTA CAROLINA,57990,57990,https://www.jumbocolombia.com/vino-blanco-santa-carolina-rvdo-chardonnay-750-ml-159718/p
1,Jumbo,blanco,Vino Blanco Santa Carolina Sauv.Blanc Rva.750ml,SANTA CAROLINA,86990,86990,https://www.jumbocolombia.com/vino-blanco-santa-carolina-sauv-blanc-rva-750ml-122732/p
1,Jumbo,blanco,Vino Blanco Santa Helena Sau.Blan.Siglo Rva.750ml,SANTA HELENA,75990,75990,https://www.jumbocolombia.com/vino-blanco-santa-helena-sau-blan-siglo-rva-750ml-35445/p
1,Jumbo,blanco,Vino Blanco Santa Helena Sau.Blanc Siglo Oro750ml,SANTA HELENA,75990,75990,https://www.jumbocolombia.com/vino-blanco-santa-helena-sau-blanc-siglo-oro750ml-35446/p
1,Jumbo,blanco,Vino Blanco Santa Margherita Pinot Grigio750ml,SANTA MARGHERITA,154990,154990,https://www.jumbocolombia.com/vino-blanco-santa-margherita-pinot-grigio750ml-117374/p
1,Jumbo,blanco,Vino Blanco Santa Rita 120 Sauv.Bla.4U 187ml C-U,SANTA RITA,83990,83990,https://www.jumbocolombia.com/vino-blanco-santa-rita-120-sauv-bla-4u-187ml-c-u-61908/p
1,Jumbo,blanco,Vino Blanco Santa Rita 120 Sauv.Blanc 750 ml,SANTA RITA,77990,77990,https://www.jumbocolombia.com/vino-blanco-santa-rita-120-sauv-blanc-750-ml-5871/p
1,Olímpica,blanco,Vino Blanco Santa Rita 120 Sauvignon 187 Ml X4 Unds,Santa Rita,51642,51642,https://www.olimpica.com/vino-santa-rita-120-sauvignon-blanco-187-ml-x4-7804330143245-850304/p
1,Olímpica,blanco,Vino Blanco Santa Rita 3 Medallas Sauvignon 750 Ml 3X2 Unds,Santa Rita,113550,113550,https://www.olimpica.com/vino-santa-rita-3medalla-sauvignon-blanco-750ml3x2-7707038157128-2160177/p
1,Jumbo,blanco,Vino Blanco Santa Rita Blend Floresta Apalta 750ml,SANTA RITA,205990,205990,https://www.jumbocolombia.com/vino-blanco-santa-rita-blend-floresta-apalta-750ml-401046/p
1,Jumbo,blanco,Vino Blanco Santa Rita mlla.Real Rva.Chardo.750ml,SANTA RITA,109990,109990,https://www.jumbocolombia.com/vino-blanco-santa-rita-mlla-real-rva-chardo-750ml-260369/p
1,Jumbo,blanco,Vino Blanco Santa Rita Sauv.Blanc Mdlla.Real750ml,SANTA RITA,164990,164990,https://www.jumbocolombia.com/vino-blanco-santa-rita-sauv-blanc-mdlla-real750ml-69509/p
1,Olímpica,blanco,Vino Blanco Santa Rita Secret Reserve Cabernet Sauvignon 750 Ml 3X2 Unds,Santa Rita,77600,77600,https://www.olimpica.com/vino-santa-rita-secret-reserva-cabernet-sauvignon-750ml-7804330006694-2160178/p
1,Vinos El Kiosco,blanco,Vino Blanco Santiago Ruiz,,228500,228500,https://www.vinoselkiosco.com/tienda/santiago-ruiz/
1,Vinos El Kiosco,blanco,Vino Blanco Sauvignon Blanc Trentino DOC,,110400,110400,https://www.vinoselkiosco.com/tienda/sauvignon-blanc-trentino-doc/
1,Vinos El Kiosco,blanco,Vino Blanco Sciala Vermentino di Gallura Superiore DOCG,,92200,92200,https://www.vinoselkiosco.com/tienda/sciala-vermentino-di-gallura-superiore-docg/
1,Olímpica,blanco,Vino Blanco Segú Ollé 1 Lt,Segu Olle,33500,33500,https://www.olimpica.com/vino-segu-olle-blanco-t-pack-1-l-7804313112411-755961/p
1,Olímpica,blanco,Vino Blanco Segú Ollé Chileno 1000 Ml,Segu Olle,33500,33500,https://www.olimpica.com/vino-segu-olle-bco-t-pack-1-l/p
1,Jumbo,blanco,Vino Blanco Sequeira Doc Douro 750ml,SEQUEIRA,135990,135990,https://www.jumbocolombia.com/vino-blanco-sequeira-doc-douro-750ml-402659/p
1,Vinos El Kiosco,blanco,Vino Blanco Soave Mito DOC,,185800,185800,https://www.vinoselkiosco.com/tienda/soave-mito-doc/
1,Vinos El Kiosco,blanco,Vino Blanco Surrau Vermentino di Gallura DOCG,,136400,136400,https://www.vinoselkiosco.com/tienda/surrau-vermentino-di-gallura-docg/
1,Vinos El Kiosco,blanco,Vino Blanco Tectonia Chardonnay,,147300,147300,https://www.vinoselkiosco.com/tienda/tectonia-chardonnay/
1,Jumbo,blanco,Vino Blanco Terra Vega Sauv.Blanc 4Und 187 mlc-U,TERRA VEGA,58990,58990,https://www.jumbocolombia.com/vino-blanco-terra-vega-sauv-blanc-4und-187-mlc-u-306823/p
1,Vinos El Kiosco,blanco,Vino Blanco Terrazas Reserva Torrontes 750,,128400,128400,https://www.vinoselkiosco.com/tienda/vino-terrazas-reserva-torrontes-750/
1,Vinos El Kiosco,blanco,Vino Blanco Terredora Fiano di Avellino DOCG,,171500,171500,https://www.vinoselkiosco.com/tienda/terredora-fiano-di-avellino-docg/
1,Vinos El Kiosco,blanco,Vino Blanco Terroir Hunter &#8211; Undurraga Sauvignon Blanc (Casablanca),,235000,235000,https://www.vinoselkiosco.com/tienda/th-terroir-hunter-undurraga-sauvignon-blanc-casablanca/
1,Olímpica,blanco,Vino Blanco Tolten Sauvignon 750 Ml,Navarro Y Correa,48900,48900,https://www.olimpica.com/vino-bco-tolten-sauvignon-bco-750ml/p
1,Dislicores,blanco,Vino Blanco Tomas Postigo Verdejo,Tomas Postigo,237000,237000,https://www.dislicores.com/vino-blanco-tomas-postigo-verdejo-ref215001/p
1,Vinos El Kiosco,blanco,Vino Blanco Torres Chile Santa Digna Sauvignon Blanc 750,,52800,52800,https://www.vinoselkiosco.com/tienda/vino-torres-chile-santa-digna-sauvignon-blanc-750/
1,Vinos El Kiosco,blanco,Vino Blanco Toscana IGT Bianco,,96100,96100,https://www.vinoselkiosco.com/tienda/toscana-igt-bianco/
1,Dislicores,blanco,Vino Blanco Trapiche Broquel Torrontés,Trapiche,102000,102000,https://www.dislicores.com/vino-blanco-trapiche-broquel-torrontes-ref120095/p
1,Vinos El Kiosco,blanco,Vino Blanco Tribu Chardonnay 750,,36400,36400,https://www.vinoselkiosco.com/tienda/vino-tribu-chardonnay-750-x-12/
1,Jumbo,blanco,Vino blanco Trivento reserva chardonnay x750ml,TRIVENTO,51990,51990,https://www.jumbocolombia.com/vino-blanco-trivento-reserve-chardonnay-bot-x750ml/p
1,Olímpica,blanco,Vino Blanco Trivento Tribu Chardonnay 750 Ml,Trivento,42300,42300,https://www.olimpica.com/vino-blanco-trivento-chardon-750-ml-7798039590144-634559/p
1,Jumbo,blanco,Vino Blanco Trivento White Malbec Reserve 750 ml,TRIVENTO,90590,90590,https://www.jumbocolombia.com/vino-blanco-trivento-white-malbec-reserve-750-ml-237224/p
1,Vinos El Kiosco,blanco,Vino Blanco U By Undurraga Gewurztraminer,,88100,88100,https://www.vinoselkiosco.com/tienda/u-by-undurraga-gewurztraminer/
1,Vinos El Kiosco,blanco,Vino Blanco Undurraga Reserva  Late Harvest,,166100,166100,https://www.vinoselkiosco.com/tienda/undurraga-reserva-late-harvest/
1,Jumbo,blanco,Vino Blanco Undurraga Reserva Sauv. Blanc 750 ml,UNDURRAGA,79943,79943,https://www.jumbocolombia.com/vino-blanco-undurraga-reserva-sauv--blanc-750-ml-226766/p
1,Vinos El Kiosco,blanco,Vino Blanco Undurraga Riesling Bot,,88100,88100,https://www.vinoselkiosco.com/tienda/undurraga-riesling-bot/
1,Olímpica,blanco,Vino Blanco Undurraga Sauvignon 750 Ml 3X2 Unds,Undurraga,277850,277850,https://www.olimpica.com/vino-undurraga-sauvignon-750ml-3x2-oferta-7702450310120-921962/p
1,Vinos El Kiosco,blanco,Vino Blanco Vega Sicilia Mandolas 750,,149500,149500,https://www.vinoselkiosco.com/tienda/vino-vega-sicilia-mandolas-750/
1,Jumbo,blanco,Vino Blanco Ventisquero Sauvignon Blanc Clásico Botella x750ml,VENTISQUERO,53990,53990,https://www.jumbocolombia.com/vinoblanco-ventisquero-sauv-blan--clasicobotx750ml/p
1,Vinos El Kiosco,blanco,Vino Blanco Vernaccia di San Gimignano DOCG,,135100,135100,https://www.vinoselkiosco.com/tienda/vernaccia-di-san-gimignano-docg/
1,Vinos El Kiosco,blanco,Vino Blanco Villa Antinori Bianco Igt Toscana 750,,118300,118300,https://www.vinoselkiosco.com/tienda/vino-villa-antinori-bianco-igt-toscana-750/
1,Olímpica,blanco,Vino Blanco Viña Maipo Classic Series Chardonnay 750 Ml,Maipo,47900,47900,https://www.olimpica.com/vino-maipo-clasic-chardonnay-750ml/p
1,Olímpica,blanco,Vino Blanco Viña Maipo Sauvignon 750 Ml,Maipo,43500,43500,https://www.olimpica.com/vino-viña-maipo-sauvignon-blanc-750-ml/p
1,Olímpica,blanco,Vino Blanco Viña Maipo Vitral Reserva Chardonnay 750 Ml,Maipo,48900,48900,https://www.olimpica.com/vino-maipo-vitr-rsva-chardonnay-750ml/p
1,Olímpica,blanco,Vino Blanco Vincorte Mostelo 750 Ml,Mostelo,11800,11800,https://www.olimpica.com/bebida-gasificada-vincorte-mostelo-blanco-750-ml-7703518505281-1424881/p
1,Vinos El Kiosco,blanco,Vino Blanco Vista Mar Moscatel Late Harvest,,79000,79000,https://www.vinoselkiosco.com/tienda/vista-mar-moscatel-late-harvest/
1,Vinos El Kiosco,blanco,Vino Blanco Volcanes Reserva Summit Sauvignon Blanc,,105000,105000,https://www.vinoselkiosco.com/tienda/volcanes-reserva-summit-sauvignon-blanc/
1,Vinos El Kiosco,blanco,Vino Blanco William Fevre Chablis,,153300,153300,https://www.vinoselkiosco.com/tienda/william-fevre-chablis/
1,Jumbo,blanco,Vino Blanco Zuccardi Torrontes Tardio 500ml,ZUCCARDI,94990,94990,https://www.jumbocolombia.com/vino-blanco-zuccardi-torrontes-tardio-500ml-32552/p
1,Vinos El Kiosco,blanco,Vino Casa Silva Cool Coast Sauvignon-Blanc &#8211; 750,,119300,119300,https://www.vinoselkiosco.com/tienda/vino-casa-silva-cool-coast-sauvignon-blanc-750/
1,Jumbo,blanco,Vino Chardonnay Terraz Reserva 750 ml,TERRAZAS,131990,131990,https://www.jumbocolombia.com/vino-chardonnay-terraz-reserva-750-ml-49246/p
1,Olímpica,blanco,VINO DONCELLA BLANCO CHARDONNAY 750 ML,DONCELLA,19990,19990,https://www.olimpica.com/vino-doncella-blanco-chardonnay-750-ml/p
1,Dislicores,blanco,Vino Escorihuela Gascon Suavignon Blanc,ESCORIHUELA GASCON,109000,109000,https://www.dislicores.com/vino-escorihuela-gascon-suavignon-blan-ref303013/p
1,Vinos El Kiosco,blanco,Vino Español Hoya De Cadenas Blanco 750 mL,,59500,59500,https://www.vinoselkiosco.com/tienda/vino-espanol-hoya-de-cadenas-blanco-750-ml/
1,Vinos El Kiosco,blanco,Vino Español Mara Martín Godello (Blanco) 750 mL,,82900,82900,https://www.vinoselkiosco.com/tienda/vino-espanol-mara-martin-godello-blanco-750-ml/
1,Vinos El Kiosco,blanco,Vino Español Martín Códax Lías Albariño (Blanco) 750 mL,,173900,173900,https://www.vinoselkiosco.com/tienda/vino-espanol-martin-codax-lias-albarino-blanco-750-ml/
1,Vinos El Kiosco,blanco,Vino Español Viñas Del Vero Gewurztraminer 750 mL,,90700,90700,https://www.vinoselkiosco.com/tienda/vino-espanol-vinas-del-vero-gewurztraminer-750-ml/
1,Vinos El Kiosco,blanco,Vino Español Viñas Del Vero Macabeo-Chardonnay 750 mL,,64700,64700,https://www.vinoselkiosco.com/tienda/vino-espanol-vinas-del-vero-macabeo-chardonnay-750-ml/
1,Jumbo,blanco,Vino Faustino vii blanco viura rioja botella x 750 ml,FAUSTINO,132990,132990,https://www.jumbocolombia.com/vino-faustino-vii-blanco-viura-rioja-botella-x-750-ml/p
1,Olímpica,blanco,Vino Fizzy Jp Chenet Blanco Lata 250 Ml,Jf,10500,10500,https://www.olimpica.com/vino-fizzy-jp-chenet-bco-lata-250ml/p
1,Olímpica,blanco,Vino Fizzy Jp Chenet Blanco Lata 250 Ml X4 Unds,Jf,46350,46350,https://www.olimpica.com/vino-fizzy-jp-chenet-bco-lata-250ml-x4/p
1,Vinos El Kiosco,blanco,Vino Francés B&#038;G Chablis (Blanco) 750 mL,,196000,196000,https://www.vinoselkiosco.com/tienda/vino-frances-bg-chablis-blanco-750-ml/
1,Vinos El Kiosco,blanco,Vino Francés B&#038;G Macon Villages (Blanco) 750 mL,,116700,116700,https://www.vinoselkiosco.com/tienda/vino-frances-bg-macon-villages-blanco-750-ml/
1,Vinos El Kiosco,blanco,Vino Francés B&#038;G Reserve Chardonnay 750 mL,,62100,62100,https://www.vinoselkiosco.com/tienda/vino-frances-bg-reserve-chardonnay-750-ml/
1,Vinos El Kiosco,blanco,Vino Francés Partager Blanco 750 mL,,50400,50400,https://www.vinoselkiosco.com/tienda/vino-frances-partager-blanco-750-ml/
1,Jumbo,blanco,Vino Hereford blanco chardonnay botella x750ml,HAREFORD,63990,63990,https://www.jumbocolombia.com/vino-hereford-blanco-chardonnay-botx750ml/p
1,Vinos El Kiosco,blanco,Vino Italiano Capitolo 14  Pasqua Chardonnay Di Puglia (Blanco) 750 mL,,51700,51700,https://www.vinoselkiosco.com/tienda/vino-italiano-capitolo-14-pasqua-chardonnay-di-puglia-blanco-750-ml/
1,Jumbo,blanco,Vino longchamps chardonnay bot.x750ml,LONGCHAMPS,74490,74490,https://www.jumbocolombia.com/vino-longchamps-chardonnay-bot-x750ml/p
1,Jumbo,blanco,Vino Maipo Blanco Bot.750ml,MAIPO,50990,50990,https://www.jumbocolombia.com/vino-maipo-blanco-bot-750ml-39423/p
1,Vinos El Kiosco,blanco,Vino Marqués De Riscal Finca Montico Rueda (Blanco) 750 mL,,137500,137500,https://www.vinoselkiosco.com/tienda/vino-marques-de-riscal-finca-montico-rueda-blanco-750-ml/
1,Vinos El Kiosco,blanco,Vino Marqués de Riscal Limousin (Blanco) 750 mL,,121900,121900,https://www.vinoselkiosco.com/tienda/vino-marques-de-riscal-limousin-blanco-750-ml/
1,Vinos El Kiosco,blanco,Vino Marqués De Riscal Rueda (Blanco) 750 mL,,82900,82900,https://www.vinoselkiosco.com/tienda/vino-marques-de-riscal-rueda-blanco-750-ml/
1,Vinos El Kiosco,blanco,Vino Marqués De Riscal Sauvignon Blanc 100% Organic D. O. Rueda 750 mL,,98500,98500,https://www.vinoselkiosco.com/tienda/vino-marques-de-riscal-sauvignon-blanc-100-organic-d-o-rueda-750-ml/
1,Jumbo,blanco,Vino Martin Coda Albarino 750 ml,CODAX ALBARINO,106593,106593,https://www.jumbocolombia.com/vino-martin-coda-albarino-750-ml-8405/p
1,Olímpica,blanco,Vino Martini Blanco Extra Dry 750 Ml,Martini,81900,81900,https://www.olimpica.com/vino-martini-bco-extra-dry-750-ml/p
1,Vinos El Kiosco,blanco,Vino Matua Sauvignon Blanc Malborough 750 mL,,158300,158300,https://www.vinoselkiosco.com/tienda/vino-matua-sauvignon-blanc-malborough-750-ml/
1,Vinos El Kiosco,blanco,Vino Morandé (Carignan-Syrah-Chardonnay) Vigno 750,,283100,283100,https://www.vinoselkiosco.com/tienda/vino-morande-carignan-syrah-chardonnay-vigno-750/
1,Jumbo,blanco,Vino Morande Clasic Sauvignon Blanc 750ml,MORANDE,35093,35093,https://www.jumbocolombia.com/vino-morande-clasic-sauvignon-blanc-750ml-121326/p
1,Vinos El Kiosco,blanco,Vino Morandé Reserva Gewurztraminer (Blanco) 750,,80300,80300,https://www.vinoselkiosco.com/tienda/vino-morande-reserva-gewurztraminer-blanco-750/
1,Vinos El Kiosco,blanco,Vino Penfolds Koonunga-Hill Chardonnay 750 mL,,160900,160900,https://www.vinoselkiosco.com/tienda/vino-penfolds-koonunga-hill-chardonnay-750-ml/
1,Carulla,blanco,Vino Pinot Grigio Borgo Magredo 750Ml,PINOT GRIGIO,,,https://www.carulla.com/vino-pinot-grigio-borgo-magredo-750ml-102673848-mp/p
1,Jumbo,blanco,Vino quinta da lixa blanco loureiro bot.x750ml,QUINTA DA LIXA,89990,89990,https://www.jumbocolombia.com/vino-quinta-da-lixa-blanco-loureiro-bot-x750ml/p
1,Jumbo,blanco,Vino quinta da lixa blanco trajadura bot.x750ml,QUINTA DA LIXA,89990,89990,https://www.jumbocolombia.com/vino-quinta-da-lixa-blanco-trajadura-bot-x750ml/p
1,Vinos El Kiosco,blanco,Vino Ruffino Orvieto Clasico (Blanco) 750 mL,,77700,77700,https://www.vinoselkiosco.com/tienda/vino-ruffino-orvieto-clasico-blanco-750-ml/
1,Vinos El Kiosco,blanco,Vino Santa Rita Estate Reserve Chardonnay 750 mL(Blanco) 750,,95900,95900,https://www.vinoselkiosco.com/tienda/vino-santa-rita-estate-reserve-chardonnay-750-mlblanco-750/
1,Vinos El Kiosco,blanco,Vino Santa Rita Medalla Real Sauvignon Blanc 750,,133600,133600,https://www.vinoselkiosco.com/tienda/vino-santa-rita-medalla-real-sauvignon-blanc-750/
1,Jumbo,blanco,Vino Santa Rita Tres Medallas Chardonnay Bot750ml,SANTA RITA,54990,54990,https://www.jumbocolombia.com/vino-santa-rita-tres-medallas-chardonnay-bot750ml-90799/p
1,Jumbo,blanco,Vino Undurraga Blanco Chardonnay Bot750ml,UNDURRAGA,66943,66943,https://www.jumbocolombia.com/vino-undurraga-blanco-chardonnay-bot750ml-8588/p
1,Olímpica,blanco,VINO UNDURRAGA RSVA CHARDONNAY BOT 750ML,Undurraga,116800,116800,https://www.olimpica.com/vino-undurraga-rsva-chardonnay-bot-750ml/p
1,Jumbo,blanco,Vino Ventisquero sauvignon blanc reserva botella x 750 ml,VENTISQUERO,77990,77990,https://www.jumbocolombia.com/vino-ventisquero-sauvignon-blanc-reserva-botx750ml/p
1,Jumbo,blanco,Vino vincorte cata blanco x1000ml,VINCORTE,27490,27490,https://www.jumbocolombia.com/vino-vincorte-cata-blanco-x1000ml/p
1,Jumbo,blanco,Vino volcanes reserva sauvignon blanc botx750ml,VOLCANES,128990,128990,https://www.jumbocolombia.com/vino-volcanes-reserva-sauvignon-blanc-botx750ml/p
1,Olímpica,blanco,Vino Zuccardi Santa Rosa Chardonnay 750 Ml,Zucardi,69900,69900,https://www.olimpica.com/vino-zuccardi-sta-rosa-chard-750-ml/p
1,Jumbo,blanco,Vinoblanco Baron Philippe Roths. Sauv.Blanc.750ml,BARON PHILIPPE,85990,85990,https://www.jumbocolombia.com/vinoblanco-baron-philippe-roths--sauv-blanc-750ml-159715/p
1,Jumbo,blanco,Vinoblanco Barton&Guestier Chablischard Bot.750ml,BARTON & GUESTIER,232990,232990,https://www.jumbocolombia.com/vinoblanco-barton-guestier-chablischard-bot-750ml-45509/p
1,Jumbo,blanco,Vinoblanco Casillero del Diablo dev.Car.Sauv750ml,CASILLERO DEL DIABLO,90490,90490,https://www.jumbocolombia.com/vinoblanco-casillero-del-diablo-dev-car-sauv750ml-326490/p
1,Jumbo,blanco,Vinoblanco Santa Rita mlla.Real Rva.Sau.Bla.750ml,SANTA RITA,108990,108990,https://www.jumbocolombia.com/vinoblanco-santa-rita-mlla-real-rva-sau-bla-750ml-260368/p
1,Vinos El Kiosco,espumoso,Anna Codorniu Blanc De Blancs Reserva Brut 750 mL,,121900,121900,https://www.vinoselkiosco.com/tienda/anna-codorniu-blanc-de-blancs-reserva-brut-750-ml/
1,Carulla,espumoso,Aperitivo DE ALORT MARCA EXCLUSIVA   (750  ml),DE ALORT MARCA EXCLUSIVA,26600,26600,https://www.carulla.com/aperitivo-baltar-gran-blue-de-alort-marca-exclusiva-750-ml-490572/p
1,Olímpica,espumoso,CHAMP VEAVE CLICQUOT ROSE BOX 750 ML,Veuve Clicquot,640100,640100,https://www.olimpica.com/champ-veave-clicquot-rose-box-750-ml/p
1,Olímpica,espumoso,CHAMP VEUVE CLIQUOT D/SEC BRUT 750 ML,Veuve Clicquot,545950,545950,https://www.olimpica.com/champ-veuve-cliquot-d-sec-brut-750-ml/p
1,Dislicores,espumoso,Champagne Dom Perignon Vintage,Dom Perignon,2404990,2404990,https://www.dislicores.com/champagne-dom-perignon-vintage-ref002109/p
1,Dislicores,espumoso,Champagne Krug Grande Cuvee Box,Krug,1931990,1931990,https://www.dislicores.com/champagne-krug-grande-cuvee-box-ref243028/p
1,Vinos El Kiosco,espumoso,Champagne Krug Grande Cuvee Brut 750,,1547200,1547200,https://www.vinoselkiosco.com/tienda/champagne-krug-grande-cuvee-brut-750/
1,Dislicores,espumoso,Champagne Krug Rose Box,Krug,2930500,2930500,https://www.dislicores.com/champagne-krug-rose-box-ref243031/p
1,Jumbo,espumoso,Champagne Laurent-Perrier Bruta Cuvee Rose 750 ml,LAURENT-PERRIER,,,https://www.jumbocolombia.com/champagne-laurent-perrier-bruta-cuvee-rose-750-ml-365083/p
1,Jumbo,espumoso,Champagne Moet & Chandon Brut Imperial Rose 750ml,MOET & CHANDON,629590,629590,https://www.jumbocolombia.com/champagne-moet---chandon-brut-imperial-rose-750ml-39441/p
1,Jumbo,espumoso,Champagne Moet & Chandon Ice Imperial Botella x 750 Ml,MOET & CHANDON,564990,564990,https://www.jumbocolombia.com/champagne-moet-y-chandon-ice-imperial-botx750ml/p
1,Vinos El Kiosco,espumoso,Champagne Moët &#038; Chandon Brut Imperial 1500,,749000,749000,https://www.vinoselkiosco.com/tienda/champagne-mc-brut-imperial-1500/
1,Vinos El Kiosco,espumoso,Champagne Moët &#038; Chandon Brut Imperial Golden Sleeve 1500,,796200,796200,https://www.vinoselkiosco.com/tienda/champagne-mc-brut-imperial-golden-sleeve-1500/
1,Vinos El Kiosco,espumoso,Champagne Moët &#038; Chandon Brut Imperial Gran Vintage 750,,99900,99900,https://www.vinoselkiosco.com/tienda/champagne-mc-brut-imperial-gran-vintage-750/
1,Vinos El Kiosco,espumoso,Champagne Moët &#038; Chandon Brut Imperial Rose 750,,495100,495100,https://www.vinoselkiosco.com/tienda/champagne-mc-brut-imperial-rose-750/
1,Vinos El Kiosco,espumoso,Champagne Moët &#038; Chandon Ice Imperial 750,,460400,460400,https://www.vinoselkiosco.com/tienda/champagne-mc-ice-imperial-750/
1,Vinos El Kiosco,espumoso,Champagne Moët &#038; Chandon Nectar Imperial 750,,422800,422800,https://www.vinoselkiosco.com/tienda/champagne-mc-nectar-imperial-750/
1,Dislicores,espumoso,Champagne Moet And Chandon Imperial Brut,Moet & Chandon,499990,499990,https://www.dislicores.com/champagne-moet-and-chandon-imperial-brut-ref002196/p
1,Dislicores,espumoso,Champagne R de Ruinart,Ruinart,573000,573000,https://www.dislicores.com/champagne-r-de-ruinart-ref243040/p
1,Dislicores,espumoso,Champagne Rosé Laurent Perrier Cuvée  Pinot Noir,Laurent Perrier,662500,662500,https://www.dislicores.com/champagne-rose-laurent-perrier-cuvee--pinot-noir-ref125000/p
1,Dislicores,espumoso,Champagne Ruinart Blanc de Blanc box,Ruinart,783500,783500,https://www.dislicores.com/champagne-ruinart-blanc-de-blanc-box-ref243026/p
1,Vinos El Kiosco,espumoso,Champagne Taittinger Brut Reserve Botella,,439100,439100,https://www.vinoselkiosco.com/tienda/champagne-taittinger-brut-reserve-botella/
1,Dislicores,espumoso,Champagne Veuve Clicquot Brut Extra Old,Veuve Clicquot,929990,929990,https://www.dislicores.com/champagne-veuve-clicquot-brut-extra-old-ref243022/p
1,Dislicores,espumoso,Champagne Veuve Clicquot Brut Label Arrow,Veuve Clicquot,712000,712000,https://www.dislicores.com/champagne-veuve-clicquot-brut-label-arrow-ref243005/p
1,Dislicores,espumoso,Champagne Veuve Clicquot Brut Label Ice Jacket,Veuve Clicquot,601500,601500,https://www.dislicores.com/champagne-veuve-clicquot-brut-label-ice-jacket-ref243041/p
1,Dislicores,espumoso,Champagne Veuve Clicquot Brut Yellow Label,Veuve Clicquot,374891,374891,https://www.dislicores.com/champagne-veuve-clicquot-brut-yellow-label-ref243000/p
1,Dislicores,espumoso,Champagne Veuve Clicquot Brut Yellow Label Box,Veuve Clicquot,374891,374891,https://www.dislicores.com/champagne-veuve-clicquot-brut-yellow-label-box-ref243001/p
1,Dislicores,espumoso,Champagne Veuve Clicquot Brut Yellow Label Magnum,Veuve Clicquot,1041500,1041500,https://www.dislicores.com/champagne-veuve-clicquot-brut-yellow-label-magnum-ref243003/p
1,Dislicores,espumoso,Champagne Veuve Clicquot Brut Yellow Label Media Botella,Veuve Clicquot,310500,310500,https://www.dislicores.com/champagne-veuve-clicquot-brut-yellow-label-media-botella-ref243017/p
1,Vinos El Kiosco,espumoso,Champagne Veuve Clicquot Grande Dame 750,,789000,789000,https://www.vinoselkiosco.com/tienda/champagne-veuve-clicquot-grande-dame-750/
1,Vinos El Kiosco,espumoso,Champagne Veuve Clicquot Rich Rose 750,,534700,534700,https://www.vinoselkiosco.com/tienda/champagne-veuve-clicquot-rich-rose-750/
1,Dislicores,espumoso,Champagne Veuve Clicquot Rose Box,Veuve Clicquot,634500,634500,https://www.dislicores.com/champagne-veuve-clicquot-rose-box-ref243015/p
1,Dislicores,espumoso,Champagne Veuve Clicquot Vintage Blanc,Veuve Clicquot,714990,714990,https://www.dislicores.com/champagne-veuve-clicquot-vintage-blanc-ref243016/p
1,Olímpica,espumoso,Champaña Blanca Samaría Semi Seca 750 Ml,Samaria,33900,33900,https://www.olimpica.com/champana-samaria-blanca-semi-seca-750-ml-7702121001333-1033187/p
1,Jumbo,espumoso,Champaña don perignon blanco x 750ml,DON PERIGNON,2345990,2345990,https://www.jumbocolombia.com/champagna-don-perignon-blanco-x-750cm3/p
1,Olímpica,espumoso,Champaña Don Perignon Vintage 750 Ml,Vitange,2299900,2299900,https://www.olimpica.com/champ-dn-perignon-vitange-750-ml/p
1,Olímpica,espumoso,Champaña Juve Y Camps Brut Nature 750 Ml,Juve Y Camps,259900,259900,https://www.olimpica.com/champana-juve-y-camps-reserv-familiar-750-ml-8424487600188-2013941/p
1,Olímpica,espumoso,Champaña Juve Y Camps Cinta Púrpura Brut 750 Ml,Juve Y Camps,216900,216900,https://www.olimpica.com/champana-juve-y-camps-cinta-purpura-brut-750ml-8424487400092-2013943/p
1,Olímpica,espumoso,Champaña Laurent Perrier Brut 750 Ml,Lauren,411550,411550,https://www.olimpica.com/champ-laurent-perrier-brut-750-ml/p
1,Olímpica,espumoso,Champaña Laurent Perrier Rosé 750 Ml,Lauren,629900,629900,https://www.olimpica.com/champana-laurent-perrier-rose-750ml-3258438000001-2161677/p
1,Olímpica,espumoso,Champaña Rivelino Fresa 750 Ml,Rivelino,13900,13900,https://www.olimpica.com/champin-fresa-x750-ml/p
1,Olímpica,espumoso,Champaña Rosada Juve Y Camps Brut 750 Ml,Juve Y Camps,204900,204900,https://www.olimpica.com/champana-juve-y-camps-brut-rose-750ml-8424487500099-2013944/p
1,Olímpica,espumoso,Champaña Rosada Moet & Chandon Imperial 750 Ml,Moet,599900,599900,https://www.olimpica.com/champana-moet-chandon-rose-750-ml-3185370074831-702147/p
1,Olímpica,espumoso,Champaña Rosada Samaría Semi Seca 750 Ml,Grajales,32900,32900,https://www.olimpica.com/champ-samaria-rsda-sem-seca-750-ml-7702121001326-1577954/p
1,Olímpica,espumoso,Champaña Rosada Veuve Clicquot Brut 750 Ml,Veuve Clicquot,496600,496600,https://www.olimpica.com/champana-veuve-clicquot-rose-750-ml-3049614003417-1331238/p
1,Olímpica,espumoso,Champaña Veuve Clicquot Brut Semi Seca 750 Ml,Veuve Clicquot,545950,545950,https://www.olimpica.com/champana-veuve-cliquot-demi-seca-brut-750-ml-3049610000106-1331236/p
1,Éxito,espumoso,Champaña VINCORTE infantil color azul chicle Otra Cepa (750  ml),VINCORTE,15000,15000,https://www.exito.com/champi-chicle-750-ml-vincorte-etiqueta-color-azul-750-ml-3220589/p
1,Éxito,espumoso,Champaña VINCORTE infantil color rojo fresa Otra Cepa (750  ml),VINCORTE,15000,15000,https://www.exito.com/champi-fresa-vincorte-etiqueta-color-rojo-750-ml-3220239/p
1,Vinos El Kiosco,espumoso,María Codorniu Sur Brut 750 mL,,82900,82900,https://www.vinoselkiosco.com/tienda/maria-codorniu-sur-brut-750-ml/
1,Carulla,espumoso,V.Espumoso Santillana Bca VINCORTE 750 ml,VINCORTE,,,https://www.carulla.com/vespumoso-santillana-bca-vincorte-750-ml-634837/p
1,Carulla,espumoso,Vino ACQUESI Espumante Blend (750  ml),ACQUESI,,,https://www.carulla.com/vino-acquesi-espumante-blend-750-ml-3251441/p
1,Carulla,espumoso,Vino ACQUESI Espumante Otra Cepa (750  ml),ACQUESI,,,https://www.carulla.com/vino-acquesi-espumante-otra-cepa-750-ml-3251443/p
1,Vinos El Kiosco,espumoso,Vino Amorosa Lambrusco Di Soraba DOC,,101300,101300,https://www.vinoselkiosco.com/tienda/amorosa-lambrusco-di-soraba-doc/
1,Olímpica,espumoso,Vino Blanco Castillo de Liria 750 Ml 3X2 Unds,Castillo De Liria,104750,104750,https://www.olimpica.com/vino-castillo-liria-blanco-750ml-3x2-7707038112530-944919/p
1,Jumbo,espumoso,Vino Blanco Castillo de Liria Organi. Blend750ml,CASTILLO DE LIRIA,61990,61990,https://www.jumbocolombia.com/vino-blanco-castillo-de-liria-organi--blend750ml-363943/p
1,Jumbo,espumoso,Vino Blanco Castillo de Liria Pg2 Ll3 750ml C/U,CASTILLO DE LIRIA,101990,101990,https://www.jumbocolombia.com/vino-blanco-castillo-de-liria-pg2-ll3-750ml-c-u-8484/p
1,Olímpica,espumoso,Vino Blanco Castillo de Liria Viura Sauvignon 750 Ml,Castillo De Liria,32857,32857,https://www.olimpica.com/vino-castillo-de-liria-blanco-750-ml-8410310602672-92557/p
1,Jumbo,espumoso,Vino Blanco Castillo Liria Viura Sauvignon750ml,CASTILLO DE LIRIA,58390,58390,https://www.jumbocolombia.com/vino-blanco-castillo-liria-viura-sauvignon750ml-8408/p
1,Vinos El Kiosco,espumoso,Vino Blanco Escorihuela Gascon Extra Brut,,124300,124300,https://www.vinoselkiosco.com/tienda/escorihuela-gascon-extra-brut/
1,Dislicores,espumoso,Vino Blanco Jp Divine Brut Chardonnay,JP Chenet,83500,83500,https://www.dislicores.com/vino-blanco-jp-divine-brut-chardonnay-ref106014/p
1,Carulla,espumoso,Vino blanco PROVETTO espumoso  Viura (750  ml),PROVETTO,,,https://www.carulla.com/vino-provetto-espumoso-gasificado-viura-750-ml-3251957/p
1,Carulla,espumoso,Vino BOONE S   (750  ml),BOONE S,,,https://www.carulla.com/v-delicious-apple-925653/p
1,Jumbo,espumoso,Vino cantina di sorbara lambrusco bianco x750ml,CANTINA DI SORBARA,73990,73990,https://www.jumbocolombia.com/vino-cantina-di-sorbara-lambrusco-bianco-x750ml/p
1,Jumbo,espumoso,Vino cantina di sorbara lambrusco il duomo x750ml,CANTINA DI SORBARA,73990,73990,https://www.jumbocolombia.com/vino-cantina-di-sorbara-lambrusco-il-duomo-x750ml/p
1,Jumbo,espumoso,Vino cantina di sorbara lambrusco rose x750ml,CANTINA DI SORBARA,73990,73990,https://www.jumbocolombia.com/vino-cantina-di-sorbara-lambrusco-rose-x750ml/p
1,Olímpica,espumoso,Vino Casillero del Diablo Devil's Brut 750 Ml,Casillero Diablo,86900,86900,https://www.olimpica.com/vino-casillero-devils-brut-750ml/p
1,Jumbo,espumoso,Vino Castillo De Molina gran reserva carmenere x750ml,CASTILLO MOLINA,99990,99990,https://www.jumbocolombia.com/vino-castillo-de-molina-carmen-750-cl/p
1,Olímpica,espumoso,VINO CAVA VILARNAU DEMI SEC 750 ML,Monterio,60600,60600,https://www.olimpica.com/vino-cava-vilarnau-demi-sec-750-ml/p
1,Olímpica,espumoso,VINO CAVA VILARNAU ICE 750 ML,Monterio,100800,100800,https://www.olimpica.com/vino-cava-vilarnau-ice-750-ml/p
1,Olímpica,espumoso,VINO CHANDON ESPUM EXTRA BRUT 750ML,Chandon,99000,99000,https://www.olimpica.com/vino-chandon-espum-extra-brut-750ml/p
1,Olímpica,espumoso,VINO CHANDON ESPUM ROSE 750ML,Chandon,100000,100000,https://www.olimpica.com/vino-chandon-espum-rose-750ml/p
1,Jumbo,espumoso,Vino chandon espumoso semiseco x750ml,CHANDON,87990,87990,https://www.jumbocolombia.com/vino-chandon-espumoso-semiseco-x750ml/p
1,Carulla,espumoso,Vino Dulce GALLO MARCA EXCLUSIVA Sabor Piña  (750  ml),GALLO MARCA EXCLUSIVA,,,https://www.carulla.com/aperitivo-sweet-pineapple-960009/p
1,Jumbo,espumoso,Vino Edone Gran Cuvee Etra Brut Bot.750ml,EDONE,157990,157990,https://www.jumbocolombia.com/vino-edone-gran-cuvee-etra-brut-bot-750ml-59967/p
1,Jumbo,espumoso,Vino Edone gran cuvee extra brut rosado botella x 750 ml,EDONE,115990,115990,https://www.jumbocolombia.com/vino-edone-gran-cuvee-extra-brut-rosado-botella-x-750-ml/p
1,Olímpica,espumoso,VINO ESPUM ALTEZA BCO 750 ML,Alteza,50500,50500,https://www.olimpica.com/vino-espum-alteza-bco-750-ml/p
1,Olímpica,espumoso,VINO ESPUM ALTEZA RSDO 750 ML,Alteza,50900,50900,https://www.olimpica.com/vino-espum-alteza-rsdo-750-ml/p
1,Olímpica,espumoso,VINO ESPUM BARON DE VALLS ICE BCO 750ML,Fruver Lista C,36562,36562,https://www.olimpica.com/vino-espum-baron-de-valls-ice-bco-750ml/p
1,Olímpica,espumoso,VINO ESPUM BARON DE VALLS ICE RSDO 750ML,Fruver Lista C,36562,36562,https://www.olimpica.com/vino-espum-baron-de-valls-ice-rsdo-750ml/p
1,Olímpica,espumoso,VINO ESPUM BRUT JAUME SERRA RSDO 750ML,Jaume Serra,65300,65300,https://www.olimpica.com/vino-espum-brut-jaume-serra-rsdo-750ml/p
1,Olímpica,espumoso,VINO ESPUM CASANOVA BCO 750 ML,Casanova,30900,30900,https://www.olimpica.com/vino-espum-casanova-bco-750-ml/p
1,Olímpica,espumoso,VINO ESPUM CASANOVA RSDO 750 ML,Casanova,30900,30900,https://www.olimpica.com/vino-espum-casanova-rsdo-750-ml/p
1,Olímpica,espumoso,VINO ESPUM CHANDON DEMISEC BCO DEL 750ML,Chandon,101900,101900,https://www.olimpica.com/vino-espum-chandon-demisec-bco-del-750ml/p
1,Olímpica,espumoso,VINO ESPUM CUVE EDONE MARIA 750 ML,Cuvee,101000,101000,https://www.olimpica.com/vino-espum-cuve-edone-maria-750-ml/p
1,Olímpica,espumoso,VINO ESPUM JP DIVINE MUSCAT 750ML,J.P Chenet,59150,59150,https://www.olimpica.com/vino-espum-jp-divine-muscat-750ml/p
1,Olímpica,espumoso,VINO ESPUM MOELIA BLANCO BRUT BOT 750ML,MOELIA,68900,68900,https://www.olimpica.com/vino-espum-moelia-blanco-brut-bot-750ml/p
1,Olímpica,espumoso,VINO ESPUM MOELIA ROSÉ DEMI SEC BOT 750M,MOELIA,68900,68900,https://www.olimpica.com/vino-espum-moelia-rose-demi-sec-bot-750m/p
1,Olímpica,espumoso,VINO ESPUM NUIT DOREE BCO SEC BLAC 750ML,NUIT DOREE,59900,59900,https://www.olimpica.com/vino-espum-nuit-doree-bco-sec-blac-750ml/p
1,Olímpica,espumoso,VINO ESPUM NUIT DORÉE BCO SEC ICE 750ML,NUIT DOREE,59900,59900,https://www.olimpica.com/vino-espum-nuit-doree-bco-sec-ice-750ml/p
1,Olímpica,espumoso,VINO ESPUM NUIT DORÉE ROSÉ DEMI-SEC 750M,NUIT DOREE,59900,59900,https://www.olimpica.com/vino-espum-nuit-doree-rose-demi-sec-750m/p
1,Olímpica,espumoso,VINO ESPUM SAINT LOUIS BRUT ROSE 750ML,Saint Louis,37797,37797,https://www.olimpica.com/vino-espum-saint-louis-brut-rose-750ml/p
1,Jumbo,espumoso,Vino Espum. Refreshing Love White Blue. App.750ml,REFRESHING LOVE,68990,68990,https://www.jumbocolombia.com/vino-espum--refreshing-love-white-blue--app-750ml-402658/p
1,Vinos El Kiosco,espumoso,Vino Espumante Dominga Brut &#8211; Rosé Chardonnay &#8211; Pinot Noir,,66000,66000,https://www.vinoselkiosco.com/tienda/vino-espumante-dominga-brut-rose-chardonnay-pinot-noir/
1,Vinos El Kiosco,espumoso,Vino Espumante Dominga Brut Chardonnay,,66000,66000,https://www.vinoselkiosco.com/tienda/vino-espumante-dominga-brut-chardonnay/
1,Jumbo,espumoso,Vino espumante frizzantino brut bot.x750ml,FRIZZANTINO,31990,31990,https://www.jumbocolombia.com/vino-espumante-frizzantino-brut-bot-x750ml/p
1,Jumbo,espumoso,Vino espumante frizzantino rose bot.x750ml,FRIZZANTINO,31990,31990,https://www.jumbocolombia.com/vino-espumante-frizzantino-rose-bot-x750ml/p
1,Vinos El Kiosco,espumoso,Vino Espumante Norton Cosecha Especial Brut Rosé 750 mL,,71200,71200,https://www.vinoselkiosco.com/tienda/vino-espumante-norton-cosecha-especial-brut-rose-750-ml/
1,Vinos El Kiosco,espumoso,Vino Espumante Norton Cosecha Especial Extra Brut 750 mL,,90700,90700,https://www.vinoselkiosco.com/tienda/vino-espumante-norton-cosecha-especial-extra-brut-750-ml/
1,Olímpica,espumoso,Vino Espumante Triviento Tribu Demi Sec 750 Ml,Trivento,39900,39900,https://www.olimpica.com/vino-trivento-tribu-spark-demi-sec-750ml/p
1,Vinos El Kiosco,espumoso,Vino Espumoso Alamos Espumante,,120600,120600,https://www.vinoselkiosco.com/tienda/alamos-espumante/
1,Vinos El Kiosco,espumoso,Vino Espumoso B&#038;G Chardonnay Brut-Cuvée Réservée 750,,77700,77700,https://www.vinoselkiosco.com/tienda/vino-espumoso-bg-chardonnay-brut-cuvee-reservee-750/
1,Dislicores,espumoso,Vino Espumoso Baron De Rothberg Demi Sec Airén,Baron de Rothberg,39990,39990,https://www.dislicores.com/vino-espumoso-baron-de-rothberg-demi-sec-airen-ref106045/p
1,Jumbo,espumoso,Vino Espumoso Baron de Rothberg demisec 750ml,BROTHBERG,46990,46990,https://www.jumbocolombia.com/vino-espumoso-baron-de-rothberg-demisec-750ml-59968/p
1,Jumbo,espumoso,Vino Espumoso Baron de Rothberg Rose Brut 750ml,BROTHBERG,46990,46990,https://www.jumbocolombia.com/vino-espumoso-baron-de-rothberg-rose-brut-750ml-53001/p
1,Olímpica,espumoso,Vino Espumoso Blanco Black Jack Gran Brindis 750 Ml,Gran Brindis,25400,25400,https://www.olimpica.com/vino-espumoso-black-jack-gran-brindi-rosado-750ml-7702356211217-2168570/p
1,Vinos El Kiosco,espumoso,Vino Espumoso Blanco Brut Nature,,47600,47600,https://www.vinoselkiosco.com/tienda/vino-espumoso-blanco-brut-nature/
1,Dislicores,espumoso,Vino Espumoso Blanco Calvet Celebration Brut,Calvet,86500,86500,https://www.dislicores.com/vino-espumoso-blanco-calvet-celebration-brut-ref143346/p
1,Olímpica,espumoso,Vino Espumoso Blanco Casa Grajales Samaría Semi Sec 750 Ml,Samaria,34900,34900,https://www.olimpica.com/vino-samaria-gran-rsva-bca-750ml/p
1,Olímpica,espumoso,Vino Espumoso Blanco Jaume Serra Cava 750 Ml,Jaume Serra,83000,83000,https://www.olimpica.com/vino-jaume-serra-espum-bco-750-ml/p
1,Jumbo,espumoso,Vino Espumoso Botticello Lambrusco Bianco 750ml,BOTTICELLO,43990,43990,https://www.jumbocolombia.com/vino-espumoso-botticello-lambrusco-bianco-750ml-343129/p
1,Jumbo,espumoso,Vino Espumoso Botticello Lambrusco Rosato 750ml,BOTTICELLO,43990,43990,https://www.jumbocolombia.com/vino-espumoso-botticello-lambrusco-rosato-750ml-343175/p
1,Jumbo,espumoso,Vino Espumoso Botticello Lambrusco Rosso 750ml,BOTTICELLO,43990,43990,https://www.jumbocolombia.com/vino-espumoso-botticello-lambrusco-rosso-750ml-343146/p
1,Vinos El Kiosco,espumoso,Vino Espumoso Brachetto Piemonte DOC,,115600,115600,https://www.vinoselkiosco.com/tienda/brachetto-piemonte-doc/
1,Dislicores,espumoso,Vino Espumoso Brut Baron De Rothberg Airén,Baron de Rothberg,39990,39990,https://www.dislicores.com/vino-espumoso-brut-baron-de-rothberg-airen-ref106040/p
1,Jumbo,espumoso,Vino Espumoso Canti Prosecco Doc Millesimato750ml,CANTI,89990,89990,https://www.jumbocolombia.com/vino-espumoso-canti-prosecco-doc-millesimato750ml-343135/p
1,Vinos El Kiosco,espumoso,Vino Espumoso Cantina Di Sorbara Bianco Dell´Emilia,,51700,51700,https://www.vinoselkiosco.com/tienda/cantina-di-sorbara-bianco-dellemilia/
1,Vinos El Kiosco,espumoso,Vino Espumoso Cantina Di Sorbara Di Modena Il Duomo,,51700,51700,https://www.vinoselkiosco.com/tienda/cantina-di-sorbara-di-modena-il-duomo/
1,Vinos El Kiosco,espumoso,Vino Espumoso Cantina Di Sorbara Di Modena Rose,,49900,49900,https://www.vinoselkiosco.com/tienda/cantina-di-sorbara-di-modena-rose/
1,Vinos El Kiosco,espumoso,Vino Espumoso Casillero Sparkling Wine Brut,,99900,99900,https://www.vinoselkiosco.com/tienda/vino-casillero-sparkling-wine-brut/
1,Dislicores,espumoso,Vino Espumoso Cava Jaume Serra Brut Nature Piba,Jaume Serra,17990,17990,https://www.dislicores.com/vino-espumoso-cava-jaume-serra-brut-nature-piba-ref115079/p
1,Dislicores,espumoso,Vino Espumoso Cava Jaume Serra Brut Nature Reserva,Jaume Serra,83990,83990,https://www.dislicores.com/vino-espumoso-cava-jaume-serra-brut-nature-reserva--ref115087/p
1,Vinos El Kiosco,espumoso,Vino Espumoso Chandon Brut Nature 750,,129100,129100,https://www.vinoselkiosco.com/tienda/vino-espumoso-chandon-brut-nature-750/
1,Jumbo,espumoso,Vino Espumoso Chandon delice demisec 750 ml,CHANDON,102990,102990,https://www.jumbocolombia.com/vino-espumoso-chandon-delice-demisec-750-ml-243310/p
1,Jumbo,espumoso,Vino Espumoso Chandon Etra Brut 750ml,CHANDON,102990,102990,https://www.jumbocolombia.com/vino-espumoso-chandon-etra-brut-750ml-8315/p
1,Dislicores,espumoso,Vino espumoso Chandon Extra Brut Box,Chandon,91000,91000,https://www.dislicores.com/vino-espumoso-chandon-extra-brut-box-ref200011/p
1,Dislicores,espumoso,Vino Espumoso Chandon Extra Brut mas Chandon Extra Brut Rose,Chandon,161990,161990,https://www.dislicores.com/vino-espumoso-chandon-extra-brut-mas-chandon-estra-brut-rose-ref-of200003/p
1,Dislicores,espumoso,Vino espumoso Chandon Extra Brut Piba,Chandon,26990,26990,https://www.dislicores.com/vino-espumoso-chandon-extra-brut-piba-ref200016/p
1,Dislicores,espumoso,Vino espumoso Chandon Extra Brut Rosé,Chandon,89500,89500,https://www.dislicores.com/vino-espumoso-chandon-extra-brut-rose-ref200009/p
1,Dislicores,espumoso,Vino espumoso Chandon Extra Brut Rosé Box,Chandon,91500,91500,https://www.dislicores.com/vino-espumoso-chandon-extra-brut-rose-box-ref200012/p
1,Dislicores,espumoso,Vino espumoso Chandon Extra Brut Rosé Piba,Chandon,26990,26990,https://www.dislicores.com/vino-espumoso-chandon-extra-brut-rose-piba-ref200010/p
1,Jumbo,espumoso,Vino espumoso Chandon extra brut x750ml,CHANDON,102990,102990,https://www.jumbocolombia.com/vino-espumoso-chandon-extra-brut-x-750-ml/p
1,Jumbo,espumoso,Vino Espumoso Chandon Extrabrut 750 ml  Botella 375ml,CHANDON,,,https://www.jumbocolombia.com/vino-espumoso-chandon-extrabrut-750-ml--botella-375ml-372257/p
1,Jumbo,espumoso,Vino espumoso Chandon rose brut x750ml,CHANDON,102990,102990,https://www.jumbocolombia.com/vino-espumoso-chandon-rose-brut-x-750-ml/p
1,Vinos El Kiosco,espumoso,Vino Espumoso Chardonay Brut 750,,44000,44000,https://www.vinoselkiosco.com/tienda/vino-espumoso-chardonay-brut-750/
1,Jumbo,espumoso,Vino espumoso Cinzano To Spritz x750ml,CINZANO,63990,63990,https://www.jumbocolombia.com/vino-espumoso-cinzano-prosseco-dry-spritz-x750ml/p
1,Jumbo,espumoso,Vino Espumoso Codorniu Anna Brut Blanc 750 ml,ANNA,150990,150990,https://www.jumbocolombia.com/vino-espumoso-codorniu-anna-brut-blanc-750-ml-36189/p
1,Jumbo,espumoso,Vino Espumoso Codorniu Anna Ice Editi.Blanc 750ml,CODORNIU,113990,113990,https://www.jumbocolombia.com/vino-espumoso-codorniu-anna-ice-editi-blanc-750ml-280644/p
1,Jumbo,espumoso,Vino Espumoso Codorniu Anna Ice Edition Rose750ml,CODORNIU,113990,113990,https://www.jumbocolombia.com/vino-espumoso-codorniu-anna-ice-edition-rose750ml-280650/p
1,Jumbo,espumoso,Vino Espumoso Codorniu Cava Brut Cuvee Clas.750ml,CODORNIU,125990,125990,https://www.jumbocolombia.com/vino-espumoso-codorniu-cava-brut-cuvee-clas-750ml-8418/p
1,Jumbo,espumoso,Vino Espumoso Codorniu Cava Brut Rose 750ml,CODORNIU,118990,118990,https://www.jumbocolombia.com/vino-espumoso-codorniu-cava-brut-rose-750ml-8422/p
1,Olímpica,espumoso,Vino Espumoso Codorníu Demi Sec 750 Ml,Codorniu,74457,74457,https://www.olimpica.com/vino-espumoso-codorniu-demisec-750-ml-8410013383014-230804/p
1,Jumbo,espumoso,Vino Espumoso Edone C.de Maria Chardon.Brut 750ml,EDONE,103990,103990,https://www.jumbocolombia.com/vino-espumoso-edone-c-de-maria-chardon-brut-750ml-59137/p
1,Vinos El Kiosco,espumoso,Vino Espumoso Edone Cuvee De Maria,,80500,80500,https://www.vinoselkiosco.com/tienda/edone-cuvee-de-maria/
1,Vinos El Kiosco,espumoso,Vino Espumoso Franciacorta Blanc de Blancs DOCG,,88300,88300,https://www.vinoselkiosco.com/tienda/franciacorta-blanc-de-blancs-docg/
1,Vinos El Kiosco,espumoso,"Vino Espumoso Franciacorta Rose 2011, DOCG",,89600,89600,https://www.vinoselkiosco.com/tienda/franciacorta-rose-2011-docg/
1,Dislicores,espumoso,Vino Espumoso Freixenet Cordon Negro Gratis Brumax Splash,Freixenet,103500,103500,https://www.dislicores.com/vino-espumoso-freixenet-cordon-negro-gratis-brumax-splash-ref140007/p
1,Dislicores,espumoso,Vino Espumoso Freixenet Negro mas 2 Vasos Dorados,Freixenet,103990,103990,https://www.dislicores.com/vino-espumoso-freixenet-negro-mas-2-vasos-dorados-ref-of140009/p
1,Jumbo,espumoso,Vino Espumoso Giacobazzi Lambrusco Bianco 750ml,GIACOBAZZI,31990,31990,https://www.jumbocolombia.com/vino-espumoso-giacobazzi-lambrusco-bianco-750ml-101911/p
1,Jumbo,espumoso,Vino Espumoso Giacobazzi Lambrusco Rosato 750ml,GIACOBAZZI,31990,31990,https://www.jumbocolombia.com/vino-espumoso-giacobazzi-lambrusco-rosato-750ml-101913/p
1,Jumbo,espumoso,Vino Espumoso Giacobazzi Lambrusco Rosso 750ml,GIACOBAZZI,31990,31990,https://www.jumbocolombia.com/vino-espumoso-giacobazzi-lambrusco-rosso-750ml-101908/p
1,Olímpica,espumoso,Vino Espumoso Greyman Blanco de Blanos 750 Ml,Greyman,36250,36250,https://www.olimpica.com/vino-espumoso-greyman-blanco-de-blanos-750ml-3191010040111-708063/p
1,Jumbo,espumoso,Vino Espumoso J.Kieffer Brut 750ml,J KIEFFER,29990,29990,https://www.jumbocolombia.com/vino-espumoso-j-kieffer-brut-750ml-14134/p
1,Jumbo,espumoso,Vino Espumoso J.Kieffer demisec 750ml,J KIEFFER,29990,29990,https://www.jumbocolombia.com/vino-espumoso-j-kieffer-demisec-750ml-14137/p
1,Dislicores,espumoso,Vino Espumoso Jaume Serra Ice Blanco Demi- Sec,Jaume Serra,72990,72990,https://www.dislicores.com/vino-espumoso-jaume-serra-ice-blanco-demi-sec-ref115078/p
1,Jumbo,espumoso,Vino espumoso Jaume Serra ice Rosado x750ml,JAUME SERRA,85990,85990,https://www.jumbocolombia.com/vino-espumoso-jaume-serra-ice-rosado-demisecx750ml-3448468/p
1,Dislicores,espumoso,Vino Espumoso Jp Chenet  Brut Variedad De Uvas,JP Chenet,65000,65000,https://www.dislicores.com/vino-espumoso-jp-chenet--brut-variedad-de-uvas--ref106025/p
1,Dislicores,espumoso,Vino Espumoso Jp Chenet  Brut Variedad De Uvas Piba,JP Chenet,20500,20500,https://www.dislicores.com/vino-espumoso-jp-chenet--brut-variedad-de-uvas-piba-ref106020/p
1,Dislicores,espumoso,Vino Espumoso Jp Chenet  Fashion Strawberry  Piba,JP Chenet,24500,24500,https://www.dislicores.com/vino-espumoso-jp-chenet--fashion-strawberry--piba-ref106039/p
1,Dislicores,espumoso,Vino Espumoso Jp Chenet Demi Sec Ice Blanco Variedad De Uva,JP Chenet,72990,72990,https://www.dislicores.com/vino-espumoso-jp-chenet-demi-sec-ice-blanco-variedad-de-uva-ref106033/p
1,Dislicores,espumoso,Vino Espumoso Jp Chenet Demi-Sec Variedad De Uvas,JP Chenet,65000,65000,https://www.dislicores.com/vino-espumoso-jp-chenet-demi-sec-variedad-de-uvas-ref106030/p
1,Jumbo,espumoso,Vino Espumoso Jp Chenet Divine Chard. Brut 750 ml,JP CHENET,103990,103990,https://www.jumbocolombia.com/vino-espumoso-jp-chenet-divine-chard--brut-750-ml-182604/p
1,Jumbo,espumoso,Vino Espumoso Jp Chenet Divine Muscat demis.750ml,JP CHENET,93990,93990,https://www.jumbocolombia.com/vino-espumoso-jp-chenet-divine-muscat-demis-750ml-261071/p
1,Olímpica,espumoso,Vino Espumoso Jp Chenet Fashion Cassis 750 Ml,J.P Chenet,56290,56290,https://www.olimpica.com/vino-esp-jp-chenet-fashion-cassis-750ml/p
1,Dislicores,espumoso,Vino Espumoso Jp Chenet Fashion Cassis Variedad De Uvas Piba,JP Chenet,24500,24500,https://www.dislicores.com/vino-espumoso-jp-chenet-fashion-cassis-variedad-de-uvas-piba-ref106038/p
1,Jumbo,espumoso,Vino espumoso Jp Chenet Fashion cassis x200ml,JP CHENET,25990,25990,https://www.jumbocolombia.com/vino-espumoso-jp-chenet-fashion-cassis-x200ml/p
1,Olímpica,espumoso,Vino Espumoso Jp Chenet Fashion Strawberry 750 Ml,J.P Chenet,58500,58500,https://www.olimpica.com/vino-espumoso-jp-chenet-fash-strawberr-750ml-3500610102493-2038589/p
1,Dislicores,espumoso,Vino Espumoso Jp Chenet Fashion Strawberry Variedad De Uvas,JP Chenet,79990,79990,https://www.dislicores.com/vino-espumoso-jp-chenet-fashion-strawberry-variedad-de-uvas-ref106037/p
1,Jumbo,espumoso,Vino Espumoso Jp Chenet Fizzy Bellini Lata 250 ml,JP CHENET,11990,11990,https://www.jumbocolombia.com/vino-espumoso-jp-chenet-fizzy-bellini-lata-250-ml-406534/p
1,Jumbo,espumoso,Vino Espumoso Jp Chenet Fizzy Bln.Lata 4250ml C-U,JP CHENET,47990,47990,https://www.jumbocolombia.com/vino-espumoso-jp-chenet-fizzy-bln-lata-4250ml-c-u-201240/p
1,Jumbo,espumoso,Vino Espumoso Jp Chenet Fizzy Mimosa Lata 250 ml,JP CHENET,12990,12990,https://www.jumbocolombia.com/vino-espumoso-jp-chenet-fizzy-mimosa-lata-250-ml-271891/p
1,Jumbo,espumoso,Vino Espumoso Jp Chenet Fizzy Rosado Lata 250ml,JP CHENET,12990,12990,https://www.jumbocolombia.com/vino-espumoso-jp-chenet-fizzy-rosado-lata-250ml-148987/p
1,Jumbo,espumoso,Vino Espumoso Jp Chenet Fizzy Rouge Lata 250 ml,JP CHENET,11990,11990,https://www.jumbocolombia.com/vino-espumoso-jp-chenet-fizzy-rouge-lata-250-ml-406531/p
1,Jumbo,espumoso,Vino espumoso Jp Chenet Fizzy Spritz lata x250ml,JP CHENET,12990,12990,https://www.jumbocolombia.com/vino-espumoso-jp-chenet-fizzy-spritz-lata-x250ml/p
1,Jumbo,espumoso,Vino Espumoso Jp Chenet Fizzyrosado Lata4250mlc-U,JP CHENET,47990,47990,https://www.jumbocolombia.com/vino-espumoso-jp-chenet-fizzyrosado-lata4250mlc-u-201241/p
1,Jumbo,espumoso,Vino Espumoso JP Chenet Ice 750ml + Bolso Viajero,JP CHENET,,,https://www.jumbocolombia.com/vino-espumoso-jp-chenet-ice-750ml-372260/p
1,Dislicores,espumoso,Vino Espumoso Jp Chenet Ice Blanco Variedad de Uva Piba,JP Chenet,22500,22500,https://www.dislicores.com/vino-espumoso-jp-chenet-ice-blanco-variedad-de-uva-piba-ref106034/p
1,Olímpica,espumoso,Vino Espumoso Jp Chenet Ice Edition Rosado 200 Ml,J.P Chenet,16185,16185,https://www.olimpica.com/vino-jp-chenet-espum-rosado-200ml/p
1,Jumbo,espumoso,Vino Espumoso Jp Chenet Ice Edition Rose 200ml,JP CHENET,23990,23990,https://www.jumbocolombia.com/vino-espumoso-jp-chenet-ice-edition-rose-200ml-251014/p
1,Dislicores,espumoso,Vino Espumoso Jp Chenet Ice Rosado Piba Variedad Uvas Piba,JP Chenet,22500,22500,https://www.dislicores.com/vino-espumoso-jp-chenet-ice-rosado-piba-variedad-uvas-piba-ref106028/p
1,Dislicores,espumoso,Vino Espumoso Jp Chenet Ice Rosado Variedad De Uvas,JP Chenet,72990,72990,https://www.dislicores.com/vino-espumoso-jp-chenet-ice-rosado-variedad-de-uvas--ref106027/p
1,Jumbo,espumoso,Vino Espumoso Jp Chenet Rose 750ml,JP CHENET,68990,68990,https://www.jumbocolombia.com/vino-espumoso-jp-chenet-rose-750ml-14141/p
1,Dislicores,espumoso,Vino Espumoso Jp Chenet Rosé Bobal,JP Chenet,65000,65000,https://www.dislicores.com/vino-espumoso-jp-chenet-rose-bobal--ref106035/p
1,Jumbo,espumoso,Vino Espumoso Jp Chenet Rose Dry 200 ml,JP CHENET,28990,28990,https://www.jumbocolombia.com/vino-espumoso-jp-chenet-rose-dry-200-ml-14142/p
1,Olímpica,espumoso,Vino Espumoso Jp Chenet Sparkl Rosado 200 Ml,J.P Chenet,16185,16185,https://www.olimpica.com/vino-espum-jp-chenet-sparkl-rose-200/p
1,Dislicores,espumoso,Vino Espumoso Jp Chenet Sparlking  Rose Bobal Piba,JP Chenet,20500,20500,https://www.dislicores.com/vino-espumoso-jp-chenet-sparlking--rose-bobal-piba--ref106015/p
1,Dislicores,espumoso,Vino Espumoso Jp Divine Muscat,JP Chenet,83500,83500,https://www.dislicores.com/vino-espumoso-jp-divine-muscat-ref106004/p
1,Jumbo,espumoso,Vino Espumoso Jpchenet Fizzyspritz Lata 4250mlc-U,JP CHENET,49990,49990,https://www.jumbocolombia.com/vino-espumoso-jpchenet-fizzyspritz-lata-4250mlc-u-260517/p
1,Vinos El Kiosco,espumoso,Vino Espumoso Le Marchesine Franciacorta Brut DOCG,,111700,111700,https://www.vinoselkiosco.com/tienda/le-marchesine-franciacorta-brut-docg/
1,Vinos El Kiosco,espumoso,Vino Espumoso Maschio Spumante Rose Extra Dry,,111500,111500,https://www.vinoselkiosco.com/tienda/maschio-spumante-rose-extra-dry/
1,Jumbo,espumoso,Vino Espumoso Medici Ermete Lambrusco Rosato750ml,LAMBRUSCO,59490,59490,https://www.jumbocolombia.com/vino-espumoso-medici-ermete-lambrusco-rosato750ml-14249/p
1,Olímpica,espumoso,Vino Espumoso Mionetto Prosecco Doc Treviso 750 Ml,Mionetto,95000,95000,https://www.olimpica.com/vino-espum-mionetto-proseco-750-ml/p
1,Jumbo,espumoso,Vino Espumoso Moelia Mousseu Blanc Brut 750ml,MOELIA,60990,60990,https://www.jumbocolombia.com/vino-espumoso-moelia-mousseu-blanc-brut-750ml-343149/p
1,Jumbo,espumoso,Vino Espumoso Moelia Mousseu Rose demisec 750ml,MOELIA,60990,60990,https://www.jumbocolombia.com/vino-espumoso-moelia-mousseu-rose-demisec-750ml-343181/p
1,Dislicores,espumoso,Vino Espumoso Navarro Correas Extra Brut piba,Navarro Correas,29990,29990,https://www.dislicores.com/vino-espumoso-navarro-correas-extra-brut-piba-ref128030/p
1,Jumbo,espumoso,Vino espumoso Navarro correas extra brut x 750ml,NAVARRO CORREAS,106990,106990,https://www.jumbocolombia.com/vino-espumoso-navarro-correas-extra-br-ut-x-750-ml/p
1,Jumbo,espumoso,Vino Espumoso Nuit Doree Black Edition Sec 750ml,NUIT DORÉE,56990,56990,https://www.jumbocolombia.com/vino-espumoso-nuit-doree-black-edition-sec-750ml-343159/p
1,Jumbo,espumoso,Vino Espumoso Nuit Doree Ice Edit. Rose dem.750ml,NUIT DORÉE,49990,49990,https://www.jumbocolombia.com/vino-espumoso-nuit-doree-ice-edit--rose-dem-750ml-343167/p
1,Jumbo,espumoso,Vino Espumoso Nuit Doree Ice Edit.Blanc Sec.750ml,NUIT DORÉE,56990,56990,https://www.jumbocolombia.com/vino-espumoso-nuit-doree-ice-edit-blanc-sec-750ml-343138/p
1,Jumbo,espumoso,Vino Espumoso Ognigiorno Lambrusco Rosato 750ml,OGNIGIORNO,60990,60990,https://www.jumbocolombia.com/vino-espumoso-ognigiorno-lambrusco-rosato-750ml-187464/p
1,Jumbo,espumoso,Vino Espumoso Ognigiorno Lambrusco Rosso 750ml,OGNIGIORNO,69590,69590,https://www.jumbocolombia.com/vino-espumoso-ognigiorno-lambrusco-rosso-750ml-187462/p
1,Jumbo,espumoso,Vino Espumoso Oro Veneto Prosecco Etra Dry 750ml,ORO VENETO,92990,92990,https://www.jumbocolombia.com/vino-espumoso-oro-veneto-prosecco-etra-dry-750ml-59969/p
1,Carulla,espumoso,Vino espumoso PICCINI extra dry  (750  ml),PICCINI,124900,124900,https://www.carulla.com/prosecco-extra-dry-piccini-750-ml-3014991/p
1,Jumbo,espumoso,Vino Espumoso Piccini Lambrusco Bianco 750ml,PICCINI,59990,59990,https://www.jumbocolombia.com/vino-espumoso-piccini-lambrusco-bianco-750ml-126682/p
1,Jumbo,espumoso,Vino Espumoso Piccini Lambrusco Rosato Regg.750ml,PICCINI,59990,59990,https://www.jumbocolombia.com/vino-espumoso-piccini-lambrusco-rosato-regg-750ml-49661/p
1,Jumbo,espumoso,Vino Espumoso Piccini Lambrusco Rosso Regg. 750ml,PICCINI,58400,58400,https://www.jumbocolombia.com/vino-espumoso-piccini-lambrusco-rosso-regg--750ml-49668/p
1,Dislicores,espumoso,Vino Espumoso Prosecco Mionetto Brut Glera,Mionetto,88990,88990,https://www.dislicores.com/vino-espumoso-prosecco-mionetto-brut-glera-ref140015/p
1,Dislicores,espumoso,Vino Espumoso Prosecco Mionetto Brut Glera Magnum,Mionetto,187500,187500,https://www.dislicores.com/vino-espumoso-prosecco-mionetto-brut-glera-magnum-ref140010/p
1,Dislicores,espumoso,Vino Espumoso Prosecco Mionetto Rose,Mionetto,92990,92990,https://www.dislicores.com/vino-espumoso-prosecco-mionetto-rose-ref140011/p
1,Vinos El Kiosco,espumoso,Vino Espumoso Raventos Blanc De Blanc,,154600,154600,https://www.vinoselkiosco.com/tienda/raventos-blanc-de-blanc/
1,Vinos El Kiosco,espumoso,Vino Espumoso Raventos De Nit Sparkling Conca Del Riu Anoia,,172800,172800,https://www.vinoselkiosco.com/tienda/raventos-de-nit-sparkling-conca-del-riu-anoia/
1,Vinos El Kiosco,espumoso,Vino Espumoso Recaredo Intens Rosat Brut Nature Gran Reserva,,259200,259200,https://www.vinoselkiosco.com/tienda/recaredo-intens-rosat-brut-nature-gran-reserva/
1,Vinos El Kiosco,espumoso,Vino Espumoso Recaredo Serral Del Vell Brut Nature Alt Penedes,,373700,373700,https://www.vinoselkiosco.com/tienda/recaredo-serral-del-vell-brut-nature-alt-penedes/
1,Vinos El Kiosco,espumoso,Vino Espumoso Recaredo Terrers Brut Nature Gran Reserva,,238200,238200,https://www.vinoselkiosco.com/tienda/recaredo-terrers-brut-nature-gran-reserva/
1,Éxito,espumoso,Vino espumoso RICCADONNA moscato Moscato (750  ml),RICCADONNA,78600,78600,https://www.exito.com/vino-espumoso-moscato-riccadonna-moscato-750-ml-3240121/p
1,Olímpica,espumoso,Vino Espumoso Riccadonna Prosecco 750 Ml,Riccadonna,87150,87150,https://www.olimpica.com/vino-riccadonna-espumoso-prosecco-750ml-8000368202605-2073998/p
1,Éxito,espumoso,Vino espumoso RICCADONNA ruby Blend (750  ml),RICCADONNA,78600,78600,https://www.exito.com/vino-espumoso-ruby-riccadonna-blend-750-ml-3240122/p
1,Jumbo,espumoso,Vino Espumoso Rivarose Rose Brut Prestige 750ml,RIVAROSE,134990,134990,https://www.jumbocolombia.com/vino-espumoso-rivarose-rose-brut-prestige-750ml-365088/p
1,Carulla,espumoso,Vino Espumoso Rojo Americo Croatina Batti X 750 ml,AMERICO VESPVCCI,,,https://www.carulla.com/vespumante-tto-croatina-batti-653252/p
1,Olímpica,espumoso,Vino Espumoso Rosado Casa Grajales Samaría 750 Ml,Samaria,33900,33900,https://www.olimpica.com/vino-samaria-gran-rsva-rsda-750ml/p
1,Olímpica,espumoso,Vino Espumoso Rosado Ice 750 Ml,Brut,69900,69900,https://www.olimpica.com/vino-espum-ice-rose-750ml/p
1,Olímpica,espumoso,Vino Espumoso Rosado Jaume Serra Demi Sec 750 Ml,Jaume Serra,83000,83000,https://www.olimpica.com/vino-jaume-serra-esp-rosa-demisec-750ml/p
1,Olímpica,espumoso,Vino Espumoso Rosado Jp Chenet en Lata 250 Ml,Jf,10700,10700,https://www.olimpica.com/vino-jp-chenet-fizzy-rsdo-lata-250-ml/p
1,Olímpica,espumoso,Vino Espumoso Rosado Santillana 750 Ml,Santillana,29350,29350,https://www.olimpica.com/vino-espumoso-santillan-rosado-750-ml-7703518010129-1048987/p
1,Vinos El Kiosco,espumoso,Vino Espumoso Saint-Louis Brut Blanc de Blancs 750,,45200,45200,https://www.vinoselkiosco.com/tienda/vino-espumoso-saint-louis-brut-blanc-de-blancs-750/
1,Jumbo,espumoso,Vino espumoso Sandara blanc x750ml,SANDARA,97990,97990,https://www.jumbocolombia.com/vino-espumoso-sandara-blanc-x-750-ml/p
1,Jumbo,espumoso,Vino espumoso Sandara rose x750ml,SANDARA,97990,97990,https://www.jumbocolombia.com/vino-espumoso-sandara-rose-x-750-ml/p
1,Jumbo,espumoso,Vino Espumoso Santa Margherita Prosecco Docg750ml,SANTA MARGHERITA,191990,191990,https://www.jumbocolombia.com/vino-espumoso-santa-margherita-prosecco-docg750ml-388009/p
1,Jumbo,espumoso,Vino Espumoso Santa Margherita Prosecco Rose750ml,SANTA MARGHERITA,189990,189990,https://www.jumbocolombia.com/vino-espumoso-santa-margherita-prosecco-rose750ml-388023/p
1,Jumbo,espumoso,Vino espumoso santiago 1541 demisec x 750 ml,SANTIAGO 1541,77990,77990,https://www.jumbocolombia.com/vino-espumoso-santiago-1541-demisec-x-750-ml/p
1,Jumbo,espumoso,Vino espumoso Schlumberger rose x 750 ml,SCHLUMBERGER,55990,55990,https://www.jumbocolombia.com/vino-espumoso-schlumberger-rose-x-750-ml/p
1,Jumbo,espumoso,Vino Espumoso Sire de Beaupre Brut 750ml,SIRE,25990,25990,https://www.jumbocolombia.com/vino-espumoso-sire-de-beaupre-brut-750ml-14133/p
1,Jumbo,espumoso,Vino Espumoso Sire de Beaupre demisec 750ml,SIRE,25990,25990,https://www.jumbocolombia.com/vino-espumoso-sire-de-beaupre-demisec-750ml-14135/p
1,Vinos El Kiosco,espumoso,Vino Espumoso Sunrise Sparkling Brut 750,,42000,42000,https://www.vinoselkiosco.com/tienda/vino-sunrise-sparkling-brut-750/
1,Vinos El Kiosco,espumoso,Vino Espumoso Sunrise Sparkling Rose 750,,44100,44100,https://www.vinoselkiosco.com/tienda/vino-sunrise-sparkling-rose-750/
1,Jumbo,espumoso,Vino Espumoso Undurraga demisec 750ml,UNDURRAGA,69543,69543,https://www.jumbocolombia.com/vino-espumoso-undurraga-demisec-750ml-8593/p
1,Olímpica,espumoso,Vino Espumoso Undurraga Semi Seco 750 Ml,Undurraga,62280,62280,https://www.olimpica.com/vino-undurraga-espumoso-semi-seco-750-ml-7804315000235-775964/p
1,Vinos El Kiosco,espumoso,Vino Espumoso Undurraga Sparkling Demi Sec,,84200,84200,https://www.vinoselkiosco.com/tienda/undurraga-sparkling-demi-sec/
1,Olímpica,espumoso,Vino Espumoso Valdivieso Demi Sec 750 Ml,Valdivieso,68900,68900,https://www.olimpica.com/vino-espumoso-valdivies-demisec-750-ml-7802180068046-1318904/p
1,Jumbo,espumoso,Vino Espumoso Valdivieso Rose demisec 750ml,VALDIVIESO,78990,78990,https://www.jumbocolombia.com/vino-espumoso-valdivieso-rose-demisec-750ml-14143/p
1,Jumbo,espumoso,Vino espumoso Vilarnau cava ice blanc x750ml,VILARNAU,106990,106990,https://www.jumbocolombia.com/vino-espumoso-vilarnau-cava-ice-blanc-x-750ml/p
1,Jumbo,espumoso,Vino espumoso Vilarnau cava semiseco x750ml,VILARNAU,106990,106990,https://www.jumbocolombia.com/vino-espumoso-vilarnau-cava-semiseco-x-750ml/p
1,Olímpica,espumoso,Vino Espumoso Zonin Brut Italia 750 Ml,Zonin,93437,93437,https://www.olimpica.com/vino-zonin-spumante-brut-italia-750-ml/p
1,Olímpica,espumoso,Vino Espumoso Zonin Prosecco Brut Cuvée 750 Ml,Zonin,143750,143750,https://www.olimpica.com/vino-zonin-espumante-brut-italia-750-ml-8002235004091-1177319/p
1,Jumbo,espumoso,Vino Espumoso Zonin Prosecco Doc Brut 200ml,ZONIN,32990,32990,https://www.jumbocolombia.com/vino-espumoso-zonin-prosecco-doc-brut-200ml-305466/p
1,Olímpica,espumoso,VINO INDOMITA ESPUMANTE 750ML BRUT GRAN,INDÓMITA,62545,62545,https://www.olimpica.com/vino-indomita-espumante-750ml-brut-gran/p
1,Olímpica,espumoso,VINO INDOMITA ESPUMANTE 750ML ROSE GRAN,INDÓMITA,60830,60830,https://www.olimpica.com/vino-indomita-espumante-750ml-rose-gran/p
1,Jumbo,espumoso,Vino Jaume Serra espumoso ice blanco x 750ml,JAUME SERRA,85990,85990,https://www.jumbocolombia.com/vino-jaume-serra-espumoso-ice-blanco-demisecx750ml-3408458/p
1,Jumbo,espumoso,Vino jean dorsene espumoso brut bot.x750ml,JEAN DORSENE,74690,74690,https://www.jumbocolombia.com/vino-jean-dorsene-espumoso-brut-bot-x750ml/p
1,Carulla,espumoso,Vino LA PIUMA MARCA EXCLUSIVA brut Otra Cepa (750  ml),LA PIUMA MARCA EXCLUSIVA,,,https://www.carulla.com/vino-la-piuma-marca-exclusiva-brut-otra-cepa-750-ml-3251442/p
1,Olímpica,espumoso,VINO LAMBRUSCO BOTTICELLO BIANCO DOLCE B,BOTTICELLO,43350,43350,https://www.olimpica.com/vino-lambrusco-botticello-bianco-dolce-b/p
1,Olímpica,espumoso,VINO LAMBRUSCO BOTTICELLO ROSATO DOLCE B,BOTTICELLO,41000,41000,https://www.olimpica.com/vino-lambrusco-botticello-rosato-dolce-b/p
1,Olímpica,espumoso,VINO LAMBRUSCO BOTTICELLO ROSSSO DOLCE B,BOTTICELLO,42600,42600,https://www.olimpica.com/vino-lambrusco-botticello-rossso-dolce-b/p
1,Vinos El Kiosco,espumoso,Vino Lambrusco Di Soraba Amore DOC,,392500,392500,https://www.vinoselkiosco.com/tienda/lambrusco-di-soraba-amore-doc/
1,Vinos El Kiosco,espumoso,Vino Lambrusco Lancellota 750,,28300,28300,https://www.vinoselkiosco.com/tienda/vino-lambrusco-lancellota-750/
1,Vinos El Kiosco,espumoso,Vino Lambrusco Moscato 750,,31900,31900,https://www.vinoselkiosco.com/tienda/vino-lambrusco-moscato-750/
1,Vinos El Kiosco,espumoso,Vino Lambrusco Rose 750,,48300,48300,https://www.vinoselkiosco.com/tienda/vino-lambrusco-rose-750/
1,Olímpica,espumoso,Vino Lambrusco Zonin Rosso Ogni Dell 750 Ml,Zonin,39097,39097,https://www.olimpica.com/vino-lambrusc-zonin-rosso-ogn-dell-750ml/p
1,Olímpica,espumoso,Vino Lambrusco Zonin Rosso Ogni Emi 750 Ml,Zonin,30075,30075,https://www.olimpica.com/vino-lambrusc-zonin-rosso-ogn-emi-750ml/p
1,Olímpica,espumoso,Vino Laurent Perrier Maison Brut 750 Ml,Lauren,460800,460800,https://www.olimpica.com/vino-laurent-maison-brut-750ml/p
1,Dislicores,espumoso,Vino Mionetto Prosecco Trevis mas Copa De Cristal,Mionetto,86500,86500,https://www.dislicores.com/vino-mionetto-prosecco-trevis-mas-copa-de-cristal-ref-of140011/p
1,Jumbo,espumoso,Vino Navarro Correas espumoso brut malbec rose x 750ml,NAVARRO CORREAS,113990,113990,https://www.jumbocolombia.com/vino-navarro-correasespum-brut-malb-rose-botx750ml/p
1,Olímpica,espumoso,VINO PROSECCO ZONIN BRUT CUVE 1821 200ML,Zonin,22002,22002,https://www.olimpica.com/vino-prosecco-zonin-brut-cuve-1821-200ml/p
1,Olímpica,espumoso,Vino Prosecco Zonin Brut Cuvee 1821 200 Ml,Zonin,24700,24700,https://www.olimpica.com/vino-prosecco-zonin-brut-c-1821-200ml/p
1,Éxito,espumoso,Vino RICCADONNA  Moscato (750  ml),RICCADONNA,78700,78700,https://www.exito.com/vino-riccadonna-moscato-750-ml-134607/p
1,Jumbo,espumoso,Vino Riunite Lambrusco Rose Bot 750ml,RIUNITE,55990,55990,https://www.jumbocolombia.com/vino-riunite-lambrusco-rose-bot-750ml-125601/p
1,Vinos El Kiosco,espumoso,Vino Rosado Alma Negra Espumante Malbec Rose,,144700,144700,https://www.vinoselkiosco.com/tienda/alma-negra-espumante-malbec-rose/
1,Dislicores,espumoso,Vino Rosado Baron De Rothberg Espumoso Bobal,Baron de Rothberg,39990,39990,https://www.dislicores.com/vino-rosado-baron-de-rothberg-espumoso-bobal-ref106026/p
1,Olímpica,espumoso,Vino Rosado Cantina Di Sorbara Lambrusco 750 Ml,Cantina Di,71300,71300,https://www.olimpica.com/vino-cantina-di-lambrusco-rose-750-ml-8028338990864-2152486/p
1,Olímpica,espumoso,Vino Rosado Medici Ermete Lambrusco Rosato 750 Ml,Medici Ermete,55000,55000,https://www.olimpica.com/vino-medici-ermet-lambrusc-rosato-750ml-8004810190083-915883/p
1,Olímpica,espumoso,Vino Rosado Medici Ermete Lambrusco Rosatto 750 Ml,Medici Ermete,46500,46500,https://www.olimpica.com/vino-medici-ermete-lambrus-rosato-750ml/p
1,Olímpica,espumoso,Vino Rosado Navarro Correa Brut Malbec 750 Ml,Navarro Y Correa,106800,106800,https://www.olimpica.com/vino-navarro-correa-brut-malbec-rose-750ml-7791250001543-2057030/p
1,Carulla,espumoso,Vino rosado PROVETTO espumoso  Tempranillo (750  ml),PROVETTO,,,https://www.carulla.com/vino-provetto-espumoso-gasificado-tempranillo-750-ml-3251958/p
1,Olímpica,espumoso,Vino Rosado Riunite Lambrusco 750 Ml,Ruinite,43350,43350,https://www.olimpica.com/vino-ruinite-lambrusco-rose-750-ml-80516130743-2166835/p
1,Jumbo,espumoso,Vino Samaria Rosado Espumante Semiseco Bot.750ml,SAMARIA,35990,35990,https://www.jumbocolombia.com/vino-samaria-rosado-espumante-semiseco-bot-750ml-170950/p
1,Vinos El Kiosco,espumoso,Vino Santa Margherita Espumante Rosé Brut,,137200,137200,https://www.vinoselkiosco.com/tienda/vino-santa-margherita-espumante-rose-brut/
1,Olímpica,espumoso,Vino Santiago 1541 Brut Espuma 750 Ml,Santiago 1541,81000,81000,https://www.olimpica.com/vino-santiago-1541-brut-espum-750ml/p
1,Olímpica,espumoso,VINO SM PROSECCO SUPERIORE VAL 750ML,Alamos,167900,167900,https://www.olimpica.com/vino-sm-prosecco-superiore-val-750ml/p
1,Carulla,espumoso,Vino TENUTA SANTANNA   (100  ml),TENUTA SANT´ANNA,,,https://www.carulla.com/vino-prosecco-extra-dry-tenuta-santanna-100-ml-3032445/p
1,Jumbo,espumoso,Vino Tinto Castillo de Liria  Pg2Ll3 750ml C-U,CASTILLO DE LIRIA,101990,101990,https://www.jumbocolombia.com/vino-tinto-castillo-de-liria -pg2ll3-750ml-c-u-171867/p
1,Jumbo,espumoso,Vino Tinto Castillo de Liria Organico Blend750ml,CASTILLO DE LIRIA,61990,61990,https://www.jumbocolombia.com/vino-tinto-castillo-de-liria-organico-blend750ml-363919/p
1,Jumbo,espumoso,Vino Tinto Castillo Molina Caber.Sauv.G.Rva.750ml,CASTILLO MOLINA,101990,101990,https://www.jumbocolombia.com/vino-tinto-castillo-molina-caber-sauv-g-rva-750ml-8611/p
1,Jumbo,espumoso,Vino Tinto Castillo Molina Merlot G.Reserva 750ml,CASTILLO MOLINA,101990,101990,https://www.jumbocolombia.com/vino-tinto-castillo-molina-merlot-g-reserva-750ml-122733/p
1,Jumbo,espumoso,Vino tinto Faustino V Reserva x 750ml,FAUSTINO,242990,242990,https://www.jumbocolombia.com/vino-tinto-faustino-v-reserva-x-750-cm3/p
1,Jumbo,espumoso,Vino tinto Grasparossa Di Castel Centenario x750ml,CENTENARIO,67990,67990,https://www.jumbocolombia.com/vino-grasparossa-di-castelvetro-tinto-centenx750ml/p
1,Olímpica,espumoso,Vino Tinto Isabella Frizzante 750 Ml,Isabelle,38000,38000,https://www.olimpica.com/vino-isabella-frizzante-tint-750ml/p
1,Olímpica,espumoso,Vino Tinto Mayor de Castilla Robles 750 Ml,Mayor De Castilla,88800,88800,https://www.olimpica.com/vino-mayor-de-castilla-tint-750-ml/p
1,Olímpica,espumoso,Vino Tinto Piccini Lambrusco Reggniano 750 Ml,Piccini,57300,57300,https://www.olimpica.com/vino-piccini-tint-lambru-regn-doc-750ml/p
1,Jumbo,espumoso,Vino Undurraga Espum.delu 750ml,UNDURRAGA,85143,85143,https://www.jumbocolombia.com/vino-undurraga-espum-delu-750ml-8592/p
1,Jumbo,espumoso,Vino Undurraga Espumoso Rose Royal 750ml,UNDURRAGA,98143,98143,https://www.jumbocolombia.com/vino-undurraga-espumoso-rose-royal-750ml-8594/p
1,Olímpica,espumoso,VINO ZONIN BRUT CUVEE 1821 750ML,Zonin,66787,66787,https://www.olimpica.com/vino-zonin-brut-cuvee-1821-750ml/p
1,Dislicores,rosado,Aperitivo Frizzantino Rosado Brut,Frizzantino,27990,27990,https://www.dislicores.com/aperitivo-frizzantino-rosado-brut-ref106012/p
1,Jumbo,rosado,Aperitivo No Vinico Carinoso Manzana Rose 750ml,CARINOSO,24990,24990,https://www.jumbocolombia.com/aperitivo-no-vinico-carinoso-manzana-rose-750ml-162533/p
1,Jumbo,rosado,Vino Amalaya Rosado de Corte Bot.750ml,AMALAYA,112990,112990,https://www.jumbocolombia.com/vino-amalaya-rosado-de-corte-bot-750ml-39497/p
1,Jumbo,rosado,Vino Aperitivo Valtier Rose Semiseco 750ml,VALTIER,36990,36990,https://www.jumbocolombia.com/vino-aperitivo-valtier-rose-semiseco-750ml-14255/p
1,Vinos El Kiosco,rosado,Vino Beringer Main &#038; Vine White Zinfandel (Rosado)750 mL,,58200,58200,https://www.vinoselkiosco.com/tienda/vino-beringer-main-vine-white-zinfandel-rosado750-ml/
1,Jumbo,rosado,Vino Beronia Rioja Rose Bot.750ml,BERONIA CRIANZA,116990,116990,https://www.jumbocolombia.com/vino-beronia-rioja-rose-bot-750ml-90803/p
1,Dislicores,rosado,Vino Castillo de Molina Pinot Noir Rosé,Castillo de Molina,89500,89500,https://www.dislicores.com/vino-castillo-de-molina-pinot-noir-rose--ref100076/p
1,Jumbo,rosado,Vino coloma pinot noir rose x750ml,COLOMA,65990,65990,https://www.jumbocolombia.com/vino-coloma-pinot-noir-rose-x750ml/p
1,Vinos El Kiosco,rosado,Vino De Martino Gallardía Cinsault Rosé,,107900,107900,https://www.vinoselkiosco.com/tienda/vino-de-martino-gallardia-cinsault-rose/
1,Olímpica,rosado,VINO DONCELLA ROSE 750 ML,DONCELLA,19990,19990,https://www.olimpica.com/vino-doncella-rose-750-ml/p
1,Jumbo,rosado,Vino El Coto Rosado Rioja Bot750ml,EL COTO,66990,66990,https://www.jumbocolombia.com/vino-el-coto-rosado-rioja-bot750ml-63927/p
1,Vinos El Kiosco,rosado,Vino Español Viñas Del Vero Luces Rosado 750 mL,,56900,56900,https://www.vinoselkiosco.com/tienda/vino-espanol-vinas-del-vero-luces-rosado-750-ml/
1,Vinos El Kiosco,rosado,Vino Francés Côtes De Provence Rosé 750 mL,,127100,127100,https://www.vinoselkiosco.com/tienda/vino-frances-cotes-de-provence-rose-750-ml/
1,Vinos El Kiosco,rosado,Vino Francés Partager Rosé 750 mL,,51700,51700,https://www.vinoselkiosco.com/tienda/vino-frances-partager-rose-750-ml/
1,Olímpica,rosado,VINO FRONTERA SPRITZER ROSE + SPRITZER BLANCO 750cm3,Frontera,96800,96800,https://www.olimpica.com/vino-fron-spri-rse-750ml-fron-sp-bco-750/p
1,Olímpica,rosado,VINO FRONTERA SPRITZER ROSE 750,Frontera,48900,48900,https://www.olimpica.com/vino-frontera-spritzer-rose-750/p
1,Éxito,rosado,Vino GERARD BERTRAND MARCA EXCLUSIV Vino Rosado Hedonisme  (750  ml),GERARD BERTRAND MARCA EXCLUSIV,,,https://www.exito.com/vino-rosado-hedonisme-gerard-bertrand-marca-exclusiv-750-ml-3016275/p
1,Jumbo,rosado,Vino JP Chenet Grenache-Cinsault rosé x750ml,JP CHENET,61990,61990,https://www.jumbocolombia.com/vino-jp-chenet-cinsault-rose/p
1,Jumbo,rosado,Vino La Huerta Rose 750ml,LA HUERTA,44990,44990,https://www.jumbocolombia.com/vino-la-huerta-rose-750-ml/p
1,Dislicores,rosado,Vino La Linda Rose Malbec,LUIGI BOSCA,67990,67990,https://www.dislicores.com/vino-la-linda-rose-malbec-ref338013/p
1,Vinos El Kiosco,rosado,Vino Lapostolle Le Rosé,,114800,114800,https://www.vinoselkiosco.com/tienda/vino-lapostolle-le-rose/
1,Jumbo,rosado,Vino Lapostolle Le Rose Bot.750ml,LAPOSTOLLE,143990,143990,https://www.jumbocolombia.com/vino-lapostolle-le-rose-bot-750ml-117378/p
1,Jumbo,rosado,Vino Leyenda Cabernet syrah rose x750ml,LEYENDA,52990,52990,https://www.jumbocolombia.com/vino-leyenda-cabernet-syrah-rose-x750ml-3424564/p
1,Jumbo,rosado,Vino monterio rosado tempranillo botx750ml,MONTEIRO,62990,62990,https://www.jumbocolombia.com/vino-monterio-rosado-tempranillo-botx750ml/p
1,Vinos El Kiosco,rosado,Vino Morandé Pionero Reserva Pinot Noir Rosé 750,,59500,59500,https://www.vinoselkiosco.com/tienda/vino-morande-pionero-reserva-pinot-noir-rose-750/
1,Jumbo,rosado,Vino penascal rosado x750ml,PENASCAL,77990,77990,https://www.jumbocolombia.com/vino-penascal-rosado-x750cm3/p
1,Olímpica,rosado,VINO PISCINE ROSE SLEEVE 750ML,PISCINE,77000,77000,https://www.olimpica.com/vino-piscine-rose-sleeve-750ml/p
1,Olímpica,rosado,VINO PROTOCOLO ECO ROSADO 750 ML,Protocolo,60300,60300,https://www.olimpica.com/vino-protocolo-eco-rosado-750-ml/p
1,Éxito,rosado,Vino RIUNITE   (1500  ml),RIUNITE,,,https://www.exito.com/duo-pack-rosado-893848/p
1,Jumbo,rosado,Vino Rosado 6Eme Sens 750ml,6EME,46990,46990,https://www.jumbocolombia.com/vino-rosado-6eme-sens-750ml-14251/p
1,Vinos El Kiosco,rosado,Vino Rosado Adobe Rose 750,,65700,65700,https://www.vinoselkiosco.com/tienda/vino-adobe-rose-750/
1,Vinos El Kiosco,rosado,Vino Rosado Aliwen Reserva Rose,,95900,95900,https://www.vinoselkiosco.com/tienda/aliwen-reserva-rose/
1,Vinos El Kiosco,rosado,Vino Rosado Alta Vista Premium Rose,,70100,70100,https://www.vinoselkiosco.com/tienda/alta-vista-premium-rose/
1,Vinos El Kiosco,rosado,Vino Rosado Amalaya Rose,,89600,89600,https://www.vinoselkiosco.com/tienda/amalaya-rose/
1,Vinos El Kiosco,rosado,Vino Rosado Antichello Bardolino Doc Chiaretto,,99400,99400,https://www.vinoselkiosco.com/tienda/antichello-bardolino-doc-chiaretto/
1,Vinos El Kiosco,rosado,Vino Rosado Argento Malbec Rose,,63500,63500,https://www.vinoselkiosco.com/tienda/argento-malbec-rose/
1,Olímpica,rosado,Vino Rosado Barton & Guestier Partager 750 Ml,B & G,39747,39747,https://www.olimpica.com/vino-bg-rose-partager-rose-750-ml-3035131642109-1179189/p
1,Jumbo,rosado,Vino Rosado Barton&Guestier Blend Reserve 750ml,BARTON & GUESTIER,84990,84990,https://www.jumbocolombia.com/vino-rosado-barton-guestier-blend-reserve-750ml-271912/p
1,Jumbo,rosado,Vino Rosado Barton&Guestier Cotes Provence 750ml,BARTON & GUESTIER,154990,154990,https://www.jumbocolombia.com/vino-rosado-barton-guestier-cotes-provence-750ml-168222/p
1,Jumbo,rosado,Vino Rosado Barton&Guestier Rose D'Anjou 750 ml,BARTON & GUESTIER,82990,82990,https://www.jumbocolombia.com/vino-rosado-barton-guestier-rose-d-anjou-750-ml-271931/p
1,Vinos El Kiosco,rosado,Vino Rosado Bila Haut Rosado Pays D´Oc Igp,,105000,105000,https://www.vinoselkiosco.com/tienda/bila-haut-rosado-pays-doc-igp/
1,Jumbo,rosado,Vino Rosado Blue Rhin Dornfelder Rose 750ml,BLUE RHIN,45990,45990,https://www.jumbocolombia.com/vino-rosado-blue-rhin-dornfelder-rose-750ml-403932/p
1,Jumbo,rosado,Vino Rosado Callia Syrah Rose 750 ml,CALLIA,76990,76990,https://www.jumbocolombia.com/vino-rosado-callia-syrah-rose-750-ml-282704/p
1,Olímpica,rosado,Vino Rosado Calvet D' Anjou 750 Ml,Calvet,73600,73600,https://www.olimpica.com/vino-calvet-rose-d-anjou-750-ml-3159560595000-1394905/p
1,Jumbo,rosado,Vino rosado Casa Grajales seco x750ml,CASA GRAJALES,37990,37990,https://www.jumbocolombia.com/vino-casa-grajales-rose-seco-x-750ml/p
1,Vinos El Kiosco,rosado,Vino Rosado Casa Silva Cuvee Rosé Syrah-Carmenere 750,,85500,85500,https://www.vinoselkiosco.com/tienda/vino-rosado-casa-silva-cuvee-rose-syrah-carmenere-750/
1,Jumbo,rosado,Vino Rosado Casillero del Diablo Syrah Rose 750ml,CASILLERO DEL DIABLO,86400,86400,https://www.jumbocolombia.com/vino-rosado-casillero-del-diablo-syrah-rose-750ml-8336/p
1,Vinos El Kiosco,rosado,Vino Rosado Casillero Rose 750,,72500,72500,https://www.vinoselkiosco.com/tienda/vino-casillero-rosado-rose-750/
1,Vinos El Kiosco,rosado,Vino Rosado Casillero Summer Rose 750,,72600,72600,https://www.vinoselkiosco.com/tienda/casillero-summer-rose-750/
1,Vinos El Kiosco,rosado,Vino Rosado Castel Igp Pays Doc Syrah Rose 750,,38300,38300,https://www.vinoselkiosco.com/tienda/vino-castel-igp-pays-doc-syrah-rose-750/
1,Jumbo,rosado,Vino Rosado Colinas de Lisboa Blend 750ml,COLINAS DE LISBOA,63990,63990,https://www.jumbocolombia.com/vino-rosado-colinas-de-lisboa-blend-750ml-402662/p
1,Jumbo,rosado,Vino rosado Condado de Leganza provenzal x750 ml,CONDADO DE LEGANZA,94990,94990,https://www.jumbocolombia.com/vino-rosado-condado-de-leganza-provenzal-x-750-ml/p
1,Olímpica,rosado,Vino Rosado Condesa de Leganza Provenzal,Condesa,91000,91000,https://www.olimpica.com/condesa-de-leganza-rose-provenzal/p
1,Vinos El Kiosco,rosado,Vino Rosado Condesa De Leganza Rose Provenzal,,77700,77700,https://www.vinoselkiosco.com/tienda/condesa-de-leganza-rose-provenzal/
1,Olímpica,rosado,Vino Rosado Cono Sur Bicicleta Reserva Pinot Noir 750 Ml,Cono Sur,57700,57700,https://www.olimpica.com/vino-conosur-bicicleta-pinot-noir-rose-750ml-7804320555959-1363108/p
1,Vinos El Kiosco,rosado,Vino Rosado Costanilla Rosado MC,,72500,72500,https://www.vinoselkiosco.com/tienda/costanilla-rosado-mc/
1,Jumbo,rosado,Vino Rosado Cote des Roses Languedoc 750ml,COTE DES ROSES,82990,82990,https://www.jumbocolombia.com/vino-rosado-cote-des-roses-languedoc-750ml-59162/p
1,Jumbo,rosado,Vino Rosado Cousino Macul Cab.Sauv. Gris 750ml,COUSINO MACUL,78990,78990,https://www.jumbocolombia.com/vino-rosado-cousino-macul-cab-sauv--gris-750ml-49249/p
1,Dislicores,rosado,Vino Rosado D' Anjou Cabernet Franc,Calvet,64500,64500,https://www.dislicores.com/vino-rosado-d--anjou-cabernet-franc-ref143330/p
1,Vinos El Kiosco,rosado,Vino Rosado Domaine Houchart Rose &#8211; Côtes de Provence,,132300,132300,https://www.vinoselkiosco.com/tienda/domaine-houchart-rose-cotes-de-provence/
1,Vinos El Kiosco,rosado,Vino Rosado Doña Dominga Rosé  750 mL,,53000,53000,https://www.vinoselkiosco.com/tienda/vino-rosado-dona-dominga-rose-750-ml/
1,Vinos El Kiosco,rosado,Vino Rosado Familia Gascon Rose,,82900,82900,https://www.vinoselkiosco.com/tienda/familia-gascon-rose/
1,Jumbo,rosado,Vino rosado Finca La Linda rose malbec x 750 ml,FINCA,79990,79990,https://www.jumbocolombia.com/vino-rosado-finca-la-linda-rose-malbec-x-750-ml/p
1,Dislicores,rosado,Vino Rosado Flor De Muga,Muga,236000,236000,https://www.dislicores.com/vino-rosado-flor-de-muga-ref265075/p
1,Vinos El Kiosco,rosado,Vino Rosado Frontera Cabernet Blush 750,,55400,55400,https://www.vinoselkiosco.com/tienda/vino-frontera-cabernet-blush-750/
1,Jumbo,rosado,Vino Rosado Frontera Spritzer Rose Roses 750 ml,FRONTERA,55990,55990,https://www.jumbocolombia.com/vino-rosado-frontera-spritzer-rose-roses-750-ml-375930/p
1,Vinos El Kiosco,rosado,Vino Rosado Frontera White Zinfandel,,27200,27200,https://www.vinoselkiosco.com/tienda/frontera-white-zinfandel/
1,Jumbo,rosado,Vino Rosado Gato Negro Rose 750 ml,GATO NEGRO,55100,55100,https://www.jumbocolombia.com/vino-rosado-gato-negro-rose-750-ml-8660/p
1,Olímpica,rosado,Vino Rosado Grangeneuve Bordeux 750 Ml,Grangeneuve,53900,53900,https://www.olimpica.com/vino-grangeneuve-rose-750-ml-3335200006819-1089924/p
1,Dislicores,rosado,Vino Rosado Hito Ribera Del Duero Tempranillo,Hito,111990,111990,https://www.dislicores.com/vino-rosado-hito-ribera-del-duero-tempranillo-ref107035/p
1,Jumbo,rosado,Vino Rosado La Cave D Augustin Florent Lang.750ml,LANGUEDOC,39990,39990,https://www.jumbocolombia.com/vino-rosado-la-cave-d-augustin-florent-lang-750ml-403938/p
1,Vinos El Kiosco,rosado,Vino Rosado La Violette Rose,,126000,126000,https://www.vinoselkiosco.com/tienda/la-violette-rose/
1,Olímpica,rosado,Vino Rosado Lapostolle 750 Ml,Lapostolle,130800,130800,https://www.olimpica.com/vino-lapostolle-rosado-le-rose-750-ml-7804387001772-1257270/p
1,Vinos El Kiosco,rosado,Vino Rosado Livana Rose X 750,,41500,41500,https://www.vinoselkiosco.com/tienda/livana-rose-x-750/
1,Vinos El Kiosco,rosado,Vino Rosado Maipo Classic Series Rose 750,,38900,38900,https://www.vinoselkiosco.com/tienda/vino-maipo-classic-series-rose-750/
1,Vinos El Kiosco,rosado,Vino Rosado Maison Castel Aoc Cotes De Provence,,101200,101200,https://www.vinoselkiosco.com/tienda/vino-maison-castel-aoc-cotes-de-provence/
1,Dislicores,rosado,Vino Rosado Marius Peyol Reserva Cotes De Provence,Marius Peyol,99500,99500,https://www.dislicores.com/vino-rosado-marius-peyol-reserva-cotes-de-provence-ref106300/p
1,Vinos El Kiosco,rosado,Vino Rosado Marques Cinsault Rose 750,,91700,91700,https://www.vinoselkiosco.com/tienda/vino-marques-cinsault-rose-750/
1,Dislicores,rosado,Vino Rosado Marques De Murrieta Mazuelo,Marqués de Murrieta,301000,301000,https://www.dislicores.com/vino-rosado-marques-de-murrieta-mazuelo-ref806010/p
1,Vinos El Kiosco,rosado,Vino Rosado Martinez Lacuesta Cosecha Rosado,,81800,81800,https://www.vinoselkiosco.com/tienda/martinez-lacuesta-cosecha-rosado/
1,Dislicores,rosado,Vino Rosado Michel Torino Colección Rosé,Michel Torino,58990,58990,https://www.dislicores.com/vino-rosado-michel-torino-coleccion-rose-ref108028/p
1,Vinos El Kiosco,rosado,Vino Rosado Monterio Rose,,53000,53000,https://www.vinoselkiosco.com/tienda/monterio-rose/
1,Vinos El Kiosco,rosado,Vino Rosado Montgras Pink Sin,,52600,52600,https://www.vinoselkiosco.com/tienda/montgras-pink-sin/
1,Dislicores,rosado,Vino Rosado Muga Garnacha,Muga,116500,116500,https://www.dislicores.com/vino-rosado-muga-garnacha-ref265071/p
1,Jumbo,rosado,Vino Rosado Muga Rioja Doc Blend 750ml,RIOJA,95990,95990,https://www.jumbocolombia.com/vino-rosado-muga-rioja-doc-blend-750ml-201238/p
1,Jumbo,rosado,Vino Rosado Norton Blend Coleccion 750 ml,NORTON,40943,40943,https://www.jumbocolombia.com/vino-rosado-norton-blend-coleccion-750-ml-375927/p
1,Jumbo,rosado,Vino Rosado Panul Rose Blend 750ml,PANUL,21990,21990,https://www.jumbocolombia.com/vino-rosado-panul-rose-blend-750ml-125501/p
1,Jumbo,rosado,Vino Rosado Piscine Rose Blend 750ml,PISCINE,75990,75990,https://www.jumbocolombia.com/vino-rosado-piscine-rose-blend-750ml-295148/p
1,Jumbo,rosado,Vino Rosado Pluma Vinho Rose Doc 750ml,PLUMA,64990,64990,https://www.jumbocolombia.com/vino-rosado-pluma-vinho-rose-doc-750ml-402660/p
1,Dislicores,rosado,Vino Rosado Ramón Bilbao Garnacha Viura,Ramón Bilbao,83500,83500,https://www.dislicores.com/vino-rosado-ramon-bilbao-garnacha-viura-ref147003/p
1,Jumbo,rosado,Vino Rosado Ramon Bilbao Rioja Blend 750ml,RAMON BILBAO,91990,91990,https://www.jumbocolombia.com/vino-rosado-ramon-bilbao-rioja-blend-750ml-101268/p
1,Vinos El Kiosco,rosado,Vino Rosado Reservado Rose Marca Concha Y Toro 750,,36100,36100,https://www.vinoselkiosco.com/tienda/vino-rosado-reservado-rose-marca-concha-y-toro-750/
1,Vinos El Kiosco,rosado,Vino Rosado Robert Mondavi Woodbrige White Zinfandel,,60900,60900,https://www.vinoselkiosco.com/tienda/robert-mondavi-woodbrige-white-zinfandel/
1,Vinos El Kiosco,rosado,Vino Rosado Rosaenovae Irpinia Rosato DOC,,162400,162400,https://www.vinoselkiosco.com/tienda/rosaenovae-irpinia-rosato-doc/
1,Dislicores,rosado,Vino Rosado Santa Carolina Reserva Rosé,Santa Carolina,75500,75500,https://www.dislicores.com/vino-rosado-santa-carolina-reserva-rose-ref102107/p
1,Dislicores,rosado,Vino Rosado Santa Carolina Reservado Cabernet Sauvignon Rosé,Santa Carolina,51000,51000,https://www.dislicores.com/vino-rosado-santa-carolina-reservado-cabernet-sauvignon-rose-ref102036/p
1,Jumbo,rosado,Vino Rosado Santa Carolina Rvado.Caber.Rose 750ml,SANTA CAROLINA,57990,57990,https://www.jumbocolombia.com/vino-rosado-santa-carolina-rvado-caber-rose-750ml-65385/p
1,Jumbo,rosado,Vino Rosado Santa Helena Cabern.Sauvig.Rose 750ml,SANTA HELENA,52990,52990,https://www.jumbocolombia.com/vino-rosado-santa-helena-cabern-sauvig-rose-750ml-29647/p
1,Jumbo,rosado,Vino Rosado Santa Margherita Rose Trevenezie750ml,SANTA MARGHERITA,175990,175990,https://www.jumbocolombia.com/vino-rosado-santa-margherita-rose-trevenezie750ml-427033/p
1,Jumbo,rosado,Vino Rosado Santa Rita 120 Roserva.Esp. 750ml,SANTA RITA,77990,77990,https://www.jumbocolombia.com/vino-rosado-santa-rita-120-roserva-esp--750ml-5878/p
1,Vinos El Kiosco,rosado,Vino Rosado Santa Rosa Estate Syrah Rose,,59700,59700,https://www.vinoselkiosco.com/tienda/santa-rosa-estate-syrah-rose/
1,Vinos El Kiosco,rosado,Vino Rosado Schiava Trentino IGT,,236500,236500,https://www.vinoselkiosco.com/tienda/schiava-trentino-igt/
1,Dislicores,rosado,Vino Rosado Sutter Home Zinfandel,Sutter Home,60500,60500,https://www.dislicores.com/vino-rosado-sutter-home-zinfandel-ref146010/p
1,Dislicores,rosado,Vino Rosado Sutter Home Zinfandel piba,Sutter Home,17990,17990,https://www.dislicores.com/vino-rosado-sutter-home-zinfandel-piba-ref146037/p
1,Jumbo,rosado,Vino Rosado Terra Vega Blend Rose 750ml,TERRA VEGA,54990,54990,https://www.jumbocolombia.com/vino-rosado-terra-vega-blend-rose-750ml-303360/p
1,Vinos El Kiosco,rosado,Vino Rosado Torres Sangre De Toro Rose 750,,72300,72300,https://www.vinoselkiosco.com/tienda/vino-torres-sangre-de-toro-rose-750/
1,Jumbo,rosado,Vino Rosado Trapiche Malbec Cabernet Sauvig.750ml,TRAPICHE,65990,65990,https://www.jumbocolombia.com/vino-rosado-trapiche-malbec-cabernet-sauvig-750ml-170961/p
1,Vinos El Kiosco,rosado,Vino Rosado Tribu Malbec Rose,,32700,32700,https://www.vinoselkiosco.com/tienda/vino-tribu-malbec-rose-x-12/
1,Jumbo,rosado,Vino Rosado Trivento Reserve Malbec Rose 750ml,TRIVENTO,89990,89990,https://www.jumbocolombia.com/vino-rosado-trivento-reserve-malbec-rose-750ml-326494/p
1,Vinos El Kiosco,rosado,Vino Rosado U By Undurraga Rose,,82900,82900,https://www.vinoselkiosco.com/tienda/u-by-undurraga-rose/
1,Vinos El Kiosco,rosado,Vino Rosado Valdelosfrailes Rosado,,93300,93300,https://www.vinoselkiosco.com/tienda/valdelosfrailes-rosado/
1,Vinos El Kiosco,rosado,Vino Rosado Villa Garrel Rose 750 ml,,93500,93500,https://www.vinoselkiosco.com/tienda/villa-garrel-rose-75cl/
1,Vinos El Kiosco,rosado,Vino Rosado Viña Esmeralda Rose 750,,85200,85200,https://www.vinoselkiosco.com/tienda/vino-vina-esmeralda-rose-750/
1,Jumbo,rosado,Vino Rosado Whispering Angel Cotes de Prove.750ml,WHISPERING ANGEL,221990,221990,https://www.jumbocolombia.com/vino-rosado-whispering-angel-cotes-de-prove-750ml-363926/p
1,Jumbo,rosado,Vino Rosado Woodbridge Robert W.Zinfandel 750 ml,WOODBRIDGE,87990,87990,https://www.jumbocolombia.com/vino-rosado-woodbridge-robert-w-zinfandel-750-ml-176025/p
1,Vinos El Kiosco,rosado,Vino Rosado Zuccardi Serie A Malbec &#8211; Rose,,106500,106500,https://www.vinoselkiosco.com/tienda/zuccardi-serie-a-malbec-rose/
1,Olímpica,rosado,Vino Rose Cariñoso Manzana 750 Ml,Cariñoso,25900,25900,https://www.olimpica.com/vino-carinoso-manzana-rose-750ml-7703588001201-2215790/p
1,Dislicores,rosado,Vino Rosé La Huerta Variedad De Uvas,La Huerta,39990,39990,https://www.dislicores.com/vino-rose-la-huerta-variedad-de-uvas-ref100144/p
1,Vinos El Kiosco,rosado,Vino Santa Rita 120 Reserva Especial Rosé 750 mL,,66000,66000,https://www.vinoselkiosco.com/tienda/vino-santa-rita-120-reserva-especial-rose-750-ml/
1,Vinos El Kiosco,rosado,Vino Santa Rita Tres Medallas Rosé 750,,50400,50400,https://www.vinoselkiosco.com/tienda/vino-santa-rita-tres-medallas-rose-750/
1,Jumbo,rosado,Vino Santa Rita Tres Medallas Rose Bot.750ml,SANTA RITA,54990,54990,https://www.jumbocolombia.com/vino-santa-rita-tres-medallas-rose-bot-750ml-90795/p
1,Vinos El Kiosco,rosado,Vino Tinto Perlita Diamandes Rosado,,102100,102100,https://www.vinoselkiosco.com/tienda/perlita-diamandes-rosado/
1,Jumbo,rosado,Vino Vina Maipo Rose 750ml,VINA MAIPO,51390,51390,https://www.jumbocolombia.com/vino-vina-maipo-rose-750ml-8431/p
1,Carulla,tinto,Caja X12 Botellas De Vino Tinto Reserva Merlot Casa Cerro,CASA DEL CERRO VIÑA MARTY,,,https://www.carulla.com/caja-x12-botellas-de-vino-tinto-reserva-merlot-casa-cerro-100039196-mp/p
1,Carulla,tinto,Caja X12 Botellas De Vino Tinto Reserva Merlot Ilaia,ILAIA VIÑA MARTY,,,https://www.carulla.com/caja-x12-botellas-de-vino-tinto-reserva-merlot-ilaia-100069701-mp/p
1,Carulla,tinto,Caja X6 Botellas De Vino Tinto Premium Corazón Del Indio,CORAZON DEL INDIO,,,https://www.carulla.com/caja-x6-botellas-de-vino-tinto-premium-corazon-del-indio-100099671-mp/p
1,Carulla,tinto,Caja X6 Botellas De Vino Tinto Reserva Chardonnay Pirca,PIRCA VIÑA MARTY,,,https://www.carulla.com/caja-x6-botellas-de-vino-tinto-reserva-chardonnay-pirca-100071575-mp/p
1,Jumbo,tinto,Clásico Merlot Ventisquero x 750,VENTISQUERO,53990,53990,https://www.jumbocolombia.com/clasico-merlot-ventisquero-x-750/p
1,Carulla,tinto,Decantador De Vino Premium Aerato Landik,LANDIK,,,https://www.carulla.com/decantador-de-vino-premium-aerato-landik-102593020-mp/p
1,Vinos El Kiosco,tinto,Los Lingues Cabernet Sauvignon 750,,112800,112800,https://www.vinoselkiosco.com/tienda/los-lingues-cabernet-sauvignon-750/
1,Dislicores,tinto,Mionetto 750ml + Martino Blanco + Copa Balon,Mionetto,131990,131990,https://www.dislicores.com/mionetto-750ml-martino-blanco-copa-balon-ref-of140005/p
1,Dislicores,tinto,Sangría Vino Tinto Lolea No.1,LOLEA,74500,74500,https://www.dislicores.com/sangria-vino-tinto-lolea-no-1-ref147005/p
1,Carulla,tinto,TARTALETA   (100  gr),SM,15900,15900,https://www.carulla.com/tartaleta-100-gr-100118/p
1,Jumbo,tinto,Vino 1865 cabernet sauvignon x750ml,CABERNET,166990,166990,https://www.jumbocolombia.com/vino-1865-cabernet-sauvignonx750cm3/p
1,Dislicores,tinto,Vino 9 Lives Cabernet 750 ml + Juego de Cacho,9 LIVES,73990,73990,https://www.dislicores.com/vino-9-lives-cabernet-750ml-juego-de-cacho-ref-of100046/p
1,Vinos El Kiosco,tinto,Vino AdegaMãe Dory Tinto,,87700,87700,https://www.vinoselkiosco.com/tienda/vino-adegamae-dory-tinto/
1,Olímpica,tinto,VINO ANGELICA MERLOT 750 ML,Catena,350800,350800,https://www.olimpica.com/vino-angelica-merlot-750-ml/p
1,Vinos El Kiosco,tinto,Vino Ardo De Marques De Riscal (Tinto) 750 mL,,66000,66000,https://www.vinoselkiosco.com/tienda/vino-ardo-de-marques-de-riscal-tinto-750-ml/
1,Vinos El Kiosco,tinto,Vino Argentino Norton Privada (Tinto) 750 mL,,175200,175200,https://www.vinoselkiosco.com/tienda/vino-argentino-norton-privada-tinto-750-ml/
1,Vinos El Kiosco,tinto,Vino Argentino Norton Privada 100% Malbec (Tinto) 750 mL,,220700,220700,https://www.vinoselkiosco.com/tienda/vino-argentino-norton-privada-100-malbec-tinto-750-ml/
1,Vinos El Kiosco,tinto,Vino Argentino Perdriel Centenario (Tinto) 750 mL,,216800,216800,https://www.vinoselkiosco.com/tienda/vino-argentino-perdriel-centenario-tinto-750-ml/
1,Vinos El Kiosco,tinto,Vino Argentino Septima Lote Especial Gran Reserva Malbec 750,,175200,175200,https://www.vinoselkiosco.com/tienda/vino-argentino-septima-lote-especial-gran-reserva-malbec-750/
1,Vinos El Kiosco,tinto,Vino Argentino Séptimo Obra Cabernet Sauvignon (Tinto) 750 mL,,133600,133600,https://www.vinoselkiosco.com/tienda/vino-argentino-septimo-obra-cabernet-sauvignon-tinto-750-ml/
1,Jumbo,tinto,Vino Arienzomarques de Riscaltnt.Rioja Crian750ml,MARQUESDERISCAL,111990,111990,https://www.jumbocolombia.com/vino-arienzomarques-de-riscaltnt-rioja-crian750ml-85924/p
1,Jumbo,tinto,Vino Autoritas Tinto Pinot Noir Bot.750ml,AUTORITAS,31590,31590,https://www.jumbocolombia.com/vino-autoritas-tinto-pinot-noir-bot-750ml-89339/p
1,Vinos El Kiosco,tinto,Vino Baron De Chirel Reserva (Tinto) 750 mL,,691300,691300,https://www.vinoselkiosco.com/tienda/vino-baron-de-chirel-reserva-tinto-750-ml/
1,Olímpica,tinto,Vino Barton & Guestier Pais Merlot 750 Ml,Barton & Gaustier,49107,49107,https://www.olimpica.com/vino-barton-d-pais--merlot-750-ml/p
1,Jumbo,tinto,Vino Barton&Guestier Cabernet Sauvig.Res.Bot750ml,BARTON,76990,76990,https://www.jumbocolombia.com/vino-barton-guestier-cabernet-sauvig-res-bot750ml-47471/p
1,Vinos El Kiosco,tinto,Vino Beringer Founders&#8217;Estate Vdpo Pinot Noir 750 mL,,107600,107600,https://www.vinoselkiosco.com/tienda/vinoberinger-foundersestate-vdpo-pinot-noir-750-ml/
1,Olímpica,tinto,Vino Beronia Ecológico Rioja 750 Ml,Beronia,76992,76992,https://www.olimpica.com/vino-beronia-ecologico-rioja-750ml/p
1,Jumbo,tinto,Vino cabernet sauvignon Longchamps botella x 750 ml,LONGCHAMPS,75390,75390,https://www.jumbocolombia.com/vino-cabernet-sauvignon-longchamps-botella-x-750-ml/p
1,Vinos El Kiosco,tinto,Vino Casa Silva Cool Coast Pinot Noir 750,,112800,112800,https://www.vinoselkiosco.com/tienda/vino-casa-silva-cool-coast-pinot-noir-750/
1,Jumbo,tinto,Vino Casillero del Diablo Carmenere Bot 750Cm3,CASILLERO DEL DIABLO,88690,88690,https://www.jumbocolombia.com/vino-casillero-del-diablo-carmenere-bot-750cm3-8261/p
1,Jumbo,tinto,Vino Casillero del Diablo Merlot750ml,CASILLERO DEL DIABLO,86400,86400,https://www.jumbocolombia.com/vino-casillero-del-diablo-merlot750ml-8277/p
1,Dislicores,tinto,Vino Cata Vertical 170 Aniversario caja x6,Marqués de Murrieta,1735990,1735990,https://www.dislicores.com/vino-cata-vertical-170-aniversario-caja-x6-ref806011/p
1,Jumbo,tinto,Vino Catena Tinto Cabernet Franc Bot.750ml,CATENA,176990,176990,https://www.jumbocolombia.com/vino-catena-tinto-cabernet-franc-bot-750ml-39398/p
1,Jumbo,tinto,Vino Cousiño Macul antiguas reservas merlot x750ml,COUSINO MACUL,119990,119990,https://www.jumbocolombia.com/vino-cousino-macul-merlot-reserva-bot-x-750-ml/p
1,Jumbo,tinto,Vino Dada tinto artwine no 1 x 750ml,DADA,81990,81990,https://www.jumbocolombia.com/vino-dada-tinto-artwine-no-1-x-750ml/p
1,Jumbo,tinto,Vino dada tinto artwine no.2 bot.x750ml,DADA,75990,75990,https://www.jumbocolombia.com/vino-dada-tinto-artwine-no-2-bot-x750ml/p
1,Éxito,tinto,Vino de uva CARINOSO clasificado (750  ml),CARINOSO,32450,32450,https://www.exito.com/vino-tinto-de-verano-x-750-ml-718366/p
1,Jumbo,tinto,Vino Diablo Tinto Dark Red Bot750ml,DIABLO,134900,134900,https://www.jumbocolombia.com/vino-diablo-tinto-dark-red-bot750ml-62260/p
1,Jumbo,tinto,Vino epica tinto cabernet sauvignon bot.x750ml,EPICA,55990,55990,https://www.jumbocolombia.com/vino-epica-tinto-cabernet-sauvignon-bot-x750ml/p
1,Dislicores,tinto,Vino Escorihuela Gascon Sangiovese,ESCORIHUELA GASCON,,,https://www.dislicores.com/vino-escorihuela-gascon-sangiovese-ref303010/p
1,Vinos El Kiosco,tinto,Vino Español Beronia Ecológico Tempranillo (Tinto) 750 mL,,92000,92000,https://www.vinoselkiosco.com/tienda/vino-espanol-beronia-ecologico-tempranillo-tinto-750-ml/
1,Vinos El Kiosco,tinto,Vino Español Beronia Iii A.C. (Tinto) 750 mL,,453400,453400,https://www.vinoselkiosco.com/tienda/vino-espanol-beronia-iii-a-c-tinto-750-ml/
1,Vinos El Kiosco,tinto,Vino Español Beronia Tempranillo Elaboración Especial (Tinto) 750 mL,,131000,131000,https://www.vinoselkiosco.com/tienda/vino-espanol-beronia-tempranillo-elaboracion-especial-tinto-750-ml/
1,Vinos El Kiosco,tinto,Vino Español Viñas Del Vero Caber.Sauvig.-Merlot Roble 750 mL,,64700,64700,https://www.vinoselkiosco.com/tienda/vino-espanol-vinas-del-vero-caber-sauvig-merlot-roble-750-ml/
1,Vinos El Kiosco,tinto,Vino Español Viñas Del Vero Temp-Cabernet Sauv. Crianza 2020-750 mL,,84200,84200,https://www.vinoselkiosco.com/tienda/vino-espanol-vinas-del-vero-temp-cabernet-sauv-crianza-2020-750-ml/
1,Vinos El Kiosco,tinto,Vino Francés B&#038;G Beaujolais (Tinto )750 mL,,88100,88100,https://www.vinoselkiosco.com/tienda/vino-frances-bg-beaujolais-tinto-750-ml/
1,Vinos El Kiosco,tinto,Vino Francés B&#038;G Bordeaux (Tinto )750 mL,,93300,93300,https://www.vinoselkiosco.com/tienda/vino-frances-bg-bordeaux-tinto-750-ml/
1,Vinos El Kiosco,tinto,Vino Francés B&#038;G Chateauneuf Du Pape (Tinto) 750 mL,,262300,262300,https://www.vinoselkiosco.com/tienda/vino-frances-bg-chateauneuf-du-pape-tinto-750-ml/
1,Vinos El Kiosco,tinto,Vino Francés B&#038;G Héritage No.290 (Tinto) 750 mL,,141400,141400,https://www.vinoselkiosco.com/tienda/vino-frances-bg-heritage-no-290-tinto-750-ml/
1,Vinos El Kiosco,tinto,Vino Francés B&#038;G Medoc (Tinto) 750 mL,,107600,107600,https://www.vinoselkiosco.com/tienda/vino-frances-bg-medoc-tinto-750-ml/
1,Vinos El Kiosco,tinto,Vino Francés B&#038;G Saint-Emilion (Tinto) 750 mL,,132300,132300,https://www.vinoselkiosco.com/tienda/vino-frances-bg-saint-emilion-tinto-750-ml/
1,Vinos El Kiosco,tinto,Vino Francés B&#038;G Terrasses Des Dames Margaux (Tinto) 750,,228500,228500,https://www.vinoselkiosco.com/tienda/vino-frances-bg-terrasses-des-dames-margaux-tinto-750/
1,Vinos El Kiosco,tinto,Vino Francés Chateau Magnol Haut-Médoc (Tinto)750 mL,,249300,249300,https://www.vinoselkiosco.com/tienda/vino-frances-chateau-magnol-haut-medoc-tinto750-ml/
1,Olímpica,tinto,Vino Frontera Carmenere 750 Ml 2X3 Unds Oferta,Frontera,153900,153900,https://www.olimpica.com/vino-frontera-carmenere-750-ml-2x3-of/p
1,Jumbo,tinto,Vino gato negro 9lives carmenere bot.x750ml,GATO NEGRO,61990,61990,https://www.jumbocolombia.com/vino-gato-negro-9lives-carmenere-bot-x750ml/p
1,Olímpica,tinto,VINO GATO NEGRO MERLOT 750ML GTS PARLANT,Gato Negro,51300,51300,https://www.olimpica.com/vino-gato-negro-merlot-750ml-gts-parlant/p
1,Éxito,tinto,Vino GENEROSO V.O   (1500  ml),GENEROSO V.O,25850,25850,https://www.exito.com/vino-tinto-dulce-generoso-vo-1500-ml-7623/p
1,Éxito,tinto,Vino GERARD BERTRAND MARCA EXCLUSIV Vino Tinto Pinot Noir Res Spec  (750  ml),GERARD BERTRAND MARCA EXCLUSIV,,,https://www.exito.com/vino-tinto-pinot-noir-res-spec-gerard-bertrand-marca-exclusiv-750-ml-3016272/p
1,Jumbo,tinto,Vino gusto tempranillo roble bot.x750ml,GUSTO,47990,47990,https://www.jumbocolombia.com/vino-gusto-tempranillo-roble-bot-x750ml/p
1,Jumbo,tinto,Vino Hereford tinto cabernet sauvignon botella x 750ml,HAREFORD,63990,63990,https://www.jumbocolombia.com/vino-hereford-tinto-cabernet-sauvignon-botx750ml/p
1,Olímpica,tinto,VINO HITO 2020 TEMPRANILLO 750ML,HITO,128800,128800,https://www.olimpica.com/vino-hito-2020-tempranillo-750ml/p
1,Vinos El Kiosco,tinto,Vino House Of Morande Cabernet Sauvignon (Tinto) 750,,353300,353300,https://www.vinoselkiosco.com/tienda/vino-house-of-morande-cabernet-sauvignon-tinto-750/
1,Vinos El Kiosco,tinto,Vino Italiano Capitolo 29 Pasqua Sangiovese Di Puglia 750 mL,,51700,51700,https://www.vinoselkiosco.com/tienda/vino-italiano-capitolo-29-pasqua-sangiovese-di-puglia-750-ml/
1,Vinos El Kiosco,tinto,Vino Italiano Pasqua Capitolo 21 Montepulciano D&#8217;Abruzzo (Tinto)750 mL,,51700,51700,https://www.vinoselkiosco.com/tienda/vino-italiano-pasqua-capitolo-21-montepulciano-dabruzzo-tinto750-ml/
1,Vinos El Kiosco,tinto,Vino Italiano Pasqua Capitolo 33 Bardolino (Tinto)750 mL,,54300,54300,https://www.vinoselkiosco.com/tienda/vino-italiano-pasqua-capitolo-33-bardolino-tinto750-ml/
1,Vinos El Kiosco,tinto,Vino Italiano Pasqua Capitolo 35 Valpolicella (Tinto)750 mL,,90700,90700,https://www.vinoselkiosco.com/tienda/vino-italiano-pasqua-capitolo-35-valpolicella-tinto750-ml/
1,Vinos El Kiosco,tinto,Vino Italiano Pasqua Primitivo De Salento (Tinto)750 mL,,69900,69900,https://www.vinoselkiosco.com/tienda/vino-italiano-pasqua-primitivo-de-salento-tinto750-ml/
1,Jumbo,tinto,Vino JP Chenet merlot x750ml,JP CHENET,65990,65990,https://www.jumbocolombia.com/vino-j-p-chenet-merlot-x-750-ml/p
1,Dislicores,tinto,Vino Jp Divine Brut Chardonnay mas Copa Espiral,JP Chenet,86500,86500,https://www.dislicores.com/vino-jp-divine-brut-chardonnay-mas-copa-espiral-ref-of106076/p
1,Olímpica,tinto,VINO KINAST MERLOT 750ML,KINAST,25950,25950,https://www.olimpica.com/vino-kinast-merlot-750ml/p
1,Olímpica,tinto,VINO LA CELIA RVA MALBEC 750 ML + COPA,La Celia,73500,73500,https://www.olimpica.com/vino-la-celia-rva-malbec-750-ml---copa/p
1,Dislicores,tinto,Vino La Linda Malbec,LUIGI BOSCA,67990,67990,https://www.dislicores.com/vino-la-linda-malbec-ref338014/p
1,Jumbo,tinto,Vino Lagarde malbec botella x 750ml,LAGARDE,165990,165990,https://www.jumbocolombia.com/vino-lagarde-malbec-botella-x-750-cm3/p
1,Jumbo,tinto,Vino Lagarde merlot botella x750ml,LAGARDE,165990,165990,https://www.jumbocolombia.com/vino-lagarde-merlot-botella-x750-cm3/p
1,Jumbo,tinto,Vino Lapostolle Casa Carmenere Bot.750ml,LAPOSTOLLE,145990,145990,https://www.jumbocolombia.com/vino-lapostolle-casa-carmenere-bot-750ml-39368/p
1,Jumbo,tinto,Vino maravides tempranillo meditarreneo botx750ml,MARAVIDES,71990,71990,https://www.jumbocolombia.com/vino-maravides-tempranillo-meditarreneo-botx750ml/p
1,Vinos El Kiosco,tinto,Vino Marqués de Riscal XR Reserva (Tinto) 750 mL,,216800,216800,https://www.vinoselkiosco.com/tienda/vino-marques-de-riscal-xr-reserva-tinto-750-ml/
1,Olímpica,tinto,Vino Marqués Riscal Res Tinto 750 Ml,Marques De Riscal,206700,206700,https://www.olimpica.com/-d-vino-marques-riscal-res-tinto-750-ml/p
1,Carulla,tinto,Vino MONTGRAS Cabenet S (750  ml),MONTGRAS,,,https://www.carulla.com/vino-tinto-cabernet-sauvignon-montgras-750-mililitro-363568/p
1,Carulla,tinto,Vino Orgánico Y Vegano Comalats Esparver,COMALATS ESPARVER,,,https://www.carulla.com/vino-organico-y-vegano-comalats-esparver-101608213-mp/p
1,Jumbo,tinto,Vino Pasqua Tinto Lapaccio Primitivo Bot750ml,PASQUA,95990,95990,https://www.jumbocolombia.com/vino-pasqua-tinto-lapaccio-primitivo-bot750ml-90801/p
1,Jumbo,tinto,Vino Piccini tinto chianti docg x 750ml,PICCINI,105990,105990,https://www.jumbocolombia.com/vino-piccini-tinto-chianti-docg-x750ml/p
1,Vinos El Kiosco,tinto,Vino Protos Crianza (Tinto) 750 mL,,197300,197300,https://www.vinoselkiosco.com/tienda/vino-protos-crianza-tinto-750-ml/
1,Vinos El Kiosco,tinto,Vino Protos&#8217;27 Ser Primero (Tinto) 750 mL,,211600,211600,https://www.vinoselkiosco.com/tienda/vino-protos27-ser-primero-tinto-750-ml/
1,Vinos El Kiosco,tinto,Vino Próximo By Marqués De Riscal (Tinto) 750 mL,,63400,63400,https://www.vinoselkiosco.com/tienda/vino-proximo-by-marques-de-riscal-tinto-750-ml/
1,Dislicores,tinto,Vino Ramon Bilbao Crianza + Ramon Bilbao Verdejo,Ramón Bilbao,141990,141990,https://www.dislicores.com/vino-ramon-bilbao-crianza-ramon-bilbao-verdejo-ref-of147000/p
1,Vinos El Kiosco,tinto,Vino Reserva Ducale Chianti Clasico 750 mL,,177800,177800,https://www.vinoselkiosco.com/tienda/vino-reserva-ducale-chianti-clasico-750-ml/
1,Vinos El Kiosco,tinto,Vino Reserva Ducale Oro Chianti Clasico 750 mL,,275300,275300,https://www.vinoselkiosco.com/tienda/vino-reserva-ducale-oro-chianti-clasico-750-ml/
1,Vinos El Kiosco,tinto,Vino Riscal Tempranillo (Tinto) 750 mL,,77700,77700,https://www.vinoselkiosco.com/tienda/vino-riscal-tempranillo-tinto-750-ml/
1,Vinos El Kiosco,tinto,Vino Ruffino Chianti Superiore Docg Fiasco Docg 750,,175200,175200,https://www.vinoselkiosco.com/tienda/vino-ruffino-chianti-superiore-docg-fiasco-docg-750/
1,Jumbo,tinto,Vino San Pedro 1865 reserva carmenere x750ml,SAN PEDRO,164990,164990,https://www.jumbocolombia.com/vino-1865-reserva-carmenere-750ml/p
1,Jumbo,tinto,Vino Santa Ana cabernet sauvignon reserva botella x 750 ml,SANTA ANA,111990,111990,https://www.jumbocolombia.com/vino-santa-ana-cabernet-sauvignon-reserv-botx750ml/p
1,Jumbo,tinto,Vino Santa Helena carmenere x 750ml,SANTA HELENA,104990,104990,https://www.jumbocolombia.com/vino-santa-helena-selec--direct-carmenere-x-750-m-0513612/p
1,Jumbo,tinto,Vino Santa Helena siglo oro reserva carmenere botella x 750 ml,SANTA HELENA,70990,70990,https://www.jumbocolombia.com/vinosanta-helenasiglo-oro-res-carmenere-botx750ml/p
1,Olímpica,tinto,Vino Santa Rita 3 Medallas Carmenere 750 Ml,Santa Rita,55250,55250,https://www.olimpica.com/vino-santa-rita-3-medalla-carme-750ml-7804330006755-2175826/p
1,Vinos El Kiosco,tinto,Vino Santa Rita Bougainville Petite Syrah 750,,561300,561300,https://www.vinoselkiosco.com/tienda/vino-santa-rita-bougainville-petite-syrah-750/
1,Vinos El Kiosco,tinto,Vino Santa Rita Casa Real Cabernet Sauvignon 750,,652300,652300,https://www.vinoselkiosco.com/tienda/vino-santa-rita-casa-real-cabernet-sauvignon-750/
1,Vinos El Kiosco,tinto,Vino Santa Rita Medalla Real Gold Medal Cabernet Sauvignon Limited Edition (Tinto) 750,,133600,133600,https://www.vinoselkiosco.com/tienda/vino-santa-rita-medalla-real-gold-medal-cabernet-sauvignon-limited-edition-tinto-750/
1,Vinos El Kiosco,tinto,Vino Santa Rita Pewen Carmenere 750,,378000,378000,https://www.vinoselkiosco.com/tienda/vino-santa-rita-pewen-carmenere-750/
1,Jumbo,tinto,Vino Santa Rita Tnt.Tres Medallas Merlot Bot750ml,SANTA RITA,54990,54990,https://www.jumbocolombia.com/vino-santa-rita-tnt-tres-medallas-merlot-bot750ml-39357/p
1,Jumbo,tinto,Vino Santa Rita Tres Medal.Tnt.Carmenere Bot750ml,SANTA RITA,54990,54990,https://www.jumbocolombia.com/vino-santa-rita-tres-medal-tnt-carmenere-bot750ml-90787/p
1,Jumbo,tinto,Vino Santiago 1541 tnt cabernet sauvignon botella x750ml,SANTIAGO 1541,64990,64990,https://www.jumbocolombia.com/vinosantiago-1541-tnt-cabernet-sauvignon-botx750ml/p
1,Jumbo,tinto,Vino Septima Obra Malbec Tinto Bot750ml,SEPTIMA,169990,169990,https://www.jumbocolombia.com/vino-septima-obra-malbec-tinto-bot750ml-39385/p
1,Olímpica,tinto,VINO STA RITA MED REAL CARMENERE 750ML,Santa Rita,69972,69972,https://www.olimpica.com/vino-sta-rita-med-real-carmenere-750ml/p
1,Jumbo,tinto,Vino Terrunyo cabernet x 750 ml,TERRUNYO,265990,265990,https://www.jumbocolombia.com/vino-terrunyo-cabernet-x-750-ml/p
1,Olímpica,tinto,VINO TINT CALLIA ALTA MALBEC BOT 750ML,Callia,43380,43380,https://www.olimpica.com/vino-tint-callia-alta-malbec-bot-750ml/p
1,Olímpica,tinto,VINO TINT CALLIA ALTA SYRAH ROS BT 750ML,Callia,40380,40380,https://www.olimpica.com/vino-tint-callia-alta-syrah-ros-bt-750ml/p
1,Olímpica,tinto,VINO TINT DONCELLA CABERNET SAUV 750 ML,DONCELLA,19990,19990,https://www.olimpica.com/vino-tint-doncella-cabernet-sauv-750-ml/p
1,Olímpica,tinto,VINO TINT DONCELLA MERLOT 750 ML,DONCELLA,19990,19990,https://www.olimpica.com/vino-tint-doncella-merlot-750-ml/p
1,Olímpica,tinto,VINO TINT EL ENEMIGO SYRAH VIOGNIR 750ML,El Enemigo,225800,225800,https://www.olimpica.com/vino-tint-el-enemigo-syrah-viognir-750ml/p
1,Olímpica,tinto,VINO TINT UGALDE TEMPRANILLO 750ML,MARIO BROSS,96000,96000,https://www.olimpica.com/vino-tint-ugalde-tempranillo-750ml/p
1,Olímpica,tinto,VINO TINT VERAMONTE RSVA MERLOT 750ML,VERAMONTE,88250,88250,https://www.olimpica.com/vino-tint-veramonte-rsva-merlot-750ml/p
1,Dislicores,tinto,Vino Tinto 9 Lives Reserva Carmenére,Gato Negro,73990,73990,https://www.dislicores.com/vino-tinto-9-lives-reserva-carmenere-ref100191/p
1,Dislicores,tinto,Vino Tinto 9 Lives Reserva Ensamblaje Cabernet Sauvignon Syrah,Gato Negro,73990,73990,https://www.dislicores.com/vino-tinto-9-lives-reserva-ensamblaje-cabernet-sauvignon-syrah-ref100190/p
1,Vinos El Kiosco,tinto,Vino Tinto A Lisa Malbec,,162000,162000,https://www.vinoselkiosco.com/tienda/a-lisa-malbec/
1,Jumbo,tinto,Vino Tinto Adega de Borba Doc Alente. Syrah 750ml,ADEGA DE BORBA,81990,81990,https://www.jumbocolombia.com/vino-tinto-adega-de-borba-doc-alente--syrah-750ml-402650/p
1,Vinos El Kiosco,tinto,Vino Tinto AdegaMãe Touriga Nacional,,130000,130000,https://www.vinoselkiosco.com/tienda/vino-tinto-adegamae-touriga-nacional/
1,Jumbo,tinto,Vino Tinto Adobe Organico Cabernet Sauvignon750ml,EMILIANA,79990,79990,https://www.jumbocolombia.com/vino-tinto-adobe-organico-cabernet-sauvignon750ml-41424/p
1,Vinos El Kiosco,tinto,Vino Tinto Adrianna Vineyard Mundus Bacillus Terrae,,99900,99900,https://www.vinoselkiosco.com/tienda/vino-tinto-adrianna-vineyard-mundus-bacillus-terrae/
1,Vinos El Kiosco,tinto,Vino Tinto Aglianico Campania IGT,,94800,94800,https://www.vinoselkiosco.com/tienda/aglianico-campania-igt/
1,Jumbo,tinto,Vino Tinto Albai Rioja Tempranillo 750ml,ALBAI,59990,59990,https://www.jumbocolombia.com/vino-tinto-albai-rioja-tempranillo-750ml-91254/p
1,Dislicores,tinto,Vino Tinto Alegoria Navarro Gran Reserva Malbec,Navarro Correas,208500,208500,https://www.dislicores.com/vino-tinto-alegoria-navarro-gran-reserva-malbec-ref128010/p
1,Dislicores,tinto,Vino Tinto Alma Mora Malbec,Alma Mora,78500,78500,https://www.dislicores.com/vino-tinto-alma-mora-malbec-ref108160/p
1,Vinos El Kiosco,tinto,Vino Tinto Almaviva 750,,1691500,1691500,https://www.vinoselkiosco.com/tienda/vino-almaviva-750/
1,Vinos El Kiosco,tinto,Vino Tinto Almirez,,191400,191400,https://www.vinoselkiosco.com/tienda/almirez/
1,Vinos El Kiosco,tinto,Vino Tinto Alta Vista Estate Cabernet Franc,,96100,96100,https://www.vinoselkiosco.com/tienda/alta-vista-estate-cabernet-franc/
1,Vinos El Kiosco,tinto,Vino Tinto Alta Vista Premium Malbec,,102600,102600,https://www.vinoselkiosco.com/tienda/alta-vista-premium-malbec/
1,Vinos El Kiosco,tinto,Vino Tinto Alta Vista Red Blend,,90900,90900,https://www.vinoselkiosco.com/tienda/alta-vista-red-blend/
1,Vinos El Kiosco,tinto,Vino Tinto Alta Vista Terroir Selection Malbec,,167600,167600,https://www.vinoselkiosco.com/tienda/alta-vista-terroir-selection-malbec/
1,Olímpica,tinto,Vino Tinto Alto Los Carneros Reserve Merlot 750 Ml,Panet One,43800,43800,https://www.olimpica.com/vino-alto-los-carneros-rsva-merlot-750ml/p
1,Vinos El Kiosco,tinto,Vino Tinto Amado Sur Malbec 750,,40500,40500,https://www.vinoselkiosco.com/tienda/vino-amado-sur-malbec-750/
1,Vinos El Kiosco,tinto,Vino Tinto Amalaya,,97900,97900,https://www.vinoselkiosco.com/tienda/amalaya/
1,Vinos El Kiosco,tinto,Vino Tinto Amarone Della Valpolicella &#8211; Allegrini,,742300,742300,https://www.vinoselkiosco.com/tienda/amarone/
1,Jumbo,tinto,Vino Tinto Angelica Zapata Cabernet Sauvig. 750ml,ANGELICA ZAPATA,355990,355990,https://www.jumbocolombia.com/vino-tinto-angelica-zapata-cabernet-sauvig--750ml-388012/p
1,Vinos El Kiosco,tinto,Vino Tinto Antichello Merlot Trevenezie Igt,,92000,92000,https://www.vinoselkiosco.com/tienda/antichello-merlot-trevenezie-igt/
1,Vinos El Kiosco,tinto,Vino Tinto Antichello Valpolicella Doc,,113000,113000,https://www.vinoselkiosco.com/tienda/antichello-valpolicella-doc/
1,Vinos El Kiosco,tinto,Vino Tinto Antichello Valpolicella Ripasso Doc Superiore,,150700,150700,https://www.vinoselkiosco.com/tienda/antichello-valpolicella-ripasso-doc-superiore/
1,Vinos El Kiosco,tinto,Vino Tinto Antu Ninquen Cabernet / Carmenere,,114300,114300,https://www.vinoselkiosco.com/tienda/antu-ninquen-cabernet-carmenere/
1,Jumbo,tinto,Vino Tinto Autoritas Merlot 750ml,AUTORITAS,31990,31990,https://www.jumbocolombia.com/vino-tinto-autoritas-merlot-750ml-14081/p
1,Vinos El Kiosco,tinto,Vino Tinto Balasto,,791000,791000,https://www.vinoselkiosco.com/tienda/balasto/
1,Jumbo,tinto,Vino Tinto Baron Philippe Roths. Cab.Sauv. 750 ml,BARON PHILIPPE,85990,85990,https://www.jumbocolombia.com/vino-tinto-baron-philippe-roths--cab-sauv--750-ml-159705/p
1,Jumbo,tinto,Vino Tinto Baron Philippe Roths. Merlot. 750 ml,BARON PHILIPPE,85990,85990,https://www.jumbocolombia.com/vino-tinto-baron-philippe-roths--merlot--750-ml-159709/p
1,Jumbo,tinto,Vino Tinto Barton & Guestier Beaujolais Vil.750ml,BARTON & GUESTIER,110990,110990,https://www.jumbocolombia.com/vino-tinto-barton---guestier-beaujolais-vil-750ml-365077/p
1,Jumbo,tinto,Vino Tinto Barton & Guestier Borde. Mer.Cab 750ml,BARTON & GUESTIER,108990,108990,https://www.jumbocolombia.com/vino-tinto-barton---guestier-borde-mercab-750ml--365066/p
1,Jumbo,tinto,Vino Tinto Barton & Guestier Merlot Bot 750 ml,BARTON,76990,76990,https://www.jumbocolombia.com/vino-tinto-barton---guestier-merlot-bot-750-ml-47270/p
1,Olímpica,tinto,Vino Tinto Barton & Guestier Partager Rouge 750 Ml,B & G,39747,39747,https://www.olimpica.com/vino-bg-rouge-partager-rouge-750-ml-3035132630105-1179186/p
1,Jumbo,tinto,Vino Tinto Barton&Guestier Chateauneuf Bot.750ml,BARTON,278990,278990,https://www.jumbocolombia.com/vino-tinto-barton-guestier-chateauneuf-bot-750ml-45510/p
1,Jumbo,tinto,Vino Tinto Barton&Guestier Saintemilion Bot.750ml,BARTON,159990,159990,https://www.jumbocolombia.com/vino-tinto-barton-guestier-saintemilion-bot-750ml-45508/p
1,Vinos El Kiosco,tinto,Vino Tinto Batasiolo Barbaresco D.O.C.G,,270100,270100,https://www.vinoselkiosco.com/tienda/batasiolo-barbaresco-d-o-c-g/
1,Vinos El Kiosco,tinto,Vino Tinto Batasiolo Barbera D&#8217;Alba DOC,,114100,114100,https://www.vinoselkiosco.com/tienda/batasiolo-barbera-dalba-doc/
1,Vinos El Kiosco,tinto,Vino Tinto Batasiolo Barolo D.O.C.G.,,275300,275300,https://www.vinoselkiosco.com/tienda/batasiolo-barolo-d-o-c-g/
1,Dislicores,tinto,Vino Tinto Belle Glos Clark & Telephone,Belle Gloss,344500,344500,https://www.dislicores.com/vino-tinto-belle-gloss-clark-y-telephone-ref263003/p
1,Dislicores,tinto,Vino Tinto Belle Glos Pinot Noir Las Alturas,Belle Gloss,344500,344500,https://www.dislicores.com/vino-tinto-belle-gloss-las-alturas-ref263001/p
1,Jumbo,tinto,Vino Tinto Belleruche Cotes Du Rhone 750 ml,BELLERUCHE,155990,155990,https://www.jumbocolombia.com/vino-tinto-belleruche-cotes-du-rhone-750-ml-290639/p
1,Jumbo,tinto,Vino Tinto Beronia Rioja Crianza Bot.750ml,BERONIA CRIANZA,104990,104990,https://www.jumbocolombia.com/vino-tinto-beronia-rioja-crianza-bot-750ml-8352/p
1,Vinos El Kiosco,tinto,Vino Tinto Beso De Dante,,272800,272800,https://www.vinoselkiosco.com/tienda/beso-de-dante/
1,Jumbo,tinto,Vino tinto Botter chianti doc x750ml,BOTTER,77990,77990,https://www.jumbocolombia.com/vino-tinto-botter-chianti-doc-x-750-ml/p
1,Vinos El Kiosco,tinto,Vino Tinto Bouchard Beaune Greves Vigne De Lénfant Jésus,,731800,731800,https://www.vinoselkiosco.com/tienda/bouchard-beaune-greves-vigne-de-lenfant-jesus/
1,Vinos El Kiosco,tinto,Vino Tinto Bouchard Bourgogne Hautes Cotes De Nuits,,144200,144200,https://www.vinoselkiosco.com/tienda/bouchard-bourgogne-hautes-cotes-de-nuits/
1,Vinos El Kiosco,tinto,Vino Tinto Bourgogne Rouge Louis Jadot &#8211; Couvent des Jacobins,,155700,155700,https://www.vinoselkiosco.com/tienda/bourgogne-rouge-louis-jadot-couvent-des-jacobins/
1,Vinos El Kiosco,tinto,Vino Tinto Bricco Magno Langhe Rosso DOC &#8211; 750ml,,183200,183200,https://www.vinoselkiosco.com/tienda/bricco-magno-langhe-rosso-doc-750ml/
1,Dislicores,tinto,Vino Tinto Brunello Di Montalcino Piccini Sangiovese Grosso,Piccini,329500,329500,https://www.dislicores.com/vino-tinto-brunello-di-montalcino-piccini-sangiovese-grosso-ref153075/p
1,Vinos El Kiosco,tinto,Vino Tinto Buena Vista Carneros Pinot Noir,,237800,237800,https://www.vinoselkiosco.com/tienda/buena-vista-carneros-pinot-noir/
1,Vinos El Kiosco,tinto,Vino Tinto Buena Vista The Count,,192300,192300,https://www.vinoselkiosco.com/tienda/buena-vista-the-count/
1,Vinos El Kiosco,tinto,Vino Tinto Buena Vista Zinfandel,,165000,165000,https://www.vinoselkiosco.com/tienda/buena-vista-zinfandel/
1,Jumbo,tinto,Vino Tinto Caballo Loco Valdivieso 750ml,CABALLO LOCO,514990,514990,https://www.jumbocolombia.com/vino-tinto-caballo-loco-valdivieso-750ml-39359/p
1,Dislicores,tinto,Vino Tinto Cabo De Hornos Reserva Cabernet Sauvignon,Cabo de hornos,468500,468500,https://www.dislicores.com/vino-tinto-cabo-de-hornos-reserva-cabernet-sauvignon-ref100078/p
1,Vinos El Kiosco,tinto,Vino Tinto Caliterra Cenit,,462500,462500,https://www.vinoselkiosco.com/tienda/caliterra-cenit/
1,Vinos El Kiosco,tinto,Vino Tinto Caliterra Edicion Limitada A,,231100,231100,https://www.vinoselkiosco.com/tienda/caliterra-edicion-limitada-a/
1,Vinos El Kiosco,tinto,Vino Tinto Caliterra Edicion Limitada M,,229800,229800,https://www.vinoselkiosco.com/tienda/caliterra-edicion-limitada-m/
1,Vinos El Kiosco,tinto,Vino Tinto Caliterra Reserva Merlot,,84900,84900,https://www.vinoselkiosco.com/tienda/caliterra-reserva-merlot/
1,Dislicores,tinto,Vino Tinto Calvet Châteauneuf-du-Pape,Calvet,298990,298990,https://www.dislicores.com/vino-tinto-calvet-chateaun-euf-du-pape-ref106411/p
1,Carulla,tinto,Vino tinto CALVET merlot Cabenet S (750  ml),CALVET,,,https://www.carulla.com/vtinto-cabernet-sconversat-984470/p
1,Dislicores,tinto,Vino Tinto Calvet Saint-Émilion Grand Cru,Calvet,145500,145500,https://www.dislicores.com/vino-tinto-calvet-saint--emilion-grand-cru-ref143007/p
1,Vinos El Kiosco,tinto,Vino Tinto Camigliano Brunello di Montalcino DOCG,,72700,72700,https://www.vinoselkiosco.com/tienda/camigliano-brunello-di-montalcino-docg/
1,Vinos El Kiosco,tinto,"Vino Tinto Camigliano Rosso di Montalcino 2016, DOC",,145500,145500,https://www.vinoselkiosco.com/tienda/camigliano-rosso-di-montalcino-2016-doc/
1,Vinos El Kiosco,tinto,Vino Tinto Camins Del Priorat,,195800,195800,https://www.vinoselkiosco.com/tienda/camins-del-priorat/
1,Jumbo,tinto,Vino Tinto Care Trio Red Blend 750ml,CARE,75990,75990,https://www.jumbocolombia.com/vino-tinto-care-trio-red-blend-750ml-357369/p
1,Olímpica,tinto,Vino Tinto Cariñoso Verano 750 Ml,Cariñoso,31250,31250,https://www.olimpica.com/vino-tinto-carinoso-verano-750-ml-7703588001041--1403620/p
1,Vinos El Kiosco,tinto,Vino Tinto Carmenere Reservado Marca Concha Y Toro 750,,36600,36600,https://www.vinoselkiosco.com/tienda/vino-tinto-carmenere-reservado-marca-concha-y-toro-750/
1,Vinos El Kiosco,tinto,Vino Tinto Carmin De Peumo Carmenere,,942300,942300,https://www.vinoselkiosco.com/tienda/vino-carmin-de-peumo-carmenere/
1,Vinos El Kiosco,tinto,Vino Tinto Carpineto Brunello Di Montalcino,,272900,272900,https://www.vinoselkiosco.com/tienda/carpineto-brunello-di-montalcino/
1,Vinos El Kiosco,tinto,Vino Tinto Carpineto Chianti Classico,,114300,114300,https://www.vinoselkiosco.com/tienda/carpineto-chianti-classico/
1,Vinos El Kiosco,tinto,Vino Tinto Carpineto Dogajolo,,87000,87000,https://www.vinoselkiosco.com/tienda/carpineto-dogajolo-tinto/
1,Olímpica,tinto,Vino Tinto Casa Grajales Abocado 750 Ml,Grajales,46600,46600,https://www.olimpica.com/vino-abocado-grajales--750-ml/p
1,Olímpica,tinto,Vino Tinto Casa Grajales Abocado Generoso 750 Ml,Grajales,46600,46600,https://www.olimpica.com/vino-grajales-abocado-dulce-750-ml-7702121234175-1328514/p
1,Olímpica,tinto,Vino Tinto Casa Grajales Don Luis Generoso 750 Ml,Don Luis,45650,45650,https://www.olimpica.com/vino-grajales-generoso-dn-luis-750-ml/p
1,Olímpica,tinto,"Vino Tinto Casa Grajales Dulce 1,5 Lt",Grajales,49300,49300,https://www.olimpica.com/vino-grajales-dulce-15-l-7702121000398-731996/p
1,Olímpica,tinto,Vino Tinto Casa Grajales Gran Sidon Dulce 750 Ml,Grajales,39750,39750,https://www.olimpica.com/vino-grajales-dulc-750-ml/p
1,Olímpica,tinto,Vino Tinto Casa Grajales Moscatel 750 Ml,Grajales,30350,30350,https://www.olimpica.com/vino-grajales-moscatel-750-ml/p
1,Olímpica,tinto,Vino Tinto Casa Grajales Moscatel Dulce 1 Lt,Grajales,25900,25900,https://www.olimpica.com/vino-moscatel-dulce-grajales-1000-ml/p
1,Olímpica,tinto,Vino Tinto Casa Grajales Moscatel Valle De La Unión 750 Ml,Grajales,27900,27900,https://www.olimpica.com/vino-grajales-moscat-valle-union-750ml/p
1,Olímpica,tinto,Vino Tinto Casa Grajales Seco 750 Ml,Grajales,46600,46600,https://www.olimpica.com/vino-grajales-tint-sec-750-ml-7702121231211-1577572/p
1,Olímpica,tinto,Vino Tinto Casa Grajales Valtier Semiseco 1 Lt,Grajales,30250,30250,https://www.olimpica.com/vino-grajales-tint-s-sec-valier-1-l-7702121001081-1578142/p
1,Vinos El Kiosco,tinto,Vino Tinto Casa Silva  Gran Terroir Angostura Merlot 750,,112800,112800,https://www.vinoselkiosco.com/tienda/vino-tinto-casa-silva-gran-terroir-angostura-merlot-750/
1,Vinos El Kiosco,tinto,Vino Tinto Casa Silva  Gran Terroir Los Lingues Carmenere &#8211; 750,,112800,112800,https://www.vinoselkiosco.com/tienda/vino-tinto-casa-silva-gran-terroir-los-lingues-carmenere-750/
1,Jumbo,tinto,Vino Tinto Casa Silva Cab.Sauv. Los Lingues 750ml,CASA SILVA,101263,101263,https://www.jumbocolombia.com/vino-tinto-casa-silva-cab-sauv--los-lingues-750ml-214127/p
1,Jumbo,tinto,Vino Tinto Casa Silva Carmenere Los Lingues 750ml,CASA SILVA,92943,92943,https://www.jumbocolombia.com/vino-tinto-casa-silva-carmenere-los-lingues-750ml-214123/p
1,Vinos El Kiosco,tinto,Vino Tinto Casa Silva Edición Limitada Petit Verdot 750,,112800,112800,https://www.vinoselkiosco.com/tienda/vino-tinto-casa-silva-edicion-limitada-petit-verdot-750/
1,Jumbo,tinto,Vino Tinto Casa Silva Merlot Angostura 750ml,CASA SILVA,74093,74093,https://www.jumbocolombia.com/vino-tinto-casa-silva-merlot-angostura-750ml-214114/p
1,Vinos El Kiosco,tinto,Vino Tinto Casa Silva Microterroir Carmenere &#8211; 750,,307800,307800,https://www.vinoselkiosco.com/tienda/vino-tinto-casa-silva-microterroir-carmenere-750/
1,Jumbo,tinto,Vino tinto Casas del Bosque Cabernet sauvignon Reserva x750ml,CASAS DEL BOSQUE,88990,88990,https://www.jumbocolombia.com/vino-tinto-casas-del-bosque-cab-sauv--rva--x750ml/p
1,Vinos El Kiosco,tinto,Vino Tinto Casillero Cabernet Sauvignon Devilish 750,,70000,70000,https://www.vinoselkiosco.com/tienda/vino-casillero-cabernet-sauvignon-devilish-750/
1,Jumbo,tinto,Vino Tinto Casillero del Diablo Caber.Sauvi.750ml,CASILLERO DEL DIABLO,85500,85500,https://www.jumbocolombia.com/vino-tinto-casillero-del-diablo-caber-sauvi-750ml-8267/p
1,Jumbo,tinto,Vino Tinto Casillero del Diablo dev.Car.Red750ml,CASILLERO DEL DIABLO,79990,79990,https://www.jumbocolombia.com/vino-tinto-casillero-del-diablo-dev-car-red750ml-326497/p
1,Olímpica,tinto,Vino Tinto Casillero del Diablo Devil 750 Ml,Casillero Diablo,98900,98900,https://www.olimpica.com/vino-casillero-diablo-devil-tint-750ml/p
1,Jumbo,tinto,Vino tinto Casillero Del Diablo Devil's Collection x750ml,CASILLERO DEL DIABLO,102990,102990,https://www.jumbocolombia.com/vino-tinto-casillero-del-diablo-devil-colect-x-750ml/p
1,Vinos El Kiosco,tinto,Vino Tinto Casillero Del Diablo Devil&#8217;S,,86900,86900,https://www.vinoselkiosco.com/tienda/vino-casillero-del-diablo-devils-tinto/
1,Vinos El Kiosco,tinto,Vino Tinto Casillero Del Diablo Devilish Merlot 750,,71800,71800,https://www.vinoselkiosco.com/tienda/vino-casillero-del-diablo-devilish-merlot-750/
1,Jumbo,tinto,Vino Tinto Casillero del Diablo Mabelec 750ml,CASILLERO DEL DIABLO,88690,88690,https://www.jumbocolombia.com/vino-tinto-casillero-del-diablo-mabelec-750ml-8282/p
1,Vinos El Kiosco,tinto,Vino Tinto Casillero Pinot Noir 750,,73900,73900,https://www.vinoselkiosco.com/tienda/vino-casillero-pinot-noir-750/
1,Vinos El Kiosco,tinto,Vino Tinto Casillero Reserva Privada Carmenere 750,,115200,115200,https://www.vinoselkiosco.com/tienda/vino-casillero-reserva-privada-carmenere-750/
1,Vinos El Kiosco,tinto,Vino Tinto Castel Bordeaux Merlot Rouge Aoc 750,,88600,88600,https://www.vinoselkiosco.com/tienda/vino-castel-bordeaux-merlot-rouge-aoc-750/
1,Vinos El Kiosco,tinto,Vino Tinto Castel Chateauneuf Du Pape Rouge Aoc 750,,205100,205100,https://www.vinoselkiosco.com/tienda/vino-castel-chateauneuf-du-pape-rouge-aoc-750/
1,Vinos El Kiosco,tinto,Vino Tinto Castel Grande Reserve Cabernet Sauvignon 750,,72300,72300,https://www.vinoselkiosco.com/tienda/vino-castel-grande-reserve-cabernet-sauvignon-750/
1,Vinos El Kiosco,tinto,Vino Tinto Castel Grande Reserve Pays Doc Pinot Noir 750,,72300,72300,https://www.vinoselkiosco.com/tienda/vino-castel-grande-reserve-pays-doc-pinot-noir-750/
1,Vinos El Kiosco,tinto,Vino Tinto Castel Igp Pays Doc Syrah 750,,37900,37900,https://www.vinoselkiosco.com/tienda/vino-castel-igp-pays-doc-syrah-750/
1,Vinos El Kiosco,tinto,Vino Tinto CastelGiocondo Brunello Di Montalcino DOCG,,459900,459900,https://www.vinoselkiosco.com/tienda/castelgiocondo-brunello-di-montalcino-docg/
1,Dislicores,tinto,Vino Tinto Castillo De Molina Reserva Tributo Cabernet Sauvignon,Castillo de Molina,121990,121990,https://www.dislicores.com/vino-tinto-castillo-de-molina-reserva-tributo-cabernet-sauvignon-ref100077/p
1,Olímpica,tinto,Vino Tinto Cata Vincorte 1000 Ml,Cata Vieja,32300,32300,https://www.olimpica.com/vino-cata-vieja-tinto-tetrapack-1000ml-7703518503874-2146338/p
1,Olímpica,tinto,Vino Tinto Catena Alta Carbenet Sauvignon 750 Ml,Catena,340800,340800,https://www.olimpica.com/vino-tinto-catena-alta-cabernet-750-ml-7794450008220-1256845/p
1,Vinos El Kiosco,tinto,Vino Tinto Catena Appellation &#8220;Agrelo&#8221; Cabernet Sauvignon,,144000,144000,https://www.vinoselkiosco.com/tienda/catena-appellation-agrelo-cabernet-sauvignon/
1,Vinos El Kiosco,tinto,Vino Tinto Catena Appellation &#8220;La Consulta&#8221; Malbec,,158400,158400,https://www.vinoselkiosco.com/tienda/catena-appellation-la-consulta-malbec/
1,Vinos El Kiosco,tinto,Vino Tinto Catena Appellation &#8220;Paraje Altamira&#8221; Malbec,,160100,160100,https://www.vinoselkiosco.com/tienda/catena-appellation-paraje-altamira-malbec/
1,Vinos El Kiosco,tinto,Vino Tinto Catena Appellation &#8220;San Carlos&#8221; Cabernet Franc,,143400,143400,https://www.vinoselkiosco.com/tienda/catena-appellation-san-carlos-cabernet-franc/
1,Olímpica,tinto,Vino Tinto Catena Appellation Agrelo Cabernet Sauvignon 750 Ml,Catena,152800,152800,https://www.olimpica.com/vino-catena-appellation-agrelo-cabernet-sauvignon-750ml-7794450002846-2160187/p
1,Olímpica,tinto,Vino Tinto Catena Appellation La Consulta Malbec 750 Ml,Catena,177800,177800,https://www.olimpica.com/vino-catena-appellation-la-consulta-malbec-750ml-7794450004314-2160185/p
1,Olímpica,tinto,Vino Tinto Catena Appellation Paraje Altamira Malbec 750 Ml,Catena,170800,170800,https://www.olimpica.com/vino-catena-appellation-paraje-altamira-malbec-750ml-7794450005175-2160186/p
1,Olímpica,tinto,Vino Tinto Catena Cabernet France 750 Ml,Catena,156800,156800,https://www.olimpica.com/vino-tinto-catena-cabernet-france-750-ml-7794450002853-1256731/p
1,Jumbo,tinto,Vino Tinto Catena Malbec Altamira 750ml,CATENA,191990,191990,https://www.jumbocolombia.com/vino-tinto-catena-malbec-altamira-750ml-148986/p
1,Jumbo,tinto,Vino Tinto Catena Malbec Consulta 750ml,CATENA,191990,191990,https://www.jumbocolombia.com/vino-tinto-catena-malbec-consulta-750ml-148990/p
1,Jumbo,tinto,Vino Tinto Catena Sauvignon Agrelo 750ml,CATENA,165990,165990,https://www.jumbocolombia.com/vino-tinto-catena-sauvignon-agrelo-750ml-148991/p
1,Vinos El Kiosco,tinto,Vino Tinto Catena Zapata Nicasia Vineyard,,99900,99900,https://www.vinoselkiosco.com/tienda/vino-tinto-catena-zapata-nicasia-vineyard/
1,Vinos El Kiosco,tinto,Vino Tinto Caulio Chianti Colli Senesi Riserva DOCG,,115600,115600,https://www.vinoselkiosco.com/tienda/caulio-chianti-colli-senesi-riserva-docg/
1,Vinos El Kiosco,tinto,Vino Tinto Cecchi Chianti Classico DOCG &#8211; Storia di Famiglia,,136200,136200,https://www.vinoselkiosco.com/tienda/cecchi-chianti-classico-docg/
1,Vinos El Kiosco,tinto,Vino Tinto Cecchi Chianti DOCG,,71200,71200,https://www.vinoselkiosco.com/tienda/cecchi-chianti-docg-2/
1,Vinos El Kiosco,tinto,Vino Tinto Cecchi Sangiovese di Toscana IGT,,79000,79000,https://www.vinoselkiosco.com/tienda/cecchi-sangiovese-di-toscana-igt/
1,Vinos El Kiosco,tinto,Vino Tinto Cepa Gavilan Crianza,,154500,154500,https://www.vinoselkiosco.com/tienda/cepa-gavilan-crianza/
1,Vinos El Kiosco,tinto,Vino Tinto Cepa Tradicional,,50600,50600,https://www.vinoselkiosco.com/tienda/cepa-tradicional/
1,Vinos El Kiosco,tinto,Vino Tinto Chateau Montelena Estate Cabernet Sauvignon,,895400,895400,https://www.vinoselkiosco.com/tienda/chateau-montelena-estate-cabernet-sauvignon/
1,Vinos El Kiosco,tinto,Vino Tinto Chateau Ste. Michelle Columbia Valley Merlot,,125000,125000,https://www.vinoselkiosco.com/tienda/vino-tinto-chateau-ste-michelle-columbia-valley-merlot/
1,Vinos El Kiosco,tinto,Vino Tinto Cheval Des Andes 750,,632200,632200,https://www.vinoselkiosco.com/tienda/vino-cheval-des-andes-750/
1,Vinos El Kiosco,tinto,Vino Tinto Chianti Classico Docg Castello D Albola,,86200,86200,https://www.vinoselkiosco.com/tienda/vino-tinto-chianti-classico-docg-castello-d-albola/
1,Vinos El Kiosco,tinto,Vino Tinto Chianti Docg Zonin,,45000,45000,https://www.vinoselkiosco.com/tienda/vino-tinto-chianti-docg-zonin/
1,Vinos El Kiosco,tinto,Vino Tinto Chianti Poggio al Vento Chianti Colli Senesi DOCG,,144200,144200,https://www.vinoselkiosco.com/tienda/chianti-poggio-al-vento-chianti-colli-senesi-docg/
1,Vinos El Kiosco,tinto,Vino Tinto Clos Apalta,,940900,940900,https://www.vinoselkiosco.com/tienda/vino-tinto-clos-apalta/
1,Vinos El Kiosco,tinto,Vino Tinto Clos De Los Siete,,140300,140300,https://www.vinoselkiosco.com/tienda/clos-de-los-siete/
1,Vinos El Kiosco,tinto,Vino Tinto Clos Du Val Carneros Pinot Noir,,249500,249500,https://www.vinoselkiosco.com/tienda/clos-du-val-carneros-pinot-noir/
1,Vinos El Kiosco,tinto,Vino Tinto Clos Du Val Napa Valley Cabernet Sauvignon,,249500,249500,https://www.vinoselkiosco.com/tienda/clos-du-val-napa-valley-cabernet-sauvignon/
1,Jumbo,tinto,Vino Tinto Colinas de Lisboa Reserva Red 750ml,COLINAS DE LISBOA,64990,64990,https://www.jumbocolombia.com/vino-tinto-colinas-de-lisboa-reserva-red-750ml-402653/p
1,Vinos El Kiosco,tinto,Vino Tinto Colome Estate Malbec,,172900,172900,https://www.vinoselkiosco.com/tienda/colome-estate-malbec/
1,Vinos El Kiosco,tinto,Vino Tinto Comenge Biberius,,89600,89600,https://www.vinoselkiosco.com/tienda/comenge-biberius/
1,Vinos El Kiosco,tinto,Vino Tinto Comenge Crianza,,137700,137700,https://www.vinoselkiosco.com/tienda/comenge-crianza/
1,Vinos El Kiosco,tinto,Vino Tinto Comenge Don Miguel Reserva,,282000,282000,https://www.vinoselkiosco.com/tienda/comenge-don-miguel-reserva/
1,Vinos El Kiosco,tinto,Vino Tinto Comenge Familia Reserva,,191000,191000,https://www.vinoselkiosco.com/tienda/comenge-familia-reserva/
1,Vinos El Kiosco,tinto,Vino Tinto Condado de Haza Crianza,,199900,199900,https://www.vinoselkiosco.com/tienda/condado-de-haza-crianza/
1,Jumbo,tinto,Vino tinto Condado de Leganza tempranillo x750 ml,CONDADO DE LEGANZA,94990,94990,https://www.jumbocolombia.com/vino-tinto-condado-de-leganza-tempranillo-x-750-ml/p
1,Jumbo,tinto,Vino Tinto Condado de Oriza Reserva 750ml,CONDADO DE ORIZA,115990,115990,https://www.jumbocolombia.com/vino-tinto-condado-de-oriza-reserva-750ml-319497/p
1,Jumbo,tinto,Vino Tinto Condado de Oriza Roble 750ml,CONDADO DE ORIZA,53990,53990,https://www.jumbocolombia.com/vino-tinto-condado-de-oriza-roble-750ml-319493/p
1,Jumbo,tinto,Vino Tinto Convento Da Vila Blend Alentejano750ml,CONVENTO DA VILA,53990,53990,https://www.jumbocolombia.com/vino-tinto-convento-da-vila-blend-alentejano750ml-377298/p
1,Olímpica,tinto,Vino Tinto Convier Moscatel 750 Ml,Convier,20190,20190,https://www.olimpica.com/vino-convier-moscatel-750-ml--/p
1,Vinos El Kiosco,tinto,Vino Tinto Corte Giara Valpolicella Ripasso,,187400,187400,https://www.vinoselkiosco.com/tienda/corte-giara-valpolicella-ripasso/
1,Jumbo,tinto,Vino Tinto Cousino Macul Donluis Caber.Sauv.750ml,COUSINO MACUL,78990,78990,https://www.jumbocolombia.com/vino-tinto-cousino-macul-donluis-caber-sauv-750ml-35451/p
1,Dislicores,tinto,Vino Tinto Cousiño Macul Gran Reserva Finis Terrae,Cousiño Macul,165990,165990,https://www.dislicores.com/vino-tinto-cousino-macul-gran-reserva-finis-terrae-ref161027/p
1,Dislicores,tinto,Vino Tinto Cousiño Macul Lota Premium Blend,Cousiño Macul,564500,564500,https://www.dislicores.com/vino-tinto-cousino-macul-lota-premium-blend-ref161026/p
1,Vinos El Kiosco,tinto,Vino Tinto Coyam Blend 750,,180400,180400,https://www.vinoselkiosco.com/tienda/vino-coyam-blend-750/
1,Dislicores,tinto,Vino Tinto Cuatro Cumbres Vino Tetra Pack Variedad De Uvas,Cuatro Cumbres,27500,27500,https://www.dislicores.com/vino-tinto-cuatro-cumbres-vino-tetra-pack-variedad-de-uvas-ref100091/p
1,Vinos El Kiosco,tinto,Vino Tinto Cuvee Alexandre Carmenere,,195300,195300,https://www.vinoselkiosco.com/tienda/vino-tinto-cuvee-alexandre-carmenere/
1,Olímpica,tinto,Vino Tinto D'Alamel Merlot 750 Ml,Dalamel,101450,101450,https://www.olimpica.com/vino-tinto-dalamel-merlot-750ml-7804387001833-2106180/p
1,Vinos El Kiosco,tinto,Vino Tinto D&#8217;Alamel Carmenere,,83500,83500,https://www.vinoselkiosco.com/tienda/dalamel-carmenere/
1,Olímpica,tinto,Vino Tinto Dadá 1 Finca Las Moras Malbec 750 Ml,Dada,80000,80000,https://www.olimpica.com/vino-dada-bonarda-malbec-750-ml/p
1,Olímpica,tinto,Vino Tinto Dadá 2 Finca Las Moras Merlot 750 Ml,Dada,80000,80000,https://www.olimpica.com/vino-dada-2-merlot-750-ml/p
1,Jumbo,tinto,Vino tinto Dadá Art Wine 3 x750ml,DADA,81990,81990,https://www.jumbocolombia.com/vino-dada-tinto-art-wine-3-bot-x-750-ml/p
1,Dislicores,tinto,Vino Tinto Dalmau Reserva Marques De Murrieta,Dalmau,1168000,1168000,https://www.dislicores.com/vino-tinto-dalmau-reserva-marques-de-murrieta-ref806008/p
1,Vinos El Kiosco,tinto,Vino Tinto Danzante Chianti DOC,,132300,132300,https://www.vinoselkiosco.com/tienda/danzante-chianti-doc/
1,Vinos El Kiosco,tinto,Vino Tinto De Martino Legado Gran Reserva Syrah,,116700,116700,https://www.vinoselkiosco.com/tienda/vino-tinto-de-martino-legado-gran-reserva-syrah/
1,Vinos El Kiosco,tinto,Vino Tinto De Martino Single Vineyard Alto De Piedras Carmenere,,220800,220800,https://www.vinoselkiosco.com/tienda/vino-tinto-de-martino-single-vineyard-alto-de-piedras-carmenere/
1,Vinos El Kiosco,tinto,Vino Tinto De Martino Viejas Tinajas Cinsault,,144900,144900,https://www.vinoselkiosco.com/tienda/vino-tinto-de-martino-viejas-tinajas-cinsault/
1,Vinos El Kiosco,tinto,Vino Tinto Decoy Red Wine,,144200,144200,https://www.vinoselkiosco.com/tienda/decoy-red-wine/
1,Jumbo,tinto,Vino Tinto dedalo Red Blend Semi Sweet 750ml,DEDALO,43990,43990,https://www.jumbocolombia.com/vino-tinto-dedalo-red-blend-semi-sweet-750ml-402661/p
1,Olímpica,tinto,Vino Tinto Diablo Dark Red 750 Ml,Casillero Diablo,110500,110500,https://www.olimpica.com/vino-tinto-diablo-dark-red-750-ml-7804320746104-2168654/p
1,Vinos El Kiosco,tinto,Vino Tinto Diablo Dark Red Blend X 750,,119900,119900,https://www.vinoselkiosco.com/tienda/vino-diablo-dark-red-blend-x-750-cc/
1,Jumbo,tinto,Vino Tinto Diablo Purple Malbec 750ml,DIABLO,121690,121690,https://www.jumbocolombia.com/vino-tinto-diablo-purple-malbec-750ml-329584/p
1,Vinos El Kiosco,tinto,Vino Tinto Doña Domingacabernet Sauvignon 750,,53000,53000,https://www.vinoselkiosco.com/tienda/vino-tinto-dona-domingacabernet-sauvignon-750/
1,Vinos El Kiosco,tinto,Vino Tinto Doña Domingacarmenere 750,,53000,53000,https://www.vinoselkiosco.com/tienda/vino-tinto-dona-domingacarmenere-750/
1,Vinos El Kiosco,tinto,Vino Tinto Doña Domingasyrah 750,,53000,53000,https://www.vinoselkiosco.com/tienda/vino-tinto-dona-domingasyrah-750/
1,Jumbo,tinto,Vino Tinto Dona Paula Blend Altitude 1100Mts750ml,DONA PAULA,177990,177990,https://www.jumbocolombia.com/vino-tinto-dona-paula-blend-altitude-1100mts750ml-303363/p
1,Jumbo,tinto,Vino Tinto Dona Paula Blend Altitude 1350Mts750ml,DONA PAULA,177990,177990,https://www.jumbocolombia.com/vino-tinto-dona-paula-blend-altitude-1350mts750ml-303373/p
1,Jumbo,tinto,Vino Tinto Dona Paula Cabernet Sauv.Estate 750 ml,DONA PAULA,103990,103990,https://www.jumbocolombia.com/vino-tinto-dona-paula-cabernet-sauv-estate-750-ml-32560/p
1,Jumbo,tinto,Vino Tinto Dona Paula Los Cardos Caber.Sauv.750ml,DONA PAULA,55990,55990,https://www.jumbocolombia.com/vino-tinto-dona-paula-los-cardos-caber-sauv-750ml-303368/p
1,Vinos El Kiosco,tinto,Vino Tinto Doña Paula Seleccion De Bodega Malbec,,406600,406600,https://www.vinoselkiosco.com/tienda/dona-paula-seleccion-de-bodega-malbec/
1,Vinos El Kiosco,tinto,Vino Tinto Duckhorn Napa Valley Merlot,,393800,393800,https://www.vinoselkiosco.com/tienda/duckhorn-napa-valley-merlot/
1,Olímpica,tinto,Vino Tinto Due Fratelli Kosher 750 Ml,Product Ingrid,37980,37980,https://www.olimpica.com/vino-tint-due-fratelli-kosher-750ml/p
1,Jumbo,tinto,Vino Tinto El Coto Crianza Doc Rioja 750 ml,EL COTO,87590,87590,https://www.jumbocolombia.com/vino-tinto-el-coto-crianza-doc-rioja-750-ml-260511/p
1,Jumbo,tinto,Vino Tinto El Enemigo Bonarda Sing.Vineyard 750ml,EL ENEMIGO,251990,251990,https://www.jumbocolombia.com/vino-tinto-el-enemigo-bonarda-sing-vineyard-750ml-260515/p
1,Jumbo,tinto,Vino Tinto El Enemigo Malbec Bot.750ml,EL ENEMIGO,269990,269990,https://www.jumbocolombia.com/vino-tinto-el-enemigo-malbec-bot-750ml-117364/p
1,Jumbo,tinto,Vino Tinto El Enemigo Syrah-Viognier 750 ml,EL ENEMIGO,251990,251990,https://www.jumbocolombia.com/vino-tinto-el-enemigo-syrah-viognier-750-ml-260528/p
1,Dislicores,tinto,Vino Tinto Emilio Moro Finca Resalso Tempranillo,Emilio Moro,111990,111990,https://www.dislicores.com/vino-tinto-emilio-moro-finca-resalso-tempranillo-ref107005/p
1,Dislicores,tinto,Vino Tinto Emilio Moro Malleolus De Sancho Martin Tempranillo,Emilio Moro,1319000,1319000,https://www.dislicores.com/vino-tinto-emilio-moro-malleolus-de-sancho-martin-tempranillo--ref107001/p
1,Dislicores,tinto,Vino Tinto Emilio Moro Malleolus De Valderramiro Tempranillo,Emilio Moro,938990,938990,https://www.dislicores.com/vino-tinto-emilio-moro-malleolus-de-valderramiro-tempranillo-ref107015/p
1,Dislicores,tinto,Vino Tinto Emilio Moro Malleolus Tempranillo,Emilio Moro,353000,353000,https://www.dislicores.com/vino-tinto-emilio-moro-malleolus-tempranillo-ref107010/p
1,Dislicores,tinto,Vino Tinto Emilio Moro Tempranillo,Emilio Moro,195990,195990,https://www.dislicores.com/vino-tinto-emilio-moro-tempranillo-ref107020/p
1,Dislicores,tinto,Vino Tinto Enate Crianza,Enate,115000,115000,https://www.dislicores.com/vino-tinto-enate-crianza-ref259021/p
1,Dislicores,tinto,Vino Tinto Entrecote Varietal,Entrecote,77500,77500,https://www.dislicores.com/vino-tinto-entrecote-varietal-ref106029/p
1,Vinos El Kiosco,tinto,Vino Tinto Errazuriz Estate Series Syrah,,93300,93300,https://www.vinoselkiosco.com/tienda/errazuriz-estate-series-syrah/
1,Vinos El Kiosco,tinto,Vino Tinto Escorihuela Gascón DON,,458600,458600,https://www.vinoselkiosco.com/tienda/escorihuela-gascon-don/
1,Vinos El Kiosco,tinto,Vino Tinto Escorihuela Pequeñas Producciones Cabernet Suavignon,,227800,227800,https://www.vinoselkiosco.com/tienda/escorihuela-pequenas-producciones-cabernet-suavignon/
1,Vinos El Kiosco,tinto,Vino Tinto Escorihuela Pequeñas Producciones Syrah,,233100,233100,https://www.vinoselkiosco.com/tienda/escorihuela-pequenas-producciones-syrah/
1,Dislicores,tinto,Vino Tinto Espumoso Piccini Regno Lambrusco,Piccini,52500,52500,https://www.dislicores.com/vino-tinto-espumoso-piccini-regno-lambrusco-ref153130/p
1,Jumbo,tinto,Vino tinto estancia Mendoza cabernet malbec botella x 750ml,ESTANCIA MENDOZA,29990,29990,https://www.jumbocolombia.com/vino-tinto-estancia-mendoza-cabernet-malbec-botella-x-750ml/p
1,Olímpica,tinto,Vino Tinto Estoril Dulce 750 Ml,Undurraga,23700,23700,https://www.olimpica.com/vino-estoril-dulce-750-ml-7702450025017-197866/p
1,Vinos El Kiosco,tinto,Vino Tinto Exportacion Selecto Cabernet Sauvignon/ Carmenere 750,,33600,33600,https://www.vinoselkiosco.com/tienda/v-exportacion-selecto-cabernet-sauvignon-carmenere-750/
1,Vinos El Kiosco,tinto,Vino Tinto Familia Gascon Tempranillo,,77700,77700,https://www.vinoselkiosco.com/tienda/familia-gascon-tempranillo/
1,Vinos El Kiosco,tinto,Vino Tinto Faustino I Gran Reserva,,318200,318200,https://www.vinoselkiosco.com/tienda/faustino-i-gran-reserva/
1,Jumbo,tinto,Vino tinto Faustino reserva especial icon edition x750ml,FAUSTINO,486990,486990,https://www.jumbocolombia.com/vino-tinto-faustino-rva-espec--icon-edition-x750ml/p
1,Vinos El Kiosco,tinto,Vino Tinto Faustino Rivero Ulecia Rioja,,20500,20500,https://www.vinoselkiosco.com/tienda/vino-faustino-rivero-ulecia-rioja-tinto/
1,Vinos El Kiosco,tinto,Vino Tinto Faustino V Reserva,,169300,169300,https://www.vinoselkiosco.com/tienda/faustino-v-reserva/
1,Olímpica,tinto,Vino Tinto Faustino V Rioja Reserva 750 Ml,Faustino,230800,230800,https://www.olimpica.com/vino-faustino-tinto-rioja-reserva-750ml-8410441412065-1640714/p
1,Olímpica,tinto,Vino Tinto Faustino VII Rioja 750 Ml,Sin Marca,136800,136800,https://www.olimpica.com/vino-faustino-vii-tinto-rioja-750ml/p
1,Jumbo,tinto,Vino Tinto Fin Del Mundo Malbec Organico 750ml,FIN DEL MUNDO,107990,107990,https://www.jumbocolombia.com/vino-tinto-fin-del-mundo-malbec-organico-750ml-401010/p
1,Vinos El Kiosco,tinto,Vino Tinto Finca Dofi,,99900,99900,https://www.vinoselkiosco.com/tienda/finca-dofi/
1,Olímpica,tinto,Vino Tinto Finca Las Moras Black Label Malbec 750 Ml,Las Moras,125800,125800,https://www.olimpica.com/vino-las-moras-black-label-malb-750-c/p
1,Jumbo,tinto,Vino Tinto Finca Las Moras Caber. Sauvig. 750 ml,LAS MORAS,62400,62400,https://www.jumbocolombia.com/vino-tinto-finca-las-moras-caber--sauvig--750-ml-159708/p
1,Olímpica,tinto,Vino Tinto Finca Las Moras Cabernet Syrah Barrel Select 750 Ml,Las Moras,93000,93000,https://www.olimpica.com/vino-las-moras-cabe-s-syra-res-750-cm/p
1,Olímpica,tinto,Vino Tinto Finca Las Moras Malbec 187 Ml X4 Unds,Las Moras,86000,86000,https://www.olimpica.com/vino-las-moras-tint-malbec-187ml-x4/p
1,Olímpica,tinto,Vino Tinto Finca Las Moras Negra Valle de Pedernal 750 Ml,Las Moras,237800,237800,https://www.olimpica.com/vino-las-moras-malb-bonarda-750-ml/p
1,Dislicores,tinto,Vino Tinto Fino Cepa 21 Tempranillo,Cepa 21,211990,211990,https://www.dislicores.com/vino-tinto-fino-cepa-21-tempranillo-ref107025/p
1,Vinos El Kiosco,tinto,Vino Tinto Fonterutoli Chianti Classico Docg,,196000,196000,https://www.vinoselkiosco.com/tienda/fonterutoli-chianti-classico-docg/
1,Vinos El Kiosco,tinto,Vino Tinto Founder´S Collection Undurraga Carmenere,,284400,284400,https://www.vinoselkiosco.com/tienda/founders-collection-undurraga-carmenere/
1,Vinos El Kiosco,tinto,Vino Tinto Frontera Bi Varietal,,27500,27500,https://www.vinoselkiosco.com/tienda/vino-frontera-bi-varietal/
1,Vinos El Kiosco,tinto,Vino Tinto Frontera Bib Cabernet Sauvignon,,60100,60100,https://www.vinoselkiosco.com/tienda/frontera-bib-cabernet-sauvignon/
1,Vinos El Kiosco,tinto,Vino Tinto Frontera Specialties,,26200,26200,https://www.vinoselkiosco.com/tienda/vino-frontera-specialties-tinto/
1,Jumbo,tinto,Vino Tinto Frontera Sweet Selection F.Rojos 750ml,FRONTERA,54590,54590,https://www.jumbocolombia.com/vino-tinto-frontera-sweet-selection-f-rojos-750ml-388019/p
1,Jumbo,tinto,Vino Tinto Fuzion Cabernet Sauvignon 750ml,FUZION,41990,41990,https://www.jumbocolombia.com/vino-tinto-fuzion-cabernet-sauvignon-750ml-98736/p
1,Vinos El Kiosco,tinto,Vino Tinto Garzón Cabernet Franc Reserva,,138100,138100,https://www.vinoselkiosco.com/tienda/cabernet-franc-reserva/
1,Carulla,tinto,Vino tinto GARZON cabertnet  (750  ml),GARZON,154300,154300,https://www.carulla.com/vino-tinto-cabertnet-garzon-750-ml-3025579/p
1,Jumbo,tinto,Vino Tinto Gato Negro 9 Lives Ensamblaje 750ml,GATO NEGRO,84990,84990,https://www.jumbocolombia.com/vino-tinto-gato-negro-9-lives-ensamblaje-750ml-119701/p
1,Olímpica,tinto,Vino Tinto Gato Negro 9 Lives Reserve Carbenet Sauvignon 750 Ml,Gato Negro,53950,53950,https://www.olimpica.com/vino-gato-negro-tinto-9-lives-750ml/p
1,Jumbo,tinto,Vino Tinto Gato Negro 9 Lives Rve. Cab.Sauv.750ml,GATO NEGRO,84990,84990,https://www.jumbocolombia.com/vino-tinto-gato-negro-9-lives-rve--cab-sauv-750ml-49651/p
1,Olímpica,tinto,Vino Tinto Gato Negro Cabernet Sauvignon 187 Ml X4 Unds,Gato Negro,43095,43095,https://www.olimpica.com/vino-gato-negro-cabernet-four-187-750-ml-7804300123093-816105/p
1,Jumbo,tinto,Vino Tinto Gato Negro Cabernet Sauvignon375ml,GATO NEGRO,32990,32990,https://www.jumbocolombia.com/vino-tinto-gato-negro-cabernet-sauvignon375ml-8618/p
1,Jumbo,tinto,Vino Tinto Gato Negro Carmenere 750ml + Lata Torta,GATO NEGRO,,,https://www.jumbocolombia.com/vino-tinto-gato-negro-carmenere-750ml-372263/p
1,Jumbo,tinto,Vino Tinto Gato Negro Dulce Blend 750ml,GATO NEGRO,43990,43990,https://www.jumbocolombia.com/vino-tinto-gato-negro-dulce-blend-750ml-363944/p
1,Olímpica,tinto,Vino Tinto Gato Negro Semi Sweet 750 Ml X2 Unds,Gato Negro,56400,56400,https://www.olimpica.com/vino-gato-negro-tin-semi-sweet-750ml-x2/p
1,Dislicores,tinto,Vino Tinto Gato Negro Varietal Cabernet Sauvignon,Gato Negro,52500,52500,https://www.dislicores.com/vino-tinto-gato-negro-varietal-cabernet-sauvignon-ref100207/p
1,Dislicores,tinto,Vino Tinto Gato Negro Varietal Cabernet Sauvignon Media botella,Gato Negro,28990,28990,https://www.dislicores.com/vino-tinto-gato-negro-varietal-cabernet-sauvignon-media-botella-ref100186/p
1,Dislicores,tinto,Vino Tinto Gato Negro Varietal Cabernet Sauvignon Piba,Gato Negro,15990,15990,https://www.dislicores.com/vino-tinto-gato-negro-varietal-cabernet-sauvignon-piba-ref100103/p
1,Dislicores,tinto,Vino Tinto Gato Negro Varietal Semi Sweet Red,Gato Negro,48990,48990,https://www.dislicores.com/vino-tinto-gato-negro-varietal-semi-sweet-red--ref100206/p
1,Vinos El Kiosco,tinto,Vino Tinto Gaudium Reserva &#8211; Marqués de Cáceres,,511900,511900,https://www.vinoselkiosco.com/tienda/gaudium-reserva-marques-de-caceres/
1,Vinos El Kiosco,tinto,Vino Tinto Georges Duboeuf Beaujolais Villages,,124500,124500,https://www.vinoselkiosco.com/tienda/georges-duboeuf-beaujolais-villages/
1,Vinos El Kiosco,tinto,Vino Tinto Golden Reserve Cabernet Sauvignon 750,,155800,155800,https://www.vinoselkiosco.com/tienda/vino-golden-reserve-cabernet-sauvignon-750/
1,Vinos El Kiosco,tinto,Vino Tinto Goldeneye Anderson Valley Pinot Noir,,399000,399000,https://www.vinoselkiosco.com/tienda/goldeneye-anderson-valley-pinot-noir/
1,Éxito,tinto,Vino tinto GOURMET de cocina Cabernet Sauvignon (750  ml),GOURMET,29430,29430,https://www.exito.com/vino-tinto-pcocina-gourmet-750-ml-614909/p
1,Vinos El Kiosco,tinto,Vino Tinto Graham&#8217;s 10 Years Old Tawny Port,,311700,311700,https://www.vinoselkiosco.com/tienda/grahams-10-years-old-tawny/
1,Vinos El Kiosco,tinto,Vino Tinto Graham&#8217;S Fine Tawny Port,,160900,160900,https://www.vinoselkiosco.com/tienda/grahams-fine-tawny-port/
1,Éxito,tinto,Vino tinto GRAJALES de cocina  (275  ml),GRAJALES,14800,14800,https://www.exito.com/vino-cocina-tinto-gourmet-x-275ml-963313/p
1,Vinos El Kiosco,tinto,Vino Tinto Gran Albarda Cabernet Sauvignon 750,,25100,25100,https://www.vinoselkiosco.com/tienda/vino-gran-albarda-cabernet-sauvignon-750/
1,Olímpica,tinto,Vino Tinto Gran Celebración Manzana 750 Ml,Celebracion,16900,16900,https://www.olimpica.com/vino-gran-celebracion-manzana-750-ml-7702673000013-1331162/p
1,Vinos El Kiosco,tinto,Vino Tinto Gran Enemigo Agrelo,,558800,558800,https://www.vinoselkiosco.com/tienda/vino-tinto-gran-enemigo-agrelo/
1,Vinos El Kiosco,tinto,Vino Tinto Gran Enemigo Blend,,506500,506500,https://www.vinoselkiosco.com/tienda/vino-tinto-gran-enemigo-blend/
1,Vinos El Kiosco,tinto,Vino Tinto Gran Enemigo Chacayes,,558800,558800,https://www.vinoselkiosco.com/tienda/vino-tinto-gran-enemigo-chacayes/
1,Vinos El Kiosco,tinto,Vino Tinto Gran Enemigo Gualtallary,,558800,558800,https://www.vinoselkiosco.com/tienda/vino-tinto-gran-enemigo-gualtallary/
1,Carulla,tinto,Vino Tinto Gran Reserva Carmenére Pirca Viña Marty,PIRCA VIÑA MARTY,,,https://www.carulla.com/vino-tinto-gran-reserva-carmenere-pirca-vina-marty-100134770-mp/p
1,Vinos El Kiosco,tinto,Vino Tinto Gran Reserva Serie Riberas Cabernet 750,,123000,123000,https://www.vinoselkiosco.com/tienda/vino-gran-reserva-serie-riberas-cabernet-750-2/
1,Jumbo,tinto,Vino tinto Grey carmenere x750ml,VENTISQUERO,150990,150990,https://www.jumbocolombia.com/vino-tinto-grey-carmenere-x-750-cc/p
1,Jumbo,tinto,Vino tinto Grosso tetra pack x 1500ml,GROSSO,,,https://www.jumbocolombia.com/vino-tinto-grosso-tetra-pack-x-1500ml/p
1,Vinos El Kiosco,tinto,Vino Tinto Guarda Cabernet Franc,,174900,174900,https://www.vinoselkiosco.com/tienda/guarda-cabernet-franc/
1,Dislicores,tinto,Vino Tinto Hacienda Monasterio Reserva,Hacienda Monasterio,498000,498000,https://www.dislicores.com/vino-tinto-hacienda-monasterio-reserva-ref210003/p
1,Dislicores,tinto,Vino Tinto Hacienda Monasterio Ribera Duero Cosecha,Hacienda Monasterio,343500,343500,https://www.dislicores.com/vino-tinto-hacienda-monasterio-ribera-duero-cosecha-ref210001/p
1,Dislicores,tinto,Vino Tinto Hacienda Monasterio Ribera Duero Reserva Especial,Hacienda Monasterio,753500,753500,https://www.dislicores.com/vino-tinto-hacienda-monasterio-ribera-duero-reserva-especial-ref210002/p
1,Dislicores,tinto,Vino Tinto Hito Fino Tempranillo,Hito,118500,118500,https://www.dislicores.com/vino-tinto-hito-fino-tempranillo-ref107030/p
1,Jumbo,tinto,Vino tinto Hito Ribera Del Duero x750ml,HITO,133990,133990,https://www.jumbocolombia.com/vino-tinto-hito-ribera-del-duero-x-750-ml/p
1,Vinos El Kiosco,tinto,Vino Tinto Humberto Canale Estate Gran Reserva Cabernet Franc,,211600,211600,https://www.vinoselkiosco.com/tienda/humberto-canale-estate-gran-reserva-cabernet-franc/
1,Vinos El Kiosco,tinto,Vino Tinto Ígneo Gran Reserva,,380200,380200,https://www.vinoselkiosco.com/tienda/igneo-gran-reserva/
1,Vinos El Kiosco,tinto,Vino Tinto Il Repertorio Aglianico Del Vulture DOC,,120800,120800,https://www.vinoselkiosco.com/tienda/il-repertorio-aglianico-del-vulture-doc/
1,Olímpica,tinto,Vino Tinto Indomita Carignan Reserva 750 Ml,Indómita,100900,100900,https://www.olimpica.com/vino-indomita-reserva-carignan-750-ml-7809623802809-1220970/p
1,Dislicores,tinto,Vino Tinto Intis Malbec,Intis,29000,29000,https://www.dislicores.com/vino-tinto-intis-malbec-ref108022/p
1,Vinos El Kiosco,tinto,Vino Tinto J Alberto Malbec,,304800,304800,https://www.vinoselkiosco.com/tienda/j-alberto-malbec/
1,Dislicores,tinto,Vino Tinto Joel Gott 815 Cabernet Sauvignon,Joel Gott,116500,116500,https://www.dislicores.com/vino-tinto-joel-gott-815-cabernet-sauvignon-ref146063/p
1,Dislicores,tinto,Vino Tinto Joel Gott Pinot Noir,Joel Gott,116500,116500,https://www.dislicores.com/vino-tinto-joel-gott-pinot-noir--ref146064/p
1,Vinos El Kiosco,tinto,Vino Tinto Joffre E Hijas Pasion 4 Malbec,,84200,84200,https://www.vinoselkiosco.com/tienda/joffre-e-hijas-pasion-4-malbec/
1,Dislicores,tinto,Vino Tinto Jp Chenet Varietal Merlot,JP Chenet,61990,61990,https://www.dislicores.com/vino-tinto-jp-chenet-varietal-merlot--ref106135/p
1,Dislicores,tinto,Vino Tinto Jp Chenet Varietal Merlot Piba,JP Chenet,19500,19500,https://www.dislicores.com/vino-tinto-jp-chenet-varietal-merlot-piba-ref106140/p
1,Jumbo,tinto,Vino Tinto Kawin Cabernet Sauvignon Reserva Privada x750ml,KAWIN,71990,71990,https://www.jumbocolombia.com/vino-tinto-kawin-cabernet-sauvignon-reserva-privada-x750ml/p
1,Vinos El Kiosco,tinto,Vino Tinto L`Ermita,,7836700,7836700,https://www.vinoselkiosco.com/tienda/lermita/
1,Jumbo,tinto,Vino Tinto La Cave D Augustin Florent Borde.750ml,BORDEAUX,45990,45990,https://www.jumbocolombia.com/vino-tinto-la-cave-d-augustin-florent-borde-750ml-14058/p
1,Jumbo,tinto,Vino Tinto La Cave D Augustin Florent Lussa.750ml,LUSSAC SAINT-EMILION,65990,65990,https://www.jumbocolombia.com/vino-tinto-la-cave-d-augustin-florent-lussa-750ml-403941/p
1,Jumbo,tinto,Vino Tinto La Celia Caber.Franc Pionner Rva.750ml,PIONEER,135990,135990,https://www.jumbocolombia.com/vino-tinto-la-celia-caber-franc-pionner-rva-750ml-36172/p
1,Jumbo,tinto,Vino Tinto La Celia Cabernet Sauvig.Pionner 750ml,LA CELIA,126990,126990,https://www.jumbocolombia.com/vino-tinto-la-celia-cabernet-sauvig-pionner-750ml-170956/p
1,Jumbo,tinto,Vino Tinto La Celia Malbec Cab.Franc Rva. 750ml,LA CELIA,87990,87990,https://www.jumbocolombia.com/vino-tinto-la-celia-malbec-cab-franc-rva--750ml-59944/p
1,Dislicores,tinto,Vino Tinto La Celia Malbec Heritage,La Celia,262990,262990,https://www.dislicores.com/vino-tinto-la-celia-malbec-heritage-ref-109124/p
1,Dislicores,tinto,Vino Tinto La Celia Reserva Pioneer Cabernet Franc,La Celia,108500,108500,https://www.dislicores.com/vino-tinto-la-celia-reserva-pioneer-cabernet-franc-ref109122/p
1,Olímpica,tinto,Vino Tinto La Feria Moscatel 750 Ml,Dinastia,18150,18150,https://www.olimpica.com/vino-la-feria-x-moscatel-7703588000679--1132187/p
1,Vinos El Kiosco,tinto,Vino Tinto La Mora Morellino Di Scansano DOCG Cecchi,,112800,112800,https://www.vinoselkiosco.com/tienda/la-mora-morellino-di-scansano-docg-cecchi/
1,Dislicores,tinto,Vino Tinto La Piu Belle,Vik,622000,622000,https://www.dislicores.com/vino-tinto-la-piu-belle-ref269002/p
1,Vinos El Kiosco,tinto,Vino Tinto La Poja,,894800,894800,https://www.vinoselkiosco.com/tienda/la-poja/
1,Jumbo,tinto,Vino Tinto La Posta Blend 750ml,LA POSTA,109990,109990,https://www.jumbocolombia.com/vino-tinto-la-posta-blend-750ml-148983/p
1,Vinos El Kiosco,tinto,Vino Tinto La Posta Bonarda Estela Armando Vineyard,,92600,92600,https://www.vinoselkiosco.com/tienda/la-posta-bonarda-estela-armando-vineyard/
1,Vinos El Kiosco,tinto,Vino Tinto La Posta Glorieta Pinot Noir,,95600,95600,https://www.vinoselkiosco.com/tienda/la-posta-pinot-noir-glorieta-vineyard/
1,Vinos El Kiosco,tinto,Vino Tinto La Posta Malbec Pizzella Family Vineyard,,101700,101700,https://www.vinoselkiosco.com/tienda/la-posta-malbec-pizzela-family-vineyard/
1,Vinos El Kiosco,tinto,Vino Tinto La Posta Paulucci Malbec,,96500,96500,https://www.vinoselkiosco.com/tienda/la-posta-malbec-angel-paulucci-vineyard/
1,Vinos El Kiosco,tinto,Vino Tinto La Posta Red Blend,,85500,85500,https://www.vinoselkiosco.com/tienda/la-posta-red-blend/
1,Vinos El Kiosco,tinto,Vino Tinto La Vendimia,,115200,115200,https://www.vinoselkiosco.com/tienda/la-vendimia/
1,Vinos El Kiosco,tinto,Vino Tinto Lagarde La Guarda Malbec,,175200,175200,https://www.vinoselkiosco.com/tienda/lagarde-la-guarda-malbec/
1,Olímpica,tinto,Vino Tinto Lan Crianza Rioja 750 Ml,Lan,150800,150800,https://www.olimpica.com/vino-lan-crianza-botella-750-ml-8413472050954-929587/p
1,Vinos El Kiosco,tinto,Vino Tinto LAN Gran Resereva,,284400,284400,https://www.vinoselkiosco.com/tienda/lan-gran-resereva/
1,Vinos El Kiosco,tinto,Vino Tinto Lapostolle Borobo,,1215500,1215500,https://www.vinoselkiosco.com/tienda/borobo/
1,Jumbo,tinto,Vino Tinto Lapostolle Caber.Sauvig. G.Selec.750ml,LAPOSTOLLE,138990,138990,https://www.jumbocolombia.com/vino-tinto-lapostolle-caber-sauvig--g-selec-750ml-41428/p
1,Vinos El Kiosco,tinto,Vino Tinto Lapostolle Cuvee Alexandre Merlot,,213400,213400,https://www.vinoselkiosco.com/tienda/cuvee-alexandre-merlot/
1,Vinos El Kiosco,tinto,Vino Tinto Lapostolle Le Rouge,,136000,136000,https://www.vinoselkiosco.com/tienda/le-rouge/
1,Jumbo,tinto,Vino Tinto Lapostolle Merlot Gran Select.750ml,LAPOSTOLLE,145990,145990,https://www.jumbocolombia.com/vino-tinto-lapostolle-merlot-gran-select-750ml-41434/p
1,Jumbo,tinto,Vino Tinto Las Moras Barrel Sel.Malbec750ml,LAS MORAS,92390,92390,https://www.jumbocolombia.com/vino-tinto-las-moras-barrel-sel-malbec750ml-177275/p
1,Dislicores,tinto,Vino Tinto Las Moras Black Label Cabernet Sauvignon Cabernet Franc,Las Moras,115990,115990,https://www.dislicores.com/vino-tinto-las-moras-black-label-cabernet-sauvignon-cabernet-franc-ref108045/p
1,Jumbo,tinto,Vino Tinto Las Moras Black Label Malbec Bot.750ml,LAS MORAS,134990,134990,https://www.jumbocolombia.com/vino-tinto-las-moras-black-label-malbec-bot-750ml-8627/p
1,Dislicores,tinto,Vino Tinto Las Moras Malbec Barrel Mas Copa Restaurant,Las Moras,79990,79990,https://www.dislicores.com/vino-tinto-las-moras-malbec-barrel-mas-copa-restaurant-ref-of108017/p
1,Vinos El Kiosco,tinto,Vino Tinto Le Petit Clos,,367800,367800,https://www.vinoselkiosco.com/tienda/le-petit-clos/
1,Vinos El Kiosco,tinto,Vino Tinto Le Volte dell&#8217;Ornellaia,,227200,227200,https://www.vinoselkiosco.com/tienda/le-volte-dellornellaia/
1,Jumbo,tinto,Vino Tinto Les Petites Caves Bordeau 750ml,BORDEAUX,21990,21990,https://www.jumbocolombia.com/vino-tinto-les-petites-caves-bordeau-750ml-14059/p
1,Dislicores,tinto,Vino Tinto Leyda Pinot Noir,Leyda,262000,262000,https://www.dislicores.com/vino-tinto-leyda-pinot-noir-ref121090/p
1,Jumbo,tinto,Vino Tinto Lheritage Cabernet Sauvignon 750ml,LHERITAGE,29990,29990,https://www.jumbocolombia.com/vino-tinto-lheritage-cabernet-sauvignon-750ml-14062/p
1,Olímpica,tinto,Vino Tinto Libertador Moscatel 750 Ml,Libertador,16000,16000,https://www.olimpica.com/vino-moscatel-libertador-750ml-7703518130278-2146336/p
1,Vinos El Kiosco,tinto,Vino Tinto Livana Cabernet Franc &#8211; Malbec,,111700,111700,https://www.vinoselkiosco.com/tienda/livana-cabernet-franc-malbec/
1,Vinos El Kiosco,tinto,Vino Tinto Livana Cabernet Sauvignon X 750,,40200,40200,https://www.vinoselkiosco.com/tienda/livana-cabernet-sauvignon-x-750/
1,Jumbo,tinto,Vino tinto Longchamps bordeaux x750ml,LONGCHAMPS,89590,89590,https://www.jumbocolombia.com/vino-tinto-longchamps-bordeaux-x-750-ml/p
1,Dislicores,tinto,Vino Tinto Los Intocables Malbec,Las Moras,91500,91500,https://www.dislicores.com/vino-tinto-los-intocables-malbec-ref108003/p
1,Jumbo,tinto,Vino tinto Los Riscos cabernet sauvignon reserva especial x750ml,LOS RISCOS,,,https://www.jumbocolombia.com/vino-tinto-los-riscos-cab-sauv-rva-especial-x750ml/p
1,Dislicores,tinto,Vino Tinto Louis Jadot Red Bourgogne,LOUIS JADOT,184500,184500,https://www.dislicores.com/vino-tinto-louis-jadot-red-bourgogne-ref266001/p
1,Vinos El Kiosco,tinto,Vino Tinto Luca Double Select Syrah,,167500,167500,https://www.vinoselkiosco.com/tienda/luca-syrah/
1,Vinos El Kiosco,tinto,Vino Tinto Luca Malbec,,196300,196300,https://www.vinoselkiosco.com/tienda/luca-malbec/
1,Jumbo,tinto,Vino Tinto Luca Malbec Old Vine Vintage 750 ml,LUCA,321990,321990,https://www.jumbocolombia.com/vino-tinto-luca-malbec-old-vine-vintage-750-ml-260513/p
1,Olímpica,tinto,Vino Tinto Luca Old Vine Malbec 750 Ml,Luca,303800,303800,https://www.olimpica.com/vino-tinto-luca-malbec-750ml-7798126080237-2106175/p
1,Éxito,tinto,Vino tinto LUCIENTE tempranillo Tempranillo (750  ml),LUCIENTE,52125,52125,https://www.exito.com/tempranillo-tinto-luciente-tempranillo-750-ml-3239469/p
1,Dislicores,tinto,Vino Tinto Luigi Bosca Caberenet Sauvignon,LUIGI BOSCA,105500,105500,https://www.dislicores.com/vino-tinto-luigi-bosca-cabernet-sauvigon-ref223002/p
1,Dislicores,tinto,Vino Tinto Luigi Bosca De Sangre Cabernet Franc,LUIGI BOSCA,134500,134500,https://www.dislicores.com/vino-tinto-luigi-bosca-de-sangre-cabernet-franc-ref338007/p
1,Dislicores,tinto,Vino Tinto Luigi Bosca De Sangre Malbec,LUIGI BOSCA,134500,134500,https://www.dislicores.com/vino-tinto-luigi-bosca-de-sangre-malbec-ref338004/p
1,Dislicores,tinto,Vino Tinto Luigi Bosca Paraiso Malbec-Cabernet,LUIGI BOSCA,544990,544990,https://www.dislicores.com/vino-tinto-luigi-bosca-malbec-cabernet-ref338010/p
1,Vinos El Kiosco,tinto,Vino Tinto Luis Felipe Edwards Doña Bernarda,,289800,289800,https://www.vinoselkiosco.com/tienda/luis-felipe-edwards-dona-bernarda/
1,Vinos El Kiosco,tinto,Vino Tinto Luis Felipe Edwards Reserva Carmenere,,74000,74000,https://www.vinoselkiosco.com/tienda/luis-felipe-edwards-reserva-carmenere/
1,Olímpica,tinto,Vino Tinto Maipo Carmener Cabernet Sauvignon 750 Ml,Maipo,41900,41900,https://www.olimpica.com/vino-maipo-carmener-cabern-sauvig-750ml/p
1,Vinos El Kiosco,tinto,Vino Tinto Maipo Gran Devocion Carmenere 750,,76700,76700,https://www.vinoselkiosco.com/tienda/vino-maipo-gran-devocion-carmenere-750/
1,Vinos El Kiosco,tinto,Vino Tinto Maipo Protegido Cabernet Sauvignon 750Ml,,180600,180600,https://www.vinoselkiosco.com/tienda/vino-tinto-maipo-protegido-cabernet-sauvignon-750ml/
1,Olímpica,tinto,Vino Tinto Maison Castel Cabernet Sauvignon Reserva 750 Ml,Castel,78900,78900,https://www.olimpica.com/vino-castel-reserva-cabernet-sauvig-750-ml-3211203444103-1361416/p
1,Dislicores,tinto,Vino tinto Malabrigo Tempranillo,Cepa 21,334990,334990,https://www.dislicores.com/vino-tinto-malabrigo-tempranillo-ref107006/p
1,Vinos El Kiosco,tinto,Vino Tinto Malbec Eolo,,361700,361700,https://www.vinoselkiosco.com/tienda/vino-tinto-malbec-eolo/
1,Éxito,tinto,Vino tinto MANISCHEWITZ cereza  (750  ml),MANISCHEWITZ,42850,42850,https://www.exito.com/vino-tinto-cherry-x-750-ml-790093/p
1,Éxito,tinto,Vino tinto MANISCHEWITZ uva  (750  ml),MANISCHEWITZ,93300,93300,https://www.exito.com/vino-tinto-concord-grape-x-750-ml-790092/p
1,Dislicores,tinto,Vino Tinto Maqués De Murrieta Gran Reserva,Marqués de Murrieta,426990,426990,https://www.dislicores.com/vino-tinto-maques-de-murrieta-gran-reserva-ref806003/p
1,Vinos El Kiosco,tinto,Vino Tinto Marcelo Pelleriti  Selection Blend,,267700,267700,https://www.vinoselkiosco.com/tienda/marcelo-pelleriti-selection-blend/
1,Vinos El Kiosco,tinto,Vino Tinto Marcelo Pelleriti Reserve Malbec,,107800,107800,https://www.vinoselkiosco.com/tienda/marcelo-pelleriti-reserve-malbec/
1,Vinos El Kiosco,tinto,Vino Tinto Marques Black Label Cabernet Sauvignon 750,,205300,205300,https://www.vinoselkiosco.com/tienda/vino-marques-black-label-cabernet-sauvignon-750/
1,Jumbo,tinto,Vino Tinto Marques de Casa Concha Cab.Sauv. 750ml,MARQUES,179990,179990,https://www.jumbocolombia.com/vino-tinto-marques-de-casa-concha-cab-sauv--750ml-8272/p
1,Jumbo,tinto,Vino Tinto Marques de La Colina Caber.Sauvi.750ml,MARQUES DE LA COLINA,44990,44990,https://www.jumbocolombia.com/vino-tinto-marques-de-la-colina-caber-sauvi-750ml-363915/p
1,Dislicores,tinto,Vino Tinto Marqués De Murrieta Castillo Ygay,Marqués de Murrieta,1495990,1495990,https://www.dislicores.com/vino-tinto-marques-de-murrieta-castillo-ygay-ref806002/p
1,Dislicores,tinto,Vino Tinto Marqués De Murrieta Reserva,Marqués de Murrieta,191500,191500,https://www.dislicores.com/vino-tinto-marques-de-murrieta-reserva-ref806004/p
1,Olímpica,tinto,Vino Tinto Marqués de Riscal Arienzo Crianza 750 Ml,Marquez De Arienzo,70622,70622,https://www.olimpica.com/vino-arienzo-marques-de-riscal-criaza-750ml-8410866433034-2130051/p
1,Jumbo,tinto,Vino Tinto Marques de Riscal Reserva Bot.750 ml,MARQUES,194950,194950,https://www.jumbocolombia.com/vino-tinto-marques-de-riscal-reserva-bot-750-ml-8357/p
1,Jumbo,tinto,Vino Tinto Marques de Riscal Rioja F.Torrea 750ml,MARQUES DE RISCAL,355990,355990,https://www.jumbocolombia.com/vino-tinto-marques-de-riscal-rioja-f-torrea-750ml-365064/p
1,Jumbo,tinto,Vino Tinto Marques de Riscal Rioja G. Rva. 750ml,MARQUESDERISCAL,544990,544990,https://www.jumbocolombia.com/vino-tinto-marques-de-riscal-rioja-g--rva--750ml-240371/p
1,Jumbo,tinto,Vino Tinto Marques de Riscal Rva.Edc.Esp.750 ml,MARQUES DE RISCAL,231990,231990,https://www.jumbocolombia.com/vino-tinto-marques-de-riscal-rva-edc-esp-750-ml-430882/p
1,Olímpica,tinto,Vino Tinto Marqués de Riscal Tempran 750 Ml,Marques De Riscal,94150,94150,https://www.olimpica.com/vino-marques-riscal-tempran-tinto-750ml/p
1,Dislicores,tinto,Vino Tinto Marques De Vargas,Marqués de Vargas,208500,208500,https://www.dislicores.com/vino-tinto-marques-de-vargas-ref142010/p
1,Dislicores,tinto,Vino Tinto Marques De Vargas Reserva Privado,Marqués de Vargas,473990,473990,https://www.dislicores.com/vino-tinto-marques-de-vargas-reserva-privado-ref142030/p
1,Vinos El Kiosco,tinto,Vino Tinto Marques País Cinsault 750,,88100,88100,https://www.vinoselkiosco.com/tienda/vino-marques-pais-cinsault-750/
1,Vinos El Kiosco,tinto,Vino Tinto Marques Syrah 750,,99900,99900,https://www.vinoselkiosco.com/tienda/vino-marques-syrah-750/
1,Vinos El Kiosco,tinto,Vino Tinto Martinez Lacuesta Cosecha Roble,,77900,77900,https://www.vinoselkiosco.com/tienda/martinez-lacuesta-cosecha-roble-tinto/
1,Vinos El Kiosco,tinto,Vino Tinto Martinez Lacuesta Crianza X 750,,111700,111700,https://www.vinoselkiosco.com/tienda/martinez-lacuesta-crianza-x-750/
1,Vinos El Kiosco,tinto,Vino Tinto Martinez Lacuesta Reserva,,135100,135100,https://www.vinoselkiosco.com/tienda/martinez-lacuesta-reserva/
1,Olímpica,tinto,Vino Tinto Martini Rosso 750 Ml,Martini,87650,87650,https://www.olimpica.com/vino-tint-martini-rosso-750-ml/p
1,Vinos El Kiosco,tinto,Vino Tinto Masi Bonacosta Valpolicella Classico,,188200,188200,https://www.vinoselkiosco.com/tienda/masi-bonacosta-valpolicella-classico/
1,Vinos El Kiosco,tinto,Vino Tinto Masi CampoFiorin Rosso del Veronese,,151800,151800,https://www.vinoselkiosco.com/tienda/masi-campofiorin-rosso-del-veronese/
1,Vinos El Kiosco,tinto,Vino Tinto Masi Costasera Amarone Classico,,436500,436500,https://www.vinoselkiosco.com/tienda/masi-costasera-amarone-classico/
1,Vinos El Kiosco,tinto,Vino Tinto Masi Frescaripa Bardolino Classico,,119300,119300,https://www.vinoselkiosco.com/tienda/masi-frescaripa-bardolino-classico/
1,Vinos El Kiosco,tinto,Vino Tinto Masi Tupungato Corbec,,270100,270100,https://www.vinoselkiosco.com/tienda/masi-tupungato-corbec/
1,Vinos El Kiosco,tinto,Vino Tinto Masi Tupungato Passo Doble,,118000,118000,https://www.vinoselkiosco.com/tienda/masi-tupungato-passo-doble/
1,Dislicores,tinto,Vino Tinto MastroJanni Brunello di Montalcino Sangiovese Reserva,Mastrojanni,436500,436500,https://www.dislicores.com/vino-tinto-mastrojanni-brunello-de-montalcino-sangiovese-reserva-ref248001/p
1,Dislicores,tinto,Vino Tinto MastroJanni Rosso di Montalcino Sangiovese Reserva,Mastrojanni,240990,240990,https://www.dislicores.com/vino-tinto-mastrojanni-rosso-de-montalcino-sangiovese-reserva-ref248000/p
1,Vinos El Kiosco,tinto,Vino Tinto Matarromera Crianza,,240200,240200,https://www.vinoselkiosco.com/tienda/matarromera-crianza/
1,Vinos El Kiosco,tinto,Vino Tinto Matarromera Prestigio,,548300,548300,https://www.vinoselkiosco.com/tienda/matarromera-prestigio/
1,Dislicores,tinto,Vino Tinto Mauro Tempranillo,MAURO,427500,427500,https://www.dislicores.com/vino-tinto-mauro-tempranillo-ref203001/p
1,Vinos El Kiosco,tinto,Vino Tinto MC Reserva Marqués de Cáceres,,332500,332500,https://www.vinoselkiosco.com/tienda/mc-reserva-marques-de-caceres/
1,Vinos El Kiosco,tinto,Vino Tinto Melior De Matarromera,,93300,93300,https://www.vinoselkiosco.com/tienda/melior-de-matarromera/
1,Vinos El Kiosco,tinto,Vino Tinto Merlot Reservado 750,,36100,36100,https://www.vinoselkiosco.com/tienda/vino-tinto-merlot-reservado-750/
1,Jumbo,tinto,Vino tinto Michel Torino colección malbec x750ml,MICHEL TORINO,63990,63990,https://www.jumbocolombia.com/vino-tinto-micheltorino-coleccionmalbec-bot-x750ml/p
1,Vinos El Kiosco,tinto,Vino Tinto Miguel Escorihuela Gascon MEG,,407900,407900,https://www.vinoselkiosco.com/tienda/miguel-escorihuela-gascon-meg/
1,Dislicores,tinto,Vino Tinto Milla Cala,Vik,332500,332500,https://www.dislicores.com/vino-tinto-milla-cala-ref269003/p
1,Vinos El Kiosco,tinto,Vino Tinto Mixtus Syrah Malbec 750,,29600,29600,https://www.vinoselkiosco.com/tienda/vino-mixtus-syrah-malbec-750-x-12/
1,Vinos El Kiosco,tinto,Vino Tinto Monte Tondo Amarone della Valpolicella DOCG,,88300,88300,https://www.vinoselkiosco.com/tienda/monte-tondo-amarone-della-valpolicella-docg/
1,Vinos El Kiosco,tinto,Vino Tinto Monte Tondo Campo Grande Ripasso della Valpolicella DOC,,124700,124700,https://www.vinoselkiosco.com/tienda/monte-tondo-campo-grande-ripasso-della-valpolicella-doc/
1,Vinos El Kiosco,tinto,Vino Tinto Montecarrubo &#8220;Il Carrubo&#8221;,,373900,373900,https://www.vinoselkiosco.com/tienda/vino-tinto-montecarrubo-il-carrubo/
1,Dislicores,tinto,Vino Tinto Montecastro Reserva,Montecastro,232990,232990,https://www.dislicores.com/vino-tinto-montecastro-reserva-ref210004/p
1,Vinos El Kiosco,tinto,Vino Tinto Montefalco Rosso Riserva Doc,,618200,618200,https://www.vinoselkiosco.com/tienda/montefalco-rosso-riserva-doc/
1,Vinos El Kiosco,tinto,Vino Tinto Montepulciano Doc Dabruzzu,,37700,37700,https://www.vinoselkiosco.com/tienda/vino-tinto-montepulciano-doc-dabruzzu/
1,Jumbo,tinto,Vino Tinto Montgras Caber.Sauvi.de-Vine Rva.750ml,MONTGRAS,83990,83990,https://www.jumbocolombia.com/vino-tinto-montgras-caber-sauvi-de-vine-rva-750ml-379758/p
1,Vinos El Kiosco,tinto,Vino Tinto Montgras Estate Cabernet Sauvignon,,53000,53000,https://www.vinoselkiosco.com/tienda/montgras-estate-cabernet-sauvignon/
1,Vinos El Kiosco,tinto,Vino Tinto Montgras Quatro,,118700,118700,https://www.vinoselkiosco.com/tienda/montgras-quatro/
1,Dislicores,tinto,Vino Tinto Mora Negra Malbec Bonarda,Las Moras,219000,219000,https://www.dislicores.com/vino-tinto-mora-negra-malbec-bonarda-ref108005/p
1,Jumbo,tinto,Vino Tinto Morande Cab.Sau. Pionero Reserva 750ml,MORANDE,45493,45493,https://www.jumbocolombia.com/vino-tinto-morande-cab-sau--pionero-reserva-750ml-8366/p
1,Jumbo,tinto,Vino Tinto Morande Cab.Sauv. Estate Reserve 750ml,MORANDE,68503,68503,https://www.jumbocolombia.com/vino-tinto-morande-cab-sauv--estate-reserve-750ml-8367/p
1,Jumbo,tinto,Vino Tinto Morande Carmenere Estate Reserve 750ml,MORANDE,59793,59793,https://www.jumbocolombia.com/vino-tinto-morande-carmenere-estate-reserve-750ml-8380/p
1,Jumbo,tinto,Vino Tinto Morande Carmenere Pionero Reserva750ml,MORANDE,45493,45493,https://www.jumbocolombia.com/vino-tinto-morande-carmenere-pionero-reserva750ml-8382/p
1,Vinos El Kiosco,tinto,Vino Tinto Mouton Cadet &#8211; Medoc Reserve,,157000,157000,https://www.vinoselkiosco.com/tienda/mouton-cadet-medoc-reserve/
1,Vinos El Kiosco,tinto,Vino Tinto Mouton Cadet &#8211; Saint Emilion Reserve,,157000,157000,https://www.vinoselkiosco.com/tienda/mouton-cadet-saint-emilion-reserve/
1,Olímpica,tinto,Vino Tinto Mouton Cadet Rouge Kos Bordeaux 750 Ml,Mouton Cadet,196800,196800,https://www.olimpica.com/vino-mouton-cadet-rouge-kos-bordeaux-750ml-3262151059758-1403122/p
1,Vinos El Kiosco,tinto,Vino Tinto Mouton Cadet Rouge Kosher &#8211; Bordeaux,,146600,146600,https://www.vinoselkiosco.com/tienda/mouton-cadet-rouge-kosher-bordeaux/
1,Jumbo,tinto,Vino Tinto Mucho Mas Red Blend 750 ml,MUCHO MÁS,69990,69990,https://www.jumbocolombia.com/vino-tinto-mucho-mas-red-blend-750-ml-343157/p
1,Olímpica,tinto,VINO TINTO MUCHO MAS WHITE RED BLEND  BO,MUCHO MAS,69500,69500,https://www.olimpica.com/vino-tinto-mucho-mas-white-red-blend--bo/p
1,Dislicores,tinto,Vino tinto Muga El Andén de la Estación 2019 Tempranillo Garnacha,Muga,117990,117990,https://www.dislicores.com/vino-tinto-muga-el-anden-de-la-estacion-2019-tempranillo-garnacha-ref265013/p
1,Jumbo,tinto,Vino Tinto Muga Reserva Rioja D.O.C. 750 ml,RIOJA,242990,242990,https://www.jumbocolombia.com/vino-tinto-muga-reserva-rioja-d-o-c--750-ml-201236/p
1,Olímpica,tinto,VINO TINTO MUGA RESERVA TEMPRANILLO 750M,Muga,200800,200800,https://www.olimpica.com/vino-tinto-muga-reserva-tempranillo-750m/p
1,Dislicores,tinto,Vino Tinto Muga Reserva Tempranillo Media Botella,Muga,118000,118000,https://www.dislicores.com/vino-tinto-muga-reserva-tempranillo-media-botella-ref265003/p
1,Dislicores,tinto,Vino Tinto Napa Cellars Cabernet Sauvignon,Napa Cellars,213000,213000,https://www.dislicores.com/vino-tinto-napa-cellars-cabernet-sauvignon-ref146606/p
1,Olímpica,tinto,Vino Tinto Navarro Correa Malbec Colección Privada 750 Ml,Navarro Y Correa,108800,108800,https://www.olimpica.com/vino-navarro-correa-malbec-coleccion-privada-750ml-7791250001673-2057034/p
1,Olímpica,tinto,Vino Tinto Navarro Correa Trivari Colección Privada 750 Ml,Navarro Y Correa,108800,108800,https://www.olimpica.com/vino-navarro-correa-trivari-coleccion-privada-750ml-7791250001697-2057036/p
1,Dislicores,tinto,Vino Tinto Navarro Correas Colección Privada Blend Malbec Cabernet Sauvignon Merlot,Navarro Correas,99500,99500,https://www.dislicores.com/vino-tinto-navarro-correas-coleccion-privada-blend-malbec-cabernet-sauvignon-merlot-ref128004/p
1,Jumbo,tinto,Vino Tinto Navarro Correas Malbec Privada 750ml,NAVARRO CORREAS,113990,113990,https://www.jumbocolombia.com/vino-tinto-navarro-correas-malbec-privada-750ml-39391/p
1,Dislicores,tinto,Vino Tinto Navarro Correas Structura Ultra,Navarro Correas,516500,516500,https://www.dislicores.com/vino-tinto-navarro-correas-structura-ultra-ref128009/p
1,Vinos El Kiosco,tinto,Vino Tinto Nico by Luca,,778500,778500,https://www.vinoselkiosco.com/tienda/nico/
1,Vinos El Kiosco,tinto,Vino Tinto Nicolás Catena Zapata,,659400,659400,https://www.vinoselkiosco.com/tienda/nicolas-catena-zapata/
1,Vinos El Kiosco,tinto,Vino Tinto Nipozzano Chianti Rufina Riserva DOCG,,240400,240400,https://www.vinoselkiosco.com/tienda/nipozzano-chianti-rufina-riserva-docg/
1,Vinos El Kiosco,tinto,Vino Tinto Noemía Malbec,,785400,785400,https://www.vinoselkiosco.com/tienda/noemia-malbec/
1,Jumbo,tinto,Vino Tinto Norton Cabernet Franc Reserva 750 ml,NORTON,83193,83193,https://www.jumbocolombia.com/vino-tinto-norton-cabernet-franc-reserva-750-ml-375931/p
1,Jumbo,tinto,Vino Tinto Norton Doc Malbec Bot.750ml,NORTON,66943,66943,https://www.jumbocolombia.com/vino-tinto-norton-doc-malbec-bot-750ml-8390/p
1,Jumbo,tinto,Vino Tinto Norton Privada Blend 750 ml,NORTON,124143,124143,https://www.jumbocolombia.com/vino-tinto-norton-privada-blend-750-ml-168216/p
1,Vinos El Kiosco,tinto,Vino Tinto Novas Cabernet Sauvignon 750,,87100,87100,https://www.vinoselkiosco.com/tienda/vino-novas-cabernet-sauvignon-750/
1,Vinos El Kiosco,tinto,Vino Tinto Novas Syrah Mourvedre 750,,88800,88800,https://www.vinoselkiosco.com/tienda/vino-novas-syrah-mourvedre-750/
1,Dislicores,tinto,Vino Tinto Opus One,OPUS ONE,3135990,3135990,https://www.dislicores.com/vino-tinto-opus-one-ref326000/p
1,Dislicores,tinto,Vino Tinto Pago De Capellanes Crianza Tempranillo,Pago de los Capellanes,252990,252990,https://www.dislicores.com/vino-tinto-pago-de-capellanes-crianza-tempranillo-ref207001/p
1,Dislicores,tinto,Vino Tinto Pago De Capellanes Joven Tempranillo,Pago de los Capellanes,149500,149500,https://www.dislicores.com/vino-tinto-pago-de-capellanes-joven-tempranillo-ref207000/p
1,Dislicores,tinto,Vino Tinto Pago De Capellanes Nogal Tempranillo,Pago de los Capellanes,544500,544500,https://www.dislicores.com/vino-tinto-pago-de-capellanes-nogal-tempranillo-ref207004/p
1,Dislicores,tinto,Vino Tinto Pago De Capellanes Picon Tempranillo,Pago de los Capellanes,1516500,1516500,https://www.dislicores.com/vino-tinto-pago-de-capellanes-picon-tempranillo-ref207003/p
1,Jumbo,tinto,Vino Tinto Pago de Cirsus Blend Oak Aged 750ml,PAGO DE CIRSUS,112990,112990,https://www.jumbocolombia.com/vino-tinto-pago-de-cirsus-blend-oak-aged-750ml-329576/p
1,Vinos El Kiosco,tinto,Vino Tinto Pago De Cirsus Oak Aged,,72700,72700,https://www.vinoselkiosco.com/tienda/pago-de-cirsus-oak-aged/
1,Vinos El Kiosco,tinto,Vino Tinto Palazzo Della Torre,,99900,99900,https://www.vinoselkiosco.com/tienda/palazzo-della-torre/
1,Jumbo,tinto,Vino Tinto Panul Cab.Sauvignon Gran Reserva 750ml,PANUL,49990,49990,https://www.jumbocolombia.com/vino-tinto-panul-cab-sauvignon-gran-reserva-750ml-125503/p
1,Jumbo,tinto,Vino Tinto Panul Cabernet Sauvignon Clasico 750ml,PANUL,21990,21990,https://www.jumbocolombia.com/vino-tinto-panul-cabernet-sauvignon-clasico-750ml-59935/p
1,Jumbo,tinto,Vino Tinto Panul Carmerene Gran Reserva 750ml,PANUL,49990,49990,https://www.jumbocolombia.com/vino-tinto-panul-carmerene-gran-reserva-750ml-125502/p
1,Vinos El Kiosco,tinto,Vino Tinto Paraduxx Napa Valley,,358700,358700,https://www.vinoselkiosco.com/tienda/paraduxx-napa-valley-zinfandel-cabernet/
1,Jumbo,tinto,Vino Tinto Partager Vin Rouge 750 ml,BARTON & GUESTIER,59890,59890,https://www.jumbocolombia.com/vino-tinto-partager-vin-rouge-750-ml-8351/p
1,Jumbo,tinto,Vino Tinto Pasqua Di Puglia Sangiovese 750 ml,PASQUA,66990,66990,https://www.jumbocolombia.com/vino-tinto-pasqua-di-puglia-sangiovese-750-ml-39404/p
1,Olímpica,tinto,Vino Tinto Pasqua Montepulciano D'Abruzzo 750 Ml,Pascua,63650,63650,https://www.olimpica.com/vino-pasqua-montepulcian-dabruzz-750ml-8007880211009--2130028/p
1,Dislicores,tinto,Vino Tinto Pata Negra Esamblaje Cabernet Sauvignon,Pata Negra,52500,52500,https://www.dislicores.com/vino-tinto-pata-negra-esamblaje-cabernet-sauvignon--ref115080/p
1,Dislicores,tinto,Vino Tinto Pata Negra Reserva Tempranillo,Pata Negra,59990,59990,https://www.dislicores.com/vino-tinto-pata-negra-reserva-tempranillo-ref115082/p
1,Dislicores,tinto,Vino Tinto Pata Negra Roble Tempranillo,Pata Negra,49990,49990,https://www.dislicores.com/vino-tinto-pata-negra-roble-tempranillo-ref115081/p
1,Jumbo,tinto,Vino Tinto Penasol Seleccion 750 ml,PENASOL,16990,16990,https://www.jumbocolombia.com/vino-tinto-penasol-seleccion-750-ml-14067/p
1,Vinos El Kiosco,tinto,Vino Tinto Perez Pascuas Gran Selección,,2235700,2235700,https://www.vinoselkiosco.com/tienda/perez-pascuas-gran-seleccion/
1,Vinos El Kiosco,tinto,Vino Tinto Pétalos Del Bierzo,,169300,169300,https://www.vinoselkiosco.com/tienda/petalos-del-bierzo/
1,Vinos El Kiosco,tinto,Vino Tinto Petit Clos Cabernet Franc,,379300,379300,https://www.vinoselkiosco.com/tienda/petit-clos-cabernet-franc/
1,Jumbo,tinto,Vino tinto Piccini Chianti reserva x750ml,PICCINI,95990,95990,https://www.jumbocolombia.com/vino-tinto-piccini-chianti-reserva-x-750-ml/p
1,Dislicores,tinto,Vino Tinto Piccini Memoro Varietal,Piccini,68500,68500,https://www.dislicores.com/vino-tinto-piccini-memoro-varietal-ref153121/p
1,Olímpica,tinto,Vino Tinto Piccini Rosso Toscana 750 Ml,Piccini,79000,79000,https://www.olimpica.com/vino-tint-piccini-rosso-toscan-750-cm/p
1,Vinos El Kiosco,tinto,Vino Tinto Pietra Serena Chianti Colli Senesi DOCG,,283300,283300,https://www.vinoselkiosco.com/tienda/pietra-serena-chianti-colli-senesi-docg/
1,Vinos El Kiosco,tinto,Vino Tinto Poggio Al Tesoro-Mediterra I.G.T. Toscana,,175900,175900,https://www.vinoselkiosco.com/tienda/poggio-al-tesoro-mediterra-i-g-t-toscana/
1,Vinos El Kiosco,tinto,Vino Tinto Poggio Badiola Toscana Igt,,111300,111300,https://www.vinoselkiosco.com/tienda/poggio-badiola-toscana-igt/
1,Jumbo,tinto,Vino Tinto Pont de Gassac Pays D Herault 750ml,PONT DE GASSAC,146990,146990,https://www.jumbocolombia.com/vino-tinto-pont-de-gassac-pays-d-herault-750ml-427032/p
1,Vinos El Kiosco,tinto,Vino Tinto Portia Crianza,,137500,137500,https://www.vinoselkiosco.com/tienda/portia-crianza/
1,Jumbo,tinto,Vino tinto Portia crianza ribera del duero x750ml,PORTIA,197990,197990,https://www.jumbocolombia.com/vino-tinto-portia-crianza-ribera-del-duero-x750-ml/p
1,Vinos El Kiosco,tinto,Vino Tinto Portia Prima,,201200,201200,https://www.vinoselkiosco.com/tienda/portia-prima/
1,Jumbo,tinto,Vino tinto Portia prima ribera del duero x750ml,PORTIA,319990,319990,https://www.jumbocolombia.com/vino-tinto-portia-prima-ribera-del-duero-x-750-ml/p
1,Jumbo,tinto,Vino tinto Portia roble ribera del duero x750ml,PORTIA,157990,157990,https://www.jumbocolombia.com/vino-tinto-portia-roble-ribera-del-duero-x-750-ml/p
1,Dislicores,tinto,Vino Tinto Prado Enea Gran Reserva,Muga,600990,600990,https://www.dislicores.com/vino-tinto-prado-enea-gran-reserva--ref265031/p
1,Vinos El Kiosco,tinto,Vino Tinto Prestige &#8211; Crozes-Hermitage Les Meysonniers,,209500,209500,https://www.vinoselkiosco.com/tienda/prestige-crozes-hermitage-les-meysonniers-tinto/
1,Dislicores,tinto,Vino Tinto Prima San Román,SAN ROMAN,137990,137990,https://www.dislicores.com/vino-tinto-prima-san-roman-ref216000/p
1,Vinos El Kiosco,tinto,Vino Tinto Primeras Viñas Malbec,,389300,389300,https://www.vinoselkiosco.com/tienda/primeras-vinas-malbec/
1,Vinos El Kiosco,tinto,Vino Tinto Private Reserve Malbec 750,,55000,55000,https://www.vinoselkiosco.com/tienda/vino-private-reserve-malbec-750/
1,Vinos El Kiosco,tinto,Vino Tinto Propiedad,,99900,99900,https://www.vinoselkiosco.com/tienda/propiedad/
1,Vinos El Kiosco,tinto,Vino Tinto Protocolo Tempranillo Ecologico,,51700,51700,https://www.vinoselkiosco.com/tienda/vino-tinto-protocolo-tempranillo-ecologico/
1,Jumbo,tinto,Vino Tinto Protocolo Tempranillo Organic 750 ml,PROTOCOLO,75990,75990,https://www.jumbocolombia.com/vino-tinto-protocolo-tempranillo-organic-750-ml-180819/p
1,Jumbo,tinto,Vino Tinto Protos Riberadelduero Ecologico 750ml,PROTOS,155990,155990,https://www.jumbocolombia.com/vino-tinto-protos-riberadelduero-ecologico-750ml-240369/p
1,Jumbo,tinto,Vino Tinto Protos Riberadelduero Reserva 750ml,PROTOS,348990,348990,https://www.jumbocolombia.com/vino-tinto-protos-riberadelduero-reserva-750ml-240373/p
1,Vinos El Kiosco,tinto,Vino Tinto Prunotto Dolcetto D&#8217;Alba Doc 750,,121100,121100,https://www.vinoselkiosco.com/tienda/vino-prunotto-dolcetto-dalba-doc-750/
1,Vinos El Kiosco,tinto,Vino Tinto Puertas Novas,,108900,108900,https://www.vinoselkiosco.com/tienda/puertas-novas/
1,Vinos El Kiosco,tinto,Vino Tinto Purgatori 750,,216000,216000,https://www.vinoselkiosco.com/tienda/vino-purgatori-750/
1,Dislicores,tinto,Vino Tinto Ramón Bilbao Crianza Tempranillo Media Botella,Ramón Bilbao,45990,45990,https://www.dislicores.com/vino-tinto-ramon-bilbao-crianza-tempranillo-media-botella-ref147011/p
1,Dislicores,tinto,Vino Tinto Ramón Bilbao Edición Limitada,Ramón Bilbao,113990,113990,https://www.dislicores.com/vino-tinto-ramon-bilbao-edicion-limitida-147022/p
1,Dislicores,tinto,Vino Tinto Ramón Bilbao Orgánico,Ramón Bilbao,83500,83500,https://www.dislicores.com/vino-tinto-ramon-bilbao-organic-ref147020/p
1,Dislicores,tinto,Vino Tinto Ramón Bilbao Reserva Tempranillo Graciano Mazuelo,Ramón Bilbao,143990,143990,https://www.dislicores.com/vino-tinto-ramon-bilbao-reserva-tempranillo-graciano-mazuelo-ref147001/p
1,Jumbo,tinto,Vino Tinto Ramon Bilbao Rioja Crianza 750ml,RAMON BILBAO,90390,90390,https://www.jumbocolombia.com/vino-tinto-ramon-bilbao-rioja-crianza-750ml-101257/p
1,Carulla,tinto,Vino Tinto Reserva Carmenére Casa Del Cerro Viña Marty,CASA DEL CERRO VIÑA MARTY,,,https://www.carulla.com/vino-tinto-reserva-carmenere-casa-del-cerro-vina-marty-100035338-mp/p
1,Vinos El Kiosco,tinto,Vino Tinto Ricasoli Brolio Chianti Classico DOCG,,193400,193400,https://www.vinoselkiosco.com/tienda/ricasoli-brolio-chianti-classico-docg/
1,Vinos El Kiosco,tinto,Vino Tinto Ricasoli Campo Ceni Toscana IGT,,134900,134900,https://www.vinoselkiosco.com/tienda/ricasoli-campo-ceni-toscana-igt/
1,Vinos El Kiosco,tinto,Vino Tinto Robert Mondavi Private Selection Merlot,,109100,109100,https://www.vinoselkiosco.com/tienda/robert-mondavi-private-selection-merlot/
1,Vinos El Kiosco,tinto,Vino Tinto Robert Mondavi Private Selection Zinfandel,,97300,97300,https://www.vinoselkiosco.com/tienda/robert-mondavi-private-selection-zinfandel/
1,Vinos El Kiosco,tinto,Vino Tinto Robert Mondavi Winery Merlot,,167100,167100,https://www.vinoselkiosco.com/tienda/robert-mondavi-winery-merlot/
1,Vinos El Kiosco,tinto,Vino Tinto Robert Mondavi Woodbridge Merlot,,68300,68300,https://www.vinoselkiosco.com/tienda/robert-mondavi-woodbridge-merlot/
1,Vinos El Kiosco,tinto,Vino Tinto Románico,,110300,110300,https://www.vinoselkiosco.com/tienda/romanico/
1,Jumbo,tinto,Vino Tinto Romanico Toro 750ml,ROMANICO,182990,182990,https://www.jumbocolombia.com/vino-tinto-romanico-toro-750ml-427030/p
1,Dislicores,tinto,Vino Tinto Rosaleda Merlot,Rosaleda,21500,21500,https://www.dislicores.com/vino-tinto-rosaleda-merlot-ref100331/p
1,Dislicores,tinto,Vino Tinto Rosso Di Montalcino Piccini  Sangiovese Grosso,Piccini,183990,183990,https://www.dislicores.com/vino-tinto-rosso-di-montalcino-piccini--sangiovese-grosso--ref153070/p
1,Dislicores,tinto,Vino Tinto Rosso Toscana Igt Piccini,Piccini,57500,57500,https://www.dislicores.com/vino-tinto-rosso-toscana-igt-piccini-ref153085/p
1,Dislicores,tinto,Vino Tinto Rosso Toscano Sasso Al Poggio,Piccini,164990,164990,https://www.dislicores.com/vino-tinto-rosso-toscano-sasso-al-poggio-ref153095/p
1,Jumbo,tinto,Vino Tinto Ruffino Chianti Riserva Ducale 750ml,RUFFINO,128693,128693,https://www.jumbocolombia.com/vino-tinto-ruffino-chianti-riserva-ducale-750ml-240389/p
1,Vinos El Kiosco,tinto,Vino Tinto Rutini &#8211; Felipe Rutini,,473100,473100,https://www.vinoselkiosco.com/tienda/rutini-felipe-rutini/
1,Vinos El Kiosco,tinto,Vino Tinto Rutini Antologia Xlii,,230000,230000,https://www.vinoselkiosco.com/tienda/rutini-antologia-xlii/
1,Vinos El Kiosco,tinto,Vino Tinto Rutini Encuentro Barrel Blend,,246900,246900,https://www.vinoselkiosco.com/tienda/rutini-encuentro-barrel-blend/
1,Vinos El Kiosco,tinto,Vino Tinto Rutini Encuentro Malbec,,123400,123400,https://www.vinoselkiosco.com/tienda/rutini-encuentro-malbec/
1,Vinos El Kiosco,tinto,Vino Tinto Rutini Gran Apartado,,230000,230000,https://www.vinoselkiosco.com/tienda/rutini-gran-apartado/
1,Vinos El Kiosco,tinto,Vino Tinto Rutini Malbec &#8211; Cabernet,,122100,122100,https://www.vinoselkiosco.com/tienda/rutini-malbec-cabernet/
1,Vinos El Kiosco,tinto,Vino Tinto Rutini Trumpeter Merlot,,71400,71400,https://www.vinoselkiosco.com/tienda/rutini-trumpeter-merlot/
1,Vinos El Kiosco,tinto,Vino Tinto Salentein Primus Malbec,,474200,474200,https://www.vinoselkiosco.com/tienda/salentein-primus-malbec/
1,Dislicores,tinto,Vino Tinto San Román,SAN ROMAN,381990,381990,https://www.dislicores.com/vino-tinto-san-roman-ref216001/p
1,Jumbo,tinto,Vino Tinto Sangre de Toro Tempranillo Rioja 750ml,TORRES,118990,118990,https://www.jumbocolombia.com/vino-tinto-sangre-de-toro-tempranillo-rioja-750ml-219092/p
1,Olímpica,tinto,Vino Tinto Santa Alba Cabernet Sauvignon Merlot 750 Ml,SANTA ALBA,25550,25550,https://www.olimpica.com/vino-tint-santa-alba-cab-sauv-merl-750ml/p
1,Olímpica,tinto,Vino Tinto Santa Alba Carmenere Reserve 750 Ml,SANTA ALBA,34100,34100,https://www.olimpica.com/vino-tint-santa-alba-carmener-rsrv-750ml/p
1,Olímpica,tinto,Vino Tinto Santa Alba Carmenere Variet 750 Ml,SANTA ALBA,25550,25550,https://www.olimpica.com/vino-tint-santa-alba-carmener-vari-750ml/p
1,Jumbo,tinto,Vino Tinto Santa Carolina Cab.Mer. Rvado. 750 ml,SANTA CAROLINA,57990,57990,https://www.jumbocolombia.com/vino-tinto-santa-carolina-cab-mer--rvado--750-ml-184127/p
1,Dislicores,tinto,Vino tinto Santa Carolina Gran Reserva Cabernet Sauvingon,Santa Carolina,113500,113500,https://www.dislicores.com/vino-tinto-santa-carolina-gran-reserva-cabernet-sauvingon-ref102057/p
1,Jumbo,tinto,Vino Tinto Santa Carolina Reserv. Carmenere750ml,SANTA CAROLINA,57990,57990,https://www.jumbocolombia.com/vino-tinto-santa-carolina-reserv--carmenere750ml-59904/p
1,Jumbo,tinto,Vino Tinto Santa Carolina Reserv.Caber.Sauv.750ml,SANTA CAROLINA,57990,57990,https://www.jumbocolombia.com/vino-tinto-santa-carolina-reserv-caber-sauv-750ml-83916/p
1,Jumbo,tinto,Vino Tinto Santa Carolina Reserva Cabe.Sauv.750ml,SANTA CAROLINA,86990,86990,https://www.jumbocolombia.com/vino-tinto-santa-carolina-reserva-cabe-sauv-750ml-59900/p
1,Dislicores,tinto,Vino Tinto Santa Carolina Reserva De La Familia Carmenere,Santa Carolina,155990,155990,https://www.dislicores.com/vino-tinto-santa-carolina-reserva-de-la-familia-carmenere-ref102069/p
1,Jumbo,tinto,Vino tinto Santa Carolina reserva especial carmenere x 750ml,SANTA CAROLINA,82990,82990,https://www.jumbocolombia.com/vino-tinto-reserva-especial-carmenere-x-750-ml/p
1,Olímpica,tinto,Vino Tinto Santa Carolina Reserve Cabernet Merlot 750 Ml,Santa Carolina,57300,57300,https://www.olimpica.com/vino-santa-carolina-res-cab-merl-750ml/p
1,Vinos El Kiosco,tinto,Vino Tinto Santa Cristina Chianti Superiore 750,,102500,102500,https://www.vinoselkiosco.com/tienda/vino-santa-cristina-chianti-superiore-750/
1,Vinos El Kiosco,tinto,Vino Tinto Santa Cristina Rosso Igt Toscana 750,,125600,125600,https://www.vinoselkiosco.com/tienda/vino-santa-cristina-rosso-igt-toscana-750/
1,Jumbo,tinto,Vino tinto Santa Helena cabernet pague 2 lleve 3 x750ml,SANTA HELENA,69990,69990,https://www.jumbocolombia.com/vino-tinto-santa-helena-cabernet-x-750-ml-pague-2-lleve-3/p
1,Jumbo,tinto,Vino Tinto Santa Helena Cabernet Sauvig. 750ml,SANTA HELENA,52990,52990,https://www.jumbocolombia.com/vino-tinto-santa-helena-cabernet-sauvig--750ml-35443/p
1,Jumbo,tinto,Vino Tinto Santa Helena Merlot 2Botella 750ml + Set Café,SANTA HELENA,,,https://www.jumbocolombia.com/vino-tinto-santa-helena-merlot-2botella-750ml-372269/p
1,Jumbo,tinto,Vino tinto Santa Helena Siglo Oro merlot x750ml,SANTA HELENA,75990,75990,https://www.jumbocolombia.com/vino-tinto-santa-helena-siglo-oro-x750cc/p
1,Dislicores,tinto,Vino Tinto Santa Helena Varietal Cabernet Sauvignon Media Botella,Santa Helena,25990,25990,https://www.dislicores.com/vino-tinto-santa-helena-varietal-cabernet-sauvignon-media-botella-ref100393/p
1,Dislicores,tinto,Vino Tinto Santa Helena Varietal Cabernet Sauvignon Piba,Santa Helena,13990,13990,https://www.dislicores.com/vino-tinto-santa-helena-varietal-cabernet-sauvignon-piba-ref100407/p
1,Jumbo,tinto,Vino tinto Santa Helena Varietal x375ml,SANTA HELENA,27990,27990,https://www.jumbocolombia.com/vino-santa-helena-tinto-varietal-x375cc/p
1,Jumbo,tinto,Vino Tinto Santa Irene Cab. Sauv. Gran Rva. 750ml,SANTA IRENE,106990,106990,https://www.jumbocolombia.com/vino-tinto-santa-irene-cab--sauv--gran-rva--750ml-402663/p
1,Jumbo,tinto,Vino Tinto Santa Irene Cabernet Sauvignon 750ml,SANTA IRENE,52990,52990,https://www.jumbocolombia.com/vino-tinto-santa-irene-cabernet-sauvignon-750ml-402649/p
1,Vinos El Kiosco,tinto,Vino Tinto Santa Margherita Chianti Classico D.O.C.G.,,150700,150700,https://www.vinoselkiosco.com/tienda/vino-tinto-santa-margherita-chianti-classico-d-o-c-g/
1,Jumbo,tinto,Vino Tinto Santa Rita 120 Cabe.Sauv.4Und187mlc-U,SANTA RITA,83990,83990,https://www.jumbocolombia.com/vino-tinto-santa-rita-120-cabe-sauv-4und187mlc-u-5863/p
1,Jumbo,tinto,Vino Tinto Santa Rita 120 Cabernet Sauvign.750ml,SANTA RITA,77990,77990,https://www.jumbocolombia.com/vino-tinto-santa-rita-120-cabernet-sauvign-750ml-5859/p
1,Jumbo,tinto,Vino Tinto Santa Rita 120 Carmenere Rva.Esp.750ml,SANTA RITA,77990,77990,https://www.jumbocolombia.com/vino-tinto-santa-rita-120-carmenere-rva-esp-750ml-5868/p
1,Jumbo,tinto,Vino Tinto Santa Rita 120 Red Blend Rva.Esp.750ml,SANTA RITA,77990,77990,https://www.jumbocolombia.com/vino-tinto-santa-rita-120-red-blend-rva-esp-750ml-363931/p
1,Jumbo,tinto,Vino Tinto Santa Rita Cabernet Sauvignon Floresta 750ml,SANTA RITA,203990,203990,https://www.jumbocolombia.com/vino-tinto-santa-rita-cabernet-sauvignon-floresta-750ml-401026/p
1,Olímpica,tinto,Vino Tinto Santa Rita Carmenere Secret Reserve 750 Ml,Santa Rita,78575,78575,https://www.olimpica.com/vino-santa-rita-secret-reserva-carmeno-retornable750ml-7804330006670-2160180/p
1,Jumbo,tinto,Vino tinto Santa Rita medalla real gold con sauvignon x750ml,SANTA RITA,121990,121990,https://www.jumbocolombia.com/vinotinto-santa-rita-mdlla-real-gold-c-sauv-x750ml/p
1,Jumbo,tinto,Vino Tinto Santa Rita mlla.Real Rva.Cab.Sau.750ml,SANTA RITA,109990,109990,https://www.jumbocolombia.com/vino-tinto-santa-rita-mlla-real-rva-cab-sau-750ml-260370/p
1,Jumbo,tinto,Vino Tinto Santa Rita mlla.Real Rva.Carmene.750ml,SANTA RITA,109990,109990,https://www.jumbocolombia.com/vino-tinto-santa-rita-mlla-real-rva-carmene-750ml-260371/p
1,Jumbo,tinto,Vino Tinto Santa Rita mlla.Real Rva.Merlot 750ml,SANTA RITA,109990,109990,https://www.jumbocolombia.com/vino-tinto-santa-rita-mlla-real-rva-merlot-750ml-260367/p
1,Olímpica,tinto,Vino Tinto Santa Rita Red Blend Secret Reserve 750 Ml,Santa Rita,77300,77300,https://www.olimpica.com/vino-santa-rita-secret-reserva-red-blen-750ml-7804330005635-2160181/p
1,Jumbo,tinto,Vino tinto Santa Rita reservado cabernet sauvignon x375ml,SANTA RITA,42990,42990,https://www.jumbocolombia.com/vino-tinto-santa-rita-120-cabernet-sauvignon-x-375-ml/p
1,Jumbo,tinto,Vino tinto Santa Rita triple c blend botella x 750 ml,SANTA RITA,290990,290990,https://www.jumbocolombia.com/vino-tinto-santa-rita-triple-blend-x-750-ml/p
1,Vinos El Kiosco,tinto,Vino Tinto Santa Rosa Estate Merlot,,57100,57100,https://www.vinoselkiosco.com/tienda/santa-rosa-estate-merlot/
1,Vinos El Kiosco,tinto,Vino Tinto Santa Rosa Malbec,,58400,58400,https://www.vinoselkiosco.com/tienda/santa-rosa-malbec/
1,Olímpica,tinto,Vino Tinto Santiago 1541 Carmenere Rubi 750 Ml,Santiago 1541,38580,38580,https://www.olimpica.com/vino-santiago-1541-carmenere-rubi-750ml/p
1,Dislicores,tinto,Vino Tinto Segú Ollé Tetra Pack Variedad Uvas,Segú Ollé,28990,28990,https://www.dislicores.com/vino-tinto-segu-olle-tetra-pack-variedad-uvas-ref103050/p
1,Vinos El Kiosco,tinto,Vino Tinto Senatore Primo Piemonte DOC,,135100,135100,https://www.vinoselkiosco.com/tienda/senatore-primo-piemonte-doc/
1,Jumbo,tinto,Vino Tinto Septima Blend Gran Reserva 750ml,SEPTIMA,205990,205990,https://www.jumbocolombia.com/vino-tinto-septima-blend-gran-reserva-750ml-8386/p
1,Jumbo,tinto,Vino Tinto Septima Malbec G.Rsva Lote Espec.750ml,SEPTIMA,212990,212990,https://www.jumbocolombia.com/vino-tinto-septima-malbec-g-rsva-lote-espec-750ml-365061/p
1,Jumbo,tinto,Vino Tinto Sibaris Caber.Sauv. Gran Reserva 750ml,SIBARIS,104643,104643,https://www.jumbocolombia.com/vino-tinto-sibaris-caber-sauv--gran-reserva-750ml-8437/p
1,Vinos El Kiosco,tinto,Vino Tinto Sierra Cantabria Coleccion Privada X 750,,239100,239100,https://www.vinoselkiosco.com/tienda/sierra-cantabria-coleccion-privada-x-750/
1,Vinos El Kiosco,tinto,Vino Tinto Sierra Cantabria Crianza X750,,93500,93500,https://www.vinoselkiosco.com/tienda/sierra-cantabria-crianza-x750/
1,Vinos El Kiosco,tinto,Vino Tinto Sierra Cantabria Garnacha X750,,115600,115600,https://www.vinoselkiosco.com/tienda/sierra-cantabria-garnacha-x750/
1,Vinos El Kiosco,tinto,Vino Tinto Sierra Cantabria Reserva X 750,,142900,142900,https://www.vinoselkiosco.com/tienda/sierra-cantabria-reserva-x-750/
1,Vinos El Kiosco,tinto,Vino Tinto Signos De Origen Carmenere 750,,113700,113700,https://www.vinoselkiosco.com/tienda/vino-signos-de-origen-carmenere-750/
1,Vinos El Kiosco,tinto,Vino Tinto Sincaru Canonnau di Sardegna DOC,,309300,309300,https://www.vinoselkiosco.com/tienda/sincaru-canonnau-di-sardegna-doc/
1,Vinos El Kiosco,tinto,Vino Tinto Sincaru Riserva Cannonau di Sardegna DOC,,132500,132500,https://www.vinoselkiosco.com/tienda/sincaru-riserva-cannonau-di-sardegna-doc/
1,Vinos El Kiosco,tinto,Vino Tinto Single Vineyard Petit Verdot,,225200,225200,https://www.vinoselkiosco.com/tienda/single-vineyard-petit-verdot/
1,Vinos El Kiosco,tinto,Vino Tinto Single Vineyard Tannat,,225500,225500,https://www.vinoselkiosco.com/tienda/single-vineyard-tannat/
1,Vinos El Kiosco,tinto,Vino Tinto Surrau Cannonau di Sardegna DOC,,124700,124700,https://www.vinoselkiosco.com/tienda/surrau-cannonau-di-sardegna-doc/
1,Carulla,tinto,Vino tinto SUTTER HOME cabernet sauvignon Cabenet S (750  ml),SUTTER HOME,,,https://www.carulla.com/vtinto-cabernet-sauvignon-739458/p
1,Jumbo,tinto,Vino Tinto Tarapaca Cabernet Sauvignon Rva.750ml,TARAPACA,86990,86990,https://www.jumbocolombia.com/vino-tinto-tarapaca-cabernet-sauvignon-rva-750ml-62251/p
1,Dislicores,tinto,Vino Tinto Tarapacá Etiqueta Negra Cabernet Sauvignon,Tarapacá,234500,234500,https://www.dislicores.com/vino-tinto-tarapaca-etiqueta-negra-cabernet-sauvignon-ref176011/p
1,Dislicores,tinto,Vino Tinto Tarapaca Varietal Merlot,Tarapacá,58990,58990,https://www.dislicores.com/vino-tinto-tarapaca-varietal-merlot-ref176008/p
1,Vinos El Kiosco,tinto,Vino Tinto Taurasi Pago dei Fusi DOCG,,89600,89600,https://www.vinoselkiosco.com/tienda/taurasi-pago-dei-fusi-docg/
1,Vinos El Kiosco,tinto,Vino Tinto Tectonia Red Blend,,147200,147200,https://www.vinoselkiosco.com/tienda/tectonia-red-blend/
1,Dislicores,tinto,Vino Tinto Tempranillo Mauro VS Reserva,MAURO,740500,740500,https://www.dislicores.com/vino-tinto-tempranillo-mauro-vs-reserva-ref203002/p
1,Jumbo,tinto,Vino tinto Terra Mazzei blend x750ml,TERRA MAZZEI,111990,111990,https://www.jumbocolombia.com/vino-tinto-terra-mazzei-blend-x-750-ml/p
1,Vinos El Kiosco,tinto,Vino Tinto Terra Mazzei Nero D´Avola,,89400,89400,https://www.vinoselkiosco.com/tienda/terra-mazzei-nero-davola/
1,Jumbo,tinto,Vino tinto terraza reserva malbec x 750ml,TERRAZAS,148990,148990,https://www.jumbocolombia.com/vino-tinto-terraza-reserva-malbec-x-750ml/p
1,Vinos El Kiosco,tinto,Vino Tinto Terrazas Afincado Malbec 750,,292700,292700,https://www.vinoselkiosco.com/tienda/vino-terrazas-afincado-malbec-750/
1,Vinos El Kiosco,tinto,Vino Tinto Terrazas Reserva Syrah 750,,99900,99900,https://www.vinoselkiosco.com/tienda/vino-terrazas-reserva-syrah-750/
1,Vinos El Kiosco,tinto,Vino Tinto TH &#8211; Terroir Hunter &#8211; Undurraga Cabernet Sauvignon (Alto Maipo),,235000,235000,https://www.vinoselkiosco.com/tienda/th-terroir-hunter-undurraga-cabernet-sauvignon-alto-maipo/
1,Dislicores,tinto,Vino Tinto Tomas Postigo 3 Años,Tomas Postigo,339990,339990,https://www.dislicores.com/vino-tinto-tomas-postigo-3-anos-ref215004/p
1,Vinos El Kiosco,tinto,Vino Tinto Torre Albeniz,,301300,301300,https://www.vinoselkiosco.com/tienda/torre-albeniz/
1,Dislicores,tinto,Vino Tinto Torre Muga,Muga,818990,818990,https://www.dislicores.com/vino-tinto-torre-muga-ref265061/p
1,Olímpica,tinto,Vino Tinto Torrelongares Garnacha 750 Ml,Torre Longares,38350,38350,https://www.olimpica.com/vino-torre-longares-tinto-garnacha-750ml-8424659010067-933478/p
1,Vinos El Kiosco,tinto,Vino Tinto Torremilanos Crianza,,170000,170000,https://www.vinoselkiosco.com/tienda/torremilanos-crianza/
1,Vinos El Kiosco,tinto,Vino Tinto Torres Altos Ibéricos Crianza 750,,100000,100000,https://www.vinoselkiosco.com/tienda/vino-torres-ibericos-crianza-750/
1,Vinos El Kiosco,tinto,Vino Tinto Torres Celeste Crianza 750,,175800,175800,https://www.vinoselkiosco.com/tienda/vino-torres-celeste-crianza-750/
1,Vinos El Kiosco,tinto,Vino Tinto Torres Chile Cordillera Cabernet Sauvignon 750,,73600,73600,https://www.vinoselkiosco.com/tienda/vino-torres-chile-cordillera-cabernet-sauvignon-750/
1,Vinos El Kiosco,tinto,Vino Tinto Torres Chile Cordillera Carignan 750,,99900,99900,https://www.vinoselkiosco.com/tienda/vino-torres-chile-cordillera-carignan-750/
1,Vinos El Kiosco,tinto,Vino Tinto Torres Chile Hemisferio Carmenere 750,,44200,44200,https://www.vinoselkiosco.com/tienda/vino-torres-chile-hemisferio-carmenere-750/
1,Vinos El Kiosco,tinto,Vino Tinto Torres Chile Manso De Velasco Cabernet Sauvignon 750,,199600,199600,https://www.vinoselkiosco.com/tienda/vino-torres-chile-manso-de-velasco-cabernet-sauvignon-750/
1,Vinos El Kiosco,tinto,Vino Tinto Torres Mas La Plana 750,,430700,430700,https://www.vinoselkiosco.com/tienda/vino-torres-mas-la-plana-750/
1,Vinos El Kiosco,tinto,Vino Tinto Torres Sangre De Toro Torito Negro 750,,71900,71900,https://www.vinoselkiosco.com/tienda/vino-torres-sangre-de-toro-torito-negro-750/
1,Vinos El Kiosco,tinto,Vino Tinto Tradition &#8211; Cotes Du Rhone Belleruche,,120000,120000,https://www.vinoselkiosco.com/tienda/tradition-cotes-du-rhone-belleruche-tinto/
1,Dislicores,tinto,Vino Tinto Trapiche Fino Malbec,Trapiche,55990,55990,https://www.dislicores.com/vino-tinto-trapiche-fino-malbec--ref120120/p
1,Dislicores,tinto,Vino Tinto Trapiche Fino Malbec Piba,Trapiche,16990,16990,https://www.dislicores.com/vino-tinto-trapiche-fino-malbec-piba-ref120122/p
1,Dislicores,tinto,Vino Tinto Trapiche Iscay  Malbec Cabernet Franc,Trapiche,383000,383000,https://www.dislicores.com/vino-tinto-trapiche-iscay--malbec-cabernet-franc-ref120200/p
1,Dislicores,tinto,Vino Tinto Trapiche Iscay Syrah Viognier,Trapiche,383000,383000,https://www.dislicores.com/vino-tinto-trapiche-iscay-syrah-viognier-ref120205/p
1,Olímpica,tinto,Vino Tinto Trapiche Merlot 750 Ml + Gratis Sacacorcho,Trapiche,,,https://www.olimpica.com/vino-trapiche-merlot-750ml-gt-saca-corch/p
1,Dislicores,tinto,Vino Tinto Trapiche Reserva Cabernet Sauvingon,Trapiche,78500,78500,https://www.dislicores.com/vino-tinto-trapiche-reserva-cabernet-sauvingon-ref120141/p
1,Olímpica,tinto,Vino Tinto Trapiche Vineyards Malbec 187 Ml,Trapiche,21900,21900,https://www.olimpica.com/vino-trapiche-fino-malbec-varietal-187ml/p
1,Vinos El Kiosco,tinto,Vino Tinto Trivento Reserve Malbec 750,,71800,71800,https://www.vinoselkiosco.com/tienda/vino-reserve-malbec-750-x-12/
1,Jumbo,tinto,Vino Tinto Trivento Reserve Malbec Bot.750ml,TRIVENTO,91190,91190,https://www.jumbocolombia.com/vino-tinto-trivento-reserve-malbec-bot-750ml-8288/p
1,Vinos El Kiosco,tinto,Vino Tinto U By Undurraga Carmenere,,82900,82900,https://www.vinoselkiosco.com/tienda/u-by-undurraga-carmenere/
1,Vinos El Kiosco,tinto,Vino Tinto Ultra Premium Ge 750,,388100,388100,https://www.vinoselkiosco.com/tienda/vino-tinto-ultra-premium-ge-750/
1,Jumbo,tinto,Vino Tinto Undurraga Cabernet Sauvignon750ml,UNDURRAGA,66943,66943,https://www.jumbocolombia.com/vino-tinto-undurraga-cabernet-sauvignon750ml-8439/p
1,Olímpica,tinto,Vino Tinto Undurraga Estoril 750 Ml,Estoril,23700,23700,https://www.olimpica.com/vino-undurraga-estoril-750-ml/p
1,Jumbo,tinto,Vino Tinto Undurraga Pinot Cabernet Sauvig. 750ml,UNDURRAGA,72143,72143,https://www.jumbocolombia.com/vino-tinto-undurraga-pinot-cabernet-sauvig--750ml-8450/p
1,Jumbo,tinto,Vino Tinto Undurraga Reserva Cab. Sauv. 750 ml,UNDURRAGA,79943,79943,https://www.jumbocolombia.com/vino-tinto-undurraga-reserva-cab--sauv--750-ml-226715/p
1,Olímpica,tinto,Vino Tinto Valdivieso Barrel Merlot 750 Ml,Valdivieso,68950,68950,https://www.olimpica.com/vino-valdivies-barrel-merlot-750-ml-7802180097275-1063759/p
1,Vinos El Kiosco,tinto,Vino Tinto Valpiculata,,231100,231100,https://www.vinoselkiosco.com/tienda/valpiculata/
1,Vinos El Kiosco,tinto,Vino Tinto Valpolicella Classico,,154700,154700,https://www.vinoselkiosco.com/tienda/valpolicella/
1,Vinos El Kiosco,tinto,Vino Tinto Valpolicella Superiore San Pietro DOC,,308000,308000,https://www.vinoselkiosco.com/tienda/valpolicella-superiore-san-pietro-doc/
1,Vinos El Kiosco,tinto,Vino Tinto Vega Lara,,146600,146600,https://www.vinoselkiosco.com/tienda/vega-lara/
1,Vinos El Kiosco,tinto,Vino Tinto Vega Sicilia Alion &#8211; Ribera del Duero 750,,618200,618200,https://www.vinoselkiosco.com/tienda/vino-vega-sicilia-alion-750/
1,Vinos El Kiosco,tinto,Vino Tinto Vega Sicilia Macán 750,,495100,495100,https://www.vinoselkiosco.com/tienda/vino-vega-sicilia-macan-750/
1,Vinos El Kiosco,tinto,Vino Tinto Vega Sicilia Macán Clásico 750,,304400,304400,https://www.vinoselkiosco.com/tienda/vino-vega-sicilia-macan-clasico-750/
1,Vinos El Kiosco,tinto,Vino Tinto Vega Sicilia Pintia &#8211; Toro 750,,423500,423500,https://www.vinoselkiosco.com/tienda/vino-vega-sicilia-pintia-750/
1,Vinos El Kiosco,tinto,Vino Tinto Vega Sicilia Unico Reserva Especial 750,,3245500,3245500,https://www.vinoselkiosco.com/tienda/vino-vega-sicilia-unico-reserva-especial-750/
1,Vinos El Kiosco,tinto,Vino Tinto Vega Sicilia Valbuena N5 750,,866200,866200,https://www.vinoselkiosco.com/tienda/vino-vega-sicilia-valbuena-n5-750/
1,Dislicores,tinto,Vino Tinto Vik,Vik,1170500,1170500,https://www.dislicores.com/vino-tinto-vik-ref269001/p
1,Dislicores,tinto,Vino Tinto Vik A Carmenere,Vik,190500,190500,https://www.dislicores.com/vino-tinto-vik-a-camenere-ref269004/p
1,Vinos El Kiosco,tinto,Vino Tinto Villa Corullon,,99900,99900,https://www.vinoselkiosco.com/tienda/villa-corullon/
1,Vinos El Kiosco,tinto,Vino Tinto Villadoria Barbaresco DOCG,,148100,148100,https://www.vinoselkiosco.com/tienda/villadoria-barbaresco-docg/
1,Vinos El Kiosco,tinto,Vino Tinto Villadoria Barbera Piemonte DOC,,293700,293700,https://www.vinoselkiosco.com/tienda/villadoria-barbera-piemonte-doc/
1,Vinos El Kiosco,tinto,Vino Tinto Villadoria Barolo DOCG &#8211; 750ml,,283300,283300,https://www.vinoselkiosco.com/tienda/villadoria-barolo-docg-750ml/
1,Vinos El Kiosco,tinto,Vino Tinto Villadoria Dolcetto Langhe DOC,,92200,92200,https://www.vinoselkiosco.com/tienda/villadoria-dolcetto-langhe-doc/
1,Vinos El Kiosco,tinto,Vino Tinto Viña Collada By Marqués De Riscal (Tinto)750 mL,,68600,68600,https://www.vinoselkiosco.com/tienda/vino-tinto-vina-collada-by-marques-de-riscal-tinto750-ml/
1,Olímpica,tinto,Vino Tinto Viña Collada Marqués de Riscal Rioja 750 Ml,Viña Collada,29200,29200,https://www.olimpica.com/vino-vina-collada-rioja-2014-750-ml-8410869451202-2034332/p
1,Jumbo,tinto,Vino Tinto Vina Maipo Caber.Sauvig. Classic 750ml,VINA MAIPO,51390,51390,https://www.jumbocolombia.com/vino-tinto-vina-maipo-caber-sauvig--classic-750ml-8379/p
1,Jumbo,tinto,Vino Tinto Vina Maipo Carmenere Classic 750ml,VINA MAIPO,51290,51290,https://www.jumbocolombia.com/vino-tinto-vina-maipo-carmenere-classic-750ml-8478/p
1,Vinos El Kiosco,tinto,Vino Tinto Viña Sastre Crianza,,99900,99900,https://www.vinoselkiosco.com/tienda/vino-tinto-vina-sastre-crianza/
1,Vinos El Kiosco,tinto,Vino Tinto Viña Sastre Pago De Santa Cruz,,99900,99900,https://www.vinoselkiosco.com/tienda/vina-sastre-pago-de-santa-cruz/
1,Vinos El Kiosco,tinto,Vino Tinto Viña Sastre Pesus,,3697800,3697800,https://www.vinoselkiosco.com/tienda/vina-sastre-pesus/
1,Vinos El Kiosco,tinto,Vino Tinto Viña Sastre Regina Vides,,766900,766900,https://www.vinoselkiosco.com/tienda/vina-sastre-regina-vides/
1,Vinos El Kiosco,tinto,Vino Tinto Viña Sastre Roble,,118900,118900,https://www.vinoselkiosco.com/tienda/vino-tinto-vina-sastre-roble/
1,Jumbo,tinto,Vino tinto vincorte chileno x1000ml,VINCORTE,27490,27490,https://www.jumbocolombia.com/vino-tinto-vincorte-chileno-x1000ml/p
1,Vinos El Kiosco,tinto,Vino Tinto Vinho do Porto Fine Ruby Vista Alegre,,125800,125800,https://www.vinoselkiosco.com/tienda/vinho-do-porto-fine-ruby-vista-alegre/
1,Vinos El Kiosco,tinto,Vino Tinto Vinho do Porto Fine Tawny Vista Alegre,,125800,125800,https://www.vinoselkiosco.com/tienda/vinho-do-porto-fine-tawny-vista-alegre/
1,Vinos El Kiosco,tinto,Vino Tinto Vistamar Gran Reserva Cabernet S. / Syrah,,186900,186900,https://www.vinoselkiosco.com/tienda/vistamar-gran-reserva-cabernet-s-syrah/
1,Vinos El Kiosco,tinto,Vino Tinto Vistarenni Chianti D.O.C.G.,,94400,94400,https://www.vinoselkiosco.com/tienda/vino-tinto-vistarenni-chianti-d-o-c-g/
1,Vinos El Kiosco,tinto,Vino Tinto Volcanes Parinacota,,165500,165500,https://www.vinoselkiosco.com/tienda/volcanes-parinacota/
1,Jumbo,tinto,Vino tinto volcanes reserva merlot x 750 ml,VOLCANES,128990,128990,https://www.jumbocolombia.com/vino-tinto-volcanes-reserva-merlot-x-750-ml/p
1,Jumbo,tinto,Vino Tinto Woodbridge Merlot R.Mondavi 750ml,ROBERT MONDAVI,97990,97990,https://www.jumbocolombia.com/vino-tinto-woodbridge-merlot-r-mondavi-750ml-40923/p
1,Vinos El Kiosco,tinto,Vino Tinto Yacochuya,,435200,435200,https://www.vinoselkiosco.com/tienda/yacochuya/
1,Olímpica,tinto,Vino Tinto Zardoz Cabernet Sauvignon 750 Ml,Zardoz,192600,192600,https://www.olimpica.com/vino-zardoz-cabernet-sauvignon-750-ml-7809623801475-729664/p
1,Jumbo,tinto,Vino Tinto Zuccardi Jose Malbec 750 ml,ZUCCARDI,351990,351990,https://www.jumbocolombia.com/vino-tinto-zuccardi-jose-malbec-750-ml-271903/p
1,Vinos El Kiosco,tinto,Vino Tinto Zuccardi Q Cabernet Sauvignon,,161100,161100,https://www.vinoselkiosco.com/tienda/zuccardi-q-cabernet-sauvignon/
1,Jumbo,tinto,Vino Trapiche cabernet roble x 750ml,TRAPICHE,93990,93990,https://www.jumbocolombia.com/vino-trapicie-cabernet-roble-x-750-cm3/p
1,Jumbo,tinto,Vino Trivento Private Reserve Malbec Bot750ml,TRIVENTO,131990,131990,https://www.jumbocolombia.com/vino-trivento-private-reserve-malbec-bot750ml-62259/p
1,Olímpica,tinto,Vino Undurraga Lazo Cabernet Savignon 750 Ml,Undurraga,35600,35600,https://www.olimpica.com/vino-undurraga-lazo-cabe-s-750-ml/p
1,Olímpica,tinto,Vino Undurraga Lazo Merlot 750 Ml,Undurraga,35600,35600,https://www.olimpica.com/vino-undurraga-lazo-merl-750-ml/p
1,Jumbo,tinto,Vino Viña Maipo Vitral reserva carmenere x750ml,VINA MAIPO,37990,37990,https://www.jumbocolombia.com/vino-maipo-reserva-carmenere-x-750-ml/p
1,Vinos El Kiosco,tinto,Vino Viña Pomal Crianza (Tinto)750 mL,,92000,92000,https://www.vinoselkiosco.com/tienda/vino-vina-pomal-crianza-tinto750-ml/
1,Jumbo,tinto,Vino Yellow tail tinto cabernet sauvignon x 750ml,YELLOW,61990,61990,https://www.jumbocolombia.com/vino-yellow-tail-tinto-cabernet-sauvignon-x-750ml/p
1,Olímpica,tinto,VINO ZUCCARDI STA ROSA MALBEC 750 ML,Zucardi,69900,69900,https://www.olimpica.com/vino-zuccardi-sta-rosa-malbec-750-ml/p
1,Jumbo,tinto,Vinotinto Beronia Rioja Ecologico Temprillo 750ml,BERONIA CRIANZA,123990,123990,https://www.jumbocolombia.com/vinotinto-beronia-rioja-ecologico-temprillo-750ml-168227/p
1,Jumbo,tinto,Vinotinto Casillero del Diablo dev.Car.Sweet750ml,CASILLERO DEL DIABLO,79990,79990,https://www.jumbocolombia.com/vinotinto-casillero-del-diablo-dev-car-sweet750ml-326500/p
1,Jumbo,tinto,Vinotinto Triventoreservecabernet-Malbecbot.750ml,TRIVENTO,89990,89990,https://www.jumbocolombia.com/vinotinto-triventoreservecabernet-malbecbot-750ml-8290/p
